"fishNum","dateSample","dateTimeSample","dateProcessed","species","spCode","totalLength","forkLength","weight","girth","dorsoLatHeight","clipTag","sex","mat","airbladderTotalLength","airBladderWidth","airbladderWeight","airBladderWeightCond","agingStructure","tissueSample","Region_name","FishTrack","Ping_time","deltaRange","deltaMinAng","deltaMajAng","aspectAngle","Target_range","Angle_minor_axis","Angle_major_axis","Distance_minor_axis","Distance_major_axis","StandDev_Angles_Minor_Axis","StandDev_Angles_Major_Axis","Target_true_depth","pingNumber","Ping_S","Ping_E","Num_targets","TS_mean","Target_range_mean","Speed_4D_mean_unsmoothed","Fish_track_change_in_range","Time_in_beam","Distance_3D_unsmoothed","Thickness_mean","Exclude_below_line_range_mean","Target_depth_mean","Target_depth_max","Target_depth_min","Fish_track_change_in_depth","Region_bottom_altitude_min","Region_bottom_altitude_max","Region_bottom_altitude_mean","Region_top_altitude_min","Region_top_altitude_max","Region_top_altitude_mean","F45","F45.5","F46","F46.5","F47","F47.5","F48","F48.5","F49","F49.5","F50","F50.5","F51","F51.5","F52","F52.5","F53","F53.5","F54","F54.5","F55","F55.5","F56","F56.5","F57","F57.5","F58","F58.5","F59","F59.5","F60","F60.5","F61","F61.5","F62","F62.5","F63","F63.5","F64","F64.5","F65","F65.5","F66","F66.5","F67","F67.5","F68","F68.5","F69","F69.5","F70","F70.5","F71","F71.5","F72","F72.5","F73","F73.5","F74","F74.5","F75","F75.5","F76","F76.5","F77","F77.5","F78","F78.5","F79","F79.5","F80","F80.5","F81","F81.5","F82","F82.5","F83","F83.5","F84","F84.5","F85","F85.5","F86","F86.5","F87","F87.5","F88","F88.5","F89","F89.5","F90","F90.5","F91","F91.5","F92","F92.5","F93","F93.5","F94","F94.5","F95","F95.5","F96","F96.5","F97","F97.5","F98","F98.5","F99","F99.5","F100","F100.5","F101","F101.5","F102","F102.5","F103","F103.5","F104","F104.5","F105","F105.5","F106","F106.5","F107","F107.5","F108","F108.5","F109","F109.5","F110","F110.5","F111","F111.5","F112","F112.5","F113","F113.5","F114","F114.5","F115","F115.5","F116","F116.5","F117","F117.5","F118","F118.5","F119","F119.5","F120","F120.5","F121","F121.5","F122","F122.5","F123","F123.5","F124","F124.5","F125","F125.5","F126","F126.5","F127","F127.5","F128","F128.5","F129","F129.5","F130","F130.5","F131","F131.5","F132","F132.5","F133","F133.5","F134","F134.5","F135","F135.5","F136","F136.5","F137","F137.5","F138","F138.5","F139","F139.5","F140","F140.5","F141","F141.5","F142","F142.5","F143","F143.5","F144","F144.5","F145","F145.5","F146","F146.5","F147","F147.5","F148","F148.5","F149","F149.5","F150","F150.5","F151","F151.5","F152","F152.5","F153","F153.5","F154","F154.5","F155","F155.5","F156","F156.5","F157","F157.5","F158","F158.5","F159","F159.5","F160","F160.5","F161","F161.5","F162","F162.5","F163","F163.5","F164","F164.5","F165","F165.5","F166","F166.5","F167","F167.5","F168","F168.5","F169","F169.5","F170","F173","F173.5","F174","F174.5","F175","F175.5","F176","F176.5","F177","F177.5","F178","F178.5","F179","F179.5","F180","F180.5","F181","F181.5","F182","F182.5","F183","F183.5","F184","F184.5","F185","F185.5","F186","F186.5","F187","F187.5","F188","F188.5","F189","F189.5","F190","F190.5","F191","F191.5","F192","F192.5","F193","F193.5","F194","F194.5","F195","F195.5","F196","F196.5","F197","F197.5","F198","F198.5","F199","F199.5","F200","F200.5","F201","F201.5","F202","F202.5","F203","F203.5","F204","F204.5","F205","F205.5","F206","F206.5","F207","F207.5","F208","F208.5","F209","F209.5","F210","F210.5","F211","F211.5","F212","F212.5","F213","F213.5","F214","F214.5","F215","F215.5","F216","F216.5","F217","F217.5","F218","F218.5","F219","F219.5","F220","F220.5","F221","F221.5","F222","F222.5","F223","F223.5","F224","F224.5","F225","F225.5","F226","F226.5","F227","F227.5","F228","F228.5","F229","F229.5","F230","F230.5","F231","F231.5","F232","F232.5","F233","F233.5","F234","F234.5","F235","F235.5","F236","F236.5","F237","F237.5","F238","F238.5","F239","F239.5","F240","F240.5","F241","F241.5","F242","F242.5","F243","F243.5","F244","F244.5","F245","F245.5","F246","F246.5","F247","F247.5","F248","F248.5","F249","F249.5","F250","F250.5","F251","F251.5","F252","F252.5","F253","F253.5","F254","F254.5","F255","F255.5","F256","F256.5","F257","F257.5","F258","F258.5","F259","F259.5","F260"
"BUR001",2022-07-24,2022-07-24 11:03:00,2022-07-26,"burbot",271,465,NA,712,204,31,"N","1",1,110,NA,NA,0,"A","MD","Region_3","Region_3_1967"," 15:09:21.8150",0.0117059999999984,0.39785,-0.2415,1.44079927030043,14.128659,-0.91834,4.5003,-0.225748,1.108442,0.090762,0.035443,14.083302,1967,1967,1993,18,-35.856088,14.081837,1.0433,-0.18729,3.817,3.9824,0.020224,15.5,14.044159,14.188103,13.900424,-0.182879,1.259311,1.540245,1.391324,1.279535,1.560469,1.411548,-38.814772,-38.830886,-38.890894,-38.62025,-38.722318,-38.564741,-38.539975,-38.5102,-38.407615,-38.443101,-38.564153,-38.980974,-39.568939,-40.344404,-40.980682,-41.352451,-41.345188,-40.997327,-40.451076,-39.81035,-39.192366,-38.641924,-38.180857,-37.820006,-37.564098,-37.475141,-37.607189,-38.10615,-39.022291,-40.446352,-42.450962,-45.187171,-49.008772,-52.149517,-49.305608,-45.598149,-43.048951,-41.445143,-40.408213,-39.638081,-38.908176,-38.010884,-36.979207,-36.034894,-35.219478,-34.51013,-33.912693,-33.286098,-32.679278,-32.010927,-31.363803,-30.798219,-30.326119,-29.956298,-29.66723,-29.425237,-29.266523,-29.203096,-29.296971,-29.62911,-30.217871,-31.094067,-32.209871,-33.53188,-35.071109,-37.018953,-39.584341,-43.495201,-50.945948,-55.3934,-45.248389,-40.678354,-37.814781,-35.787166,-34.230919,-33.011619,-32.124948,-31.538256,-31.317388,-31.416369,-31.760689,-32.238779,-32.747401,-33.378426,-34.204359,-35.525399,-36.699994,-36.802827,-35.881776,-34.789424,NA,NA,NA,NA,NA,NA,NA,NA,NA,NA,NA,NA,NA,NA,NA,NA,NA,NA,NA,NA,NA,NA,NA,NA,NA,NA,NA,NA,NA,NA,NA,NA,NA,NA,NA,NA,NA,NA,NA,NA,NA,NA,NA,NA,NA,NA,NA,NA,NA,NA,NA,NA,NA,NA,NA,NA,NA,NA,NA,NA,NA,NA,NA,NA,NA,NA,NA,NA,NA,NA,NA,NA,NA,NA,NA,NA,NA,NA,NA,NA,NA,NA,NA,NA,NA,NA,NA,NA,NA,NA,NA,NA,NA,NA,NA,NA,NA,NA,NA,NA,NA,NA,NA,NA,NA,NA,NA,NA,NA,NA,NA,NA,NA,NA,NA,NA,NA,NA,NA,NA,NA,NA,NA,NA,NA,NA,NA,NA,NA,NA,NA,NA,NA,NA,NA,NA,NA,NA,NA,NA,NA,NA,NA,NA,NA,NA,NA,NA,NA,NA,NA,NA,NA,NA,NA,NA,NA,NA,NA,NA,NA,-34.21854,-33.930884,-33.709462,-33.598955,-33.639021,-34.845241,-36.112119,-36.996386,-37.86512,-38.652731,-39.413652,-39.867047,-40.286688,-40.788704,-40.971621,-41.170102,-41.023676,-40.760136,-40.521732,-40.178467,-39.958475,-39.779669,-39.744862,-39.723647,-39.752433,-39.579322,-39.278074,-39.057888,-38.829843,-39.10311,-39.361472,-39.792643,-40.151012,-40.117979,-40.04181,-39.67886,-39.098872,-38.664567,-38.185847,-37.528108,-36.919444,-36.184972,-35.215401,-34.499265,-33.602352,-32.933284,-32.440693,-32.1147,-31.942401,-32.011893,-32.109213,-32.45013,-32.884782,-33.159223,-33.573208,-33.77361,-33.863734,-33.984268,-33.941687,-33.815549,-33.617198,-32.758883,-31.732617,-30.639545,-29.423497,-29.537455,-29.827981,-30.279571,-30.623398,-30.595999,-30.514991,-30.516343,-30.719328,-31.150313,-31.711704,-32.226931,-32.576571,-32.455185,-32.323788,-31.964397,-31.670766,-32.480097,-33.287887,-34.494746,-35.748204,-36.703482,-38.089812,-40.305671,-42.511387,-44.216734,-44.234833,-42.118516,-39.929403,-37.839108,-35.804077,-34.963722,-34.18628,-34.63579,-35.55584,-35.430748,-35.412804,-34.291492,-32.138932,-31.056871,-30.391113,-31.196137,-33.036055,-34.819881,-35.822172,-35.357076,-34.148536,-34.728542,-35.630637,-36.957834,-37.905382,-37.519558,-36.833824,-36.094833,-35.297567,-35.557631,-36.243062,-36.929791,-37.416288,-37.330048,-36.733302,-37.021417,-37.662085,-38.69977,-40.496487,-41.636697,-40.976576,-38.544338,-35.940821,-36.047729,-37.310693,-39.374734,-42.550878,-43.508127,-42.296647,-41.280703,-40.722374,-40.463892,-40.539877,-40.505689,-39.585681,-38.214812,-37.453567,-37.549317,-38.652207,-40.743357,-41.0611,-41.522039,-42.061472,-42.698343,-44.172359,-42.902368,-39.699321,-38.811742,-39.240768,-40.862578,-40.009669,-37.456174,-36.069332,-34.819228,-34.31964,-35.300338,-32.164655,-28.532551,-26.435389,-24.920566,-24.920197,-26.182344,-23.195921,-20.935514,-19.69688
"BUR001",2022-07-24,2022-07-24 11:03:00,2022-07-26,"burbot",271,465,NA,712,204,31,"N","1",1,110,NA,NA,0,"A","MD","Region_3","Region_3_1968"," 15:09:21.9600",0,0.432616,0.0122999999999998,0,14.140365,-0.52049,4.2588,-0.128098,1.050051,0.011464,0.085497,14.100741,1968,1967,1993,18,-35.856088,14.081837,1.0433,-0.18729,3.817,3.9824,0.020224,15.5,14.044159,14.188103,13.900424,-0.182879,1.259311,1.540245,1.391324,1.279535,1.560469,1.411548,-44.603438,-42.725789,-41.198087,-39.67231,-38.792759,-37.935088,-37.488491,-37.307162,-37.280499,-37.519717,-37.886596,-38.537101,-39.365833,-40.50803,-41.846417,-43.464572,-45.402393,-47.629661,-49.485143,-49.137771,-46.815995,-44.376848,-42.433524,-40.984832,-39.924072,-39.173458,-38.62984,-38.260796,-37.92158,-37.527579,-37.023438,-36.400582,-35.804939,-35.280492,-34.868641,-34.65016,-34.550675,-34.661464,-34.971757,-35.546113,-36.535364,-37.923431,-39.442547,-40.654258,-41.129025,-40.874772,-40.223108,-39.344195,-38.532415,-37.909652,-37.64164,-37.681068,-37.789529,-37.741823,-37.433438,-36.906414,-36.334063,-35.849634,-35.567436,-35.476592,-35.290604,-34.574894,-33.169851,-31.479866,-29.904607,-28.667384,-27.699322,-27.018969,-26.511491,-26.177485,-25.980443,-25.959982,-26.098627,-26.445672,-26.966846,-27.639401,-28.44178,-29.271628,-30.062947,-30.66115,-31.008137,-31.137704,-31.131155,-31.117659,-31.011811,-30.905249,-30.510028,-29.916377,-29.441441,-29.350351,NA,NA,NA,NA,NA,NA,NA,NA,NA,NA,NA,NA,NA,NA,NA,NA,NA,NA,NA,NA,NA,NA,NA,NA,NA,NA,NA,NA,NA,NA,NA,NA,NA,NA,NA,NA,NA,NA,NA,NA,NA,NA,NA,NA,NA,NA,NA,NA,NA,NA,NA,NA,NA,NA,NA,NA,NA,NA,NA,NA,NA,NA,NA,NA,NA,NA,NA,NA,NA,NA,NA,NA,NA,NA,NA,NA,NA,NA,NA,NA,NA,NA,NA,NA,NA,NA,NA,NA,NA,NA,NA,NA,NA,NA,NA,NA,NA,NA,NA,NA,NA,NA,NA,NA,NA,NA,NA,NA,NA,NA,NA,NA,NA,NA,NA,NA,NA,NA,NA,NA,NA,NA,NA,NA,NA,NA,NA,NA,NA,NA,NA,NA,NA,NA,NA,NA,NA,NA,NA,NA,NA,NA,NA,NA,NA,NA,NA,NA,NA,NA,NA,NA,NA,NA,NA,NA,NA,NA,NA,NA,NA,-29.97776,-30.312917,-30.760359,-31.333833,-32.019765,-33.624368,-34.979416,-35.482732,-35.487041,-35.097127,-34.557167,-33.844126,-33.305129,-33.174386,-33.186692,-33.556594,-33.79495,-33.900718,-33.910764,-33.734441,-33.584321,-33.405938,-33.280068,-33.130147,-33.059513,-32.928657,-32.828543,-32.887499,-32.983467,-33.55261,-34.268619,-35.379458,-36.631583,-37.587791,-38.332092,-38.543869,-38.246321,-37.821571,-37.186049,-36.292664,-35.366357,-34.347712,-33.242828,-32.613068,-32.142999,-32.09128,-32.283163,-32.57127,-32.93878,-33.531534,-34.204085,-35.144879,-36.174714,-36.978065,-37.701375,-37.93563,-37.779683,-37.573817,-37.318428,-37.146311,-37.085062,-36.603377,-36.140747,-35.752478,-35.184605,-35.504037,-35.602334,-35.519918,-35.242161,-34.717247,-34.252717,-33.947834,-33.859292,-33.97704,-34.216008,-34.448323,-34.592212,-34.39486,-34.240663,-33.924619,-33.727006,-34.582068,-35.427478,-36.460966,-37.282125,-37.505945,-37.932333,-39.2308,-41.066422,-43.804761,-46.605,-48.022402,-49.299758,-51.36958,-55.604359,-55.574314,-50.419479,-47.958719,-46.648308,-44.513537,-42.189132,-38.818501,-35.359222,-33.815044,-33.194404,-34.213204,-35.922767,-36.603328,-35.378558,-33.154509,-31.108956,-30.998924,-31.489349,-32.943586,-34.770257,-35.653765,-35.446379,-34.484648,-33.610732,-34.103326,-35.256305,-36.526158,-37.905725,-39.139899,-40.038201,-41.313549,-41.939501,-41.814031,-41.299348,-39.801415,-38.0718,-36.686378,-35.47478,-36.10877,-36.879551,-37.425964,-38.610398,-40.07679,-42.870239,-46.7249,-48.967749,-49.509813,-52.877103,-51.758521,-43.382023,-38.541781,-35.746226,-34.047573,-33.035502,-32.635023,-31.311536,-30.681018,-29.717651,-28.351362,-27.787841,-27.125054,-26.670678,-26.796428,-25.862291,-25.924209,-26.055675,-25.764671,-26.433847,-26.947591,-26.844177,-26.214342,-23.9737,-22.10266,-21.368435,-21.159299,-23.350612,-33.86522,-22.276959,-17.447966,-16.242912
"BUR001",2022-07-24,2022-07-24 11:03:00,2022-07-26,"burbot",271,465,NA,712,204,31,"N","1",1,110,NA,NA,0,"A","MD","Region_3","Region_3_1969"," 15:09:22.1040",0.0585280000000008,0.174356,0.1309,15.0265812534986,14.140365,-0.087874,4.2711,-0.021627,1.053105,0.092821,0.238344,14.101079,1969,1967,1993,18,-35.856088,14.081837,1.0433,-0.18729,3.817,3.9824,0.020224,15.5,14.044159,14.188103,13.900424,-0.182879,1.259311,1.540245,1.391324,1.279535,1.560469,1.411548,-52.359911,-54.653565,-53.172086,-50.974915,-49.548376,-48.06673,-47.039243,-46.487134,-46.300204,-46.466183,-46.670424,-46.921692,-47.07761,-47.348021,-47.70837,-48.251712,-48.906326,-49.503043,-49.767499,-49.27398,-47.770812,-45.537472,-43.139507,-40.937273,-39.043671,-37.477956,-36.183956,-35.182535,-34.431147,-33.971326,-33.788084,-33.763081,-33.863131,-33.992502,-34.124132,-34.319823,-34.497073,-34.715671,-34.886641,-34.953485,-34.968152,-34.969571,-35.009674,-35.156163,-35.32593,-35.452824,-35.578995,-35.635689,-35.747485,-35.847472,-35.846985,-35.499758,-34.685143,-33.575592,-32.379441,-31.207371,-30.15246,-29.24258,-28.540434,-28.112356,-27.978849,-28.179634,-28.690947,-29.52128,-30.713129,-32.492635,-35.165281,-39.834283,-52.813727,-44.408189,-36.892835,-33.102096,-30.672594,-28.996985,-27.749169,-26.758726,-25.946517,-25.235501,-24.671131,-24.259609,-24.05522,-24.065744,-24.233535,-24.550506,-24.870582,-25.303018,-25.58668,-25.733126,-25.847559,-26.020928,NA,NA,NA,NA,NA,NA,NA,NA,NA,NA,NA,NA,NA,NA,NA,NA,NA,NA,NA,NA,NA,NA,NA,NA,NA,NA,NA,NA,NA,NA,NA,NA,NA,NA,NA,NA,NA,NA,NA,NA,NA,NA,NA,NA,NA,NA,NA,NA,NA,NA,NA,NA,NA,NA,NA,NA,NA,NA,NA,NA,NA,NA,NA,NA,NA,NA,NA,NA,NA,NA,NA,NA,NA,NA,NA,NA,NA,NA,NA,NA,NA,NA,NA,NA,NA,NA,NA,NA,NA,NA,NA,NA,NA,NA,NA,NA,NA,NA,NA,NA,NA,NA,NA,NA,NA,NA,NA,NA,NA,NA,NA,NA,NA,NA,NA,NA,NA,NA,NA,NA,NA,NA,NA,NA,NA,NA,NA,NA,NA,NA,NA,NA,NA,NA,NA,NA,NA,NA,NA,NA,NA,NA,NA,NA,NA,NA,NA,NA,NA,NA,NA,NA,NA,NA,NA,NA,NA,NA,NA,NA,NA,-30.919373,-31.048327,-31.26451,-31.618518,-32.151889,-33.772986,-35.502332,-36.952228,-38.612286,-40.645452,-43.390399,-46.992856,-50.623657,-49.329978,-45.852477,-43.384015,-41.607432,-40.485859,-39.9181,-39.610425,-39.572978,-39.613874,-39.779352,-40.059593,-40.648333,-41.452627,-42.486364,-43.539282,-43.819251,-43.263365,-41.875557,-40.515595,-39.276277,-37.865793,-36.466383,-34.87921,-33.227483,-31.917779,-30.818014,-29.813169,-29.048731,-28.363252,-27.63551,-27.29606,-26.940762,-26.793977,-26.706968,-26.580766,-26.42629,-26.386725,-26.326774,-26.467889,-26.671167,-26.689341,-26.774801,-26.644136,-26.44782,-26.445344,-26.498266,-26.641226,-26.850057,-26.566466,-26.229403,-25.953114,-25.641362,-26.522987,-27.485104,-28.411004,-29.109947,-29.444565,-29.729451,-30.111073,-30.670247,-31.352736,-31.967122,-32.293909,-32.265313,-31.739395,-31.223889,-30.574247,-30.075479,-30.64145,-31.180419,-31.889975,-32.379681,-32.24367,-32.183229,-32.697648,-33.294078,-34.312701,-35.117684,-34.586762,-33.75749,-32.530673,-31.228009,-31.295795,-31.637743,-33.034102,-34.607303,-34.987674,-35.40905,-35.260276,-35.107722,-36.451541,-37.958954,-40.072657,-41.971111,-43.404619,-45.432985,-49.279555,-49.591799,-44.534136,-41.769472,-41.57003,-43.581795,-47.345223,-44.586217,-38.712841,-35.609112,-35.538803,-37.423428,-40.335708,-41.784734,-39.982642,-38.174926,-38.445589,-40.097284,-43.212419,-47.531749,-48.16257,-45.377635,-42.430316,-39.942447,-40.954268,-45.225825,-49.866595,-44.118498,-41.973474,-42.961193,-39.979956,-35.46612,-33.170622,-32.875101,-34.195326,-35.438635,-33.504355,-30.788559,-29.062836,-28.545379,-29.789927,-31.967107,-36.174915,-39.023231,-38.991871,-38.611645,-37.662659,-36.687846,-37.416735,-39.765249,-47.647243,-56.078721,-44.258276,-40.323948,-35.936854,-30.150465,-26.8228,-24.54362,-22.987749,-22.066686,-20.416864,-18.283792,-15.914689,-12.739604,-12.235742,-12.369379
"BUR001",2022-07-24,2022-07-24 11:03:00,2022-07-26,"burbot",271,465,NA,712,204,31,"N","1",1,110,NA,NA,0,"A","MD","Region_3","Region_3_1970"," 15:09:22.2510",-0.0702339999999992,-0.822272,0.1264,-4.82563464832042,14.198893,0.086482,4.402,0.021369,1.089828,0.170466,0.353859,14.15699,1970,1967,1993,18,-35.856088,14.081837,1.0433,-0.18729,3.817,3.9824,0.020224,15.5,14.044159,14.188103,13.900424,-0.182879,1.259311,1.540245,1.391324,1.279535,1.560469,1.411548,-41.738457,-41.201149,-40.828811,-40.45505,-40.965566,-41.857992,-43.55085,-45.941199,-49.106147,-53.41271,-56.335021,-53.401604,-50.141174,-48.142525,-46.879204,-46.069904,-45.508699,-45.143363,-45.039534,-45.242983,-45.778193,-46.507301,-47.078831,-47.013573,-46.151437,-44.879366,-43.613694,-42.616042,-41.840606,-41.178305,-40.501235,-39.76137,-39.125492,-38.678166,-38.47163,-38.550106,-38.762134,-39.102302,-39.447062,-39.740379,-39.962466,-39.882618,-39.338639,-38.562193,-37.755933,-37.008351,-36.399647,-35.866059,-35.555215,-35.483078,-35.747181,-36.301862,-36.977845,-37.547255,-37.657815,-36.997441,-35.707776,-34.207476,-32.875786,-31.886612,-31.204555,-30.754587,-30.441662,-30.291827,-30.388172,-30.89114,-31.803216,-33.280356,-35.420264,-38.631696,-43.721672,-47.68357,-41.750306,-37.285167,-34.349966,-32.21097,-30.554015,-29.192098,-28.121078,-27.299479,-26.714819,-26.312131,-25.976657,-25.674676,-25.288048,-25.049575,-24.842776,-24.80068,-24.981627,-25.305576,NA,NA,NA,NA,NA,NA,NA,NA,NA,NA,NA,NA,NA,NA,NA,NA,NA,NA,NA,NA,NA,NA,NA,NA,NA,NA,NA,NA,NA,NA,NA,NA,NA,NA,NA,NA,NA,NA,NA,NA,NA,NA,NA,NA,NA,NA,NA,NA,NA,NA,NA,NA,NA,NA,NA,NA,NA,NA,NA,NA,NA,NA,NA,NA,NA,NA,NA,NA,NA,NA,NA,NA,NA,NA,NA,NA,NA,NA,NA,NA,NA,NA,NA,NA,NA,NA,NA,NA,NA,NA,NA,NA,NA,NA,NA,NA,NA,NA,NA,NA,NA,NA,NA,NA,NA,NA,NA,NA,NA,NA,NA,NA,NA,NA,NA,NA,NA,NA,NA,NA,NA,NA,NA,NA,NA,NA,NA,NA,NA,NA,NA,NA,NA,NA,NA,NA,NA,NA,NA,NA,NA,NA,NA,NA,NA,NA,NA,NA,NA,NA,NA,NA,NA,NA,NA,NA,NA,NA,NA,NA,NA,-32.505733,-31.669694,-30.760375,-29.937103,-29.261454,-29.654512,-30.020475,-29.878879,-29.598999,-29.177125,-28.720856,-28.082509,-27.611861,-27.561358,-27.685328,-28.249535,-28.728149,-29.120057,-29.468688,-29.664933,-29.904978,-30.046035,-30.073176,-29.852593,-29.530164,-29.053575,-28.618985,-28.423004,-28.328258,-28.730304,-29.147823,-29.772461,-30.396108,-30.753711,-31.188846,-31.498012,-31.681488,-31.976218,-32.105927,-31.93071,-31.70296,-31.367741,-30.924096,-30.880921,-30.789839,-30.891488,-31.043174,-31.208362,-31.452932,-31.930479,-32.452146,-33.204596,-34.029625,-34.713427,-35.56842,-36.214057,-36.586261,-36.818474,-36.866832,-36.872556,-36.838424,-36.213615,-35.51484,-34.858605,-34.086175,-34.388783,-34.546649,-34.594154,-34.481386,-34.131484,-33.856663,-33.695732,-33.62145,-33.534024,-33.304711,-32.874628,-32.325688,-31.500987,-30.833549,-30.037231,-29.314218,-29.601748,-29.815895,-30.3581,-30.970266,-31.331258,-32.112626,-33.594107,-34.857752,-35.804924,-35.823275,-34.189066,-32.372196,-30.426296,-28.642204,-28.424595,-28.460782,-29.44177,-30.388488,-29.823242,-29.03095,-27.383767,-25.484627,-24.993853,-24.64068,-25.164969,-25.993465,-26.296395,-26.088976,-25.446021,-24.484005,-24.831233,-25.013432,-25.484225,-25.884801,-25.460289,-25.011739,-24.673247,-24.395944,-25.068981,-25.844076,-26.316678,-26.689589,-26.960302,-27.097429,-27.997093,-28.689493,-28.964683,-29.079352,-28.276377,-27.305738,-26.684986,-26.131102,-27.436302,-28.726655,-29.478346,-30.330549,-30.440733,-30.405082,-30.161494,-29.793369,-29.432186,-29.151265,-28.945197,-28.759454,-28.541089,-28.290292,-27.84752,-27.492472,-28.096363,-28.927914,-31.592659,-33.988266,-35.329806,-36.733205,-37.249111,-37.493106,-38.727162,-39.729767,-42.141276,-44.677418,-47.513628,-48.364301,-40.196366,-33.417522,-30.783048,-29.365064,-28.257164,-26.975177,-24.021663,-20.3635,-17.227954,-14.199619,-14.372365,-14.995698
"BUR001",2022-07-24,2022-07-24 11:03:00,2022-07-26,"burbot",271,465,NA,712,204,31,"N","1",1,110,NA,NA,0,"A","MD","Region_3","Region_3_1971"," 15:09:22.4060",NA,NA,NA,NA,14.128659,-0.73579,4.5284,-0.180867,1.115415,0.036188,0.229068,14.0834,1971,1967,1993,18,-35.856088,14.081837,1.0433,-0.18729,3.817,3.9824,0.020224,15.5,14.044159,14.188103,13.900424,-0.182879,1.259311,1.540245,1.391324,1.279535,1.560469,1.411548,-40.327526,-40.770263,-41.374854,-41.825099,-42.891517,-43.998378,-45.545856,-47.296758,-48.872338,-49.850233,-49.531084,-48.231346,-46.475245,-44.805677,-43.221126,-41.793006,-40.479557,-39.282149,-38.25184,-37.396404,-36.75652,-36.32316,-36.085343,-36.035724,-36.160786,-36.485779,-36.982065,-37.637151,-38.265495,-38.718514,-38.941121,-39.013104,-39.165084,-39.474545,-39.987472,-40.781896,-41.79653,-43.179424,-44.98387,-47.212191,-49.211484,-49.38779,-48.231587,-47.203372,-46.55892,-46.208357,-46.136951,-46.237454,-46.586202,-47.017411,-47.356321,-47.395127,-47.09792,-46.591372,-45.965862,-45.246717,-44.506415,-43.790401,-43.188018,-42.798553,-42.663124,-42.845768,-43.274141,-43.721943,-43.886766,-43.741047,-43.321158,-42.783793,-42.013795,-40.938483,-39.524977,-37.949464,-36.3757,-34.978895,-33.774151,-32.740981,-31.876646,-31.108824,-30.470991,-29.926862,-29.473203,-29.100043,-28.753479,-28.477527,-28.234727,-28.312971,-28.510905,-28.793602,-29.06329,-29.229507,NA,NA,NA,NA,NA,NA,NA,NA,NA,NA,NA,NA,NA,NA,NA,NA,NA,NA,NA,NA,NA,NA,NA,NA,NA,NA,NA,NA,NA,NA,NA,NA,NA,NA,NA,NA,NA,NA,NA,NA,NA,NA,NA,NA,NA,NA,NA,NA,NA,NA,NA,NA,NA,NA,NA,NA,NA,NA,NA,NA,NA,NA,NA,NA,NA,NA,NA,NA,NA,NA,NA,NA,NA,NA,NA,NA,NA,NA,NA,NA,NA,NA,NA,NA,NA,NA,NA,NA,NA,NA,NA,NA,NA,NA,NA,NA,NA,NA,NA,NA,NA,NA,NA,NA,NA,NA,NA,NA,NA,NA,NA,NA,NA,NA,NA,NA,NA,NA,NA,NA,NA,NA,NA,NA,NA,NA,NA,NA,NA,NA,NA,NA,NA,NA,NA,NA,NA,NA,NA,NA,NA,NA,NA,NA,NA,NA,NA,NA,NA,NA,NA,NA,NA,NA,NA,NA,NA,NA,NA,NA,NA,-31.347757,-32.096343,-32.691234,-32.978134,-32.847381,-33.336431,-33.520995,-33.170393,-32.797263,-32.406336,-32.06139,-31.482142,-30.987956,-30.812616,-30.713669,-31.080977,-31.414424,-31.719535,-31.977216,-31.987813,-31.960864,-31.806606,-31.634373,-31.371649,-31.164599,-30.880359,-30.647386,-30.625543,-30.626173,-31.091387,-31.508985,-32.110522,-32.664465,-32.863806,-33.111794,-33.221588,-33.259857,-33.506148,-33.626321,-33.367413,-32.931946,-32.235477,-31.350954,-30.929101,-30.560927,-30.53313,-30.619608,-30.719667,-30.86171,-31.216484,-31.600772,-32.201862,-32.803145,-33.092823,-33.3501,-33.287929,-33.169351,-33.26196,-33.38426,-33.5654,-33.754535,-33.311518,-32.689156,-31.928485,-30.9205,-31.108997,-31.357263,-31.729346,-32.022107,-32.0177,-32.055948,-32.270783,-32.785061,-33.643999,-34.762088,-35.897304,-36.733721,-36.772605,-36.507628,-35.88917,-35.387845,-36.182908,-37.182804,-38.56966,-39.418482,-38.990554,-38.350661,-38.473258,-39.085522,-40.621994,-42.574387,-43.942909,-46.437703,-51.30783,-57.123772,-52.540928,-51.506319,-53.117936,-52.848897,-49.405579,-46.080388,-42.533724,-39.373357,-38.483464,-38.658513,-40.606928,-42.846141,-42.12182,-39.578442,-37.430564,-36.044415,-36.941118,-38.256975,-40.009751,-40.857513,-39.273814,-37.10741,-35.556855,-34.985097,-36.400652,-38.642286,-40.404211,-40.64378,-39.542213,-38.070294,-37.73628,-37.811556,-38.168298,-38.975538,-38.634056,-36.970123,-34.978703,-33.329649,-34.329979,-36.118875,-38.121816,-40.503272,-40.419343,-38.560291,-37.232135,-37.160323,-38.363327,-40.776135,-44.158458,-47.503142,-48.834951,-47.120995,-43.85149,-41.104835,-40.087436,-39.672984,-40.981229,-41.309702,-39.907368,-38.53723,-36.662063,-35.305566,-35.906979,-36.816111,-39.098699,-40.059675,-38.007832,-35.106937,-31.088627,-27.065865,-25.980872,-25.457917,-24.962387,-24.180562,-21.715426,-18.732545,-16.442745,-14.235711,-15.039336,-15.783071
"BUR001",2022-07-24,2022-07-24 11:03:00,2022-07-26,"burbot",271,465,NA,712,204,31,"N","1",1,110,NA,NA,0,"A","MD","Region_3","Region_3_1977"," 15:09:23.2910",0.0117060000000002,0.71001,-0.4322,0.806847349801657,14.210598,-1.3381,4.3569,-0.330898,1.079282,0.103195,0.239332,14.16569,1977,1967,1993,18,-35.856088,14.081837,1.0433,-0.18729,3.817,3.9824,0.020224,15.5,14.044159,14.188103,13.900424,-0.182879,1.259311,1.540245,1.391324,1.279535,1.560469,1.411548,-35.314765,-35.181564,-35.112785,-34.80546,-34.988306,-34.988435,-35.120634,-35.207441,-35.199056,-35.334771,-35.563057,-36.030709,-36.494354,-36.848733,-36.742553,-36.175467,-35.257439,-34.226073,-33.33845,-32.749996,-32.573994,-32.813277,-33.399028,-34.186607,-34.965034,-35.55404,-35.807316,-35.706762,-35.154589,-34.277777,-33.392614,-32.752223,-32.530198,-32.651285,-32.986111,-33.424606,-33.722445,-33.855286,-33.715489,-33.263723,-32.614038,-31.964565,-31.543373,-31.470101,-31.622068,-31.904362,-32.364691,-32.986936,-33.995735,-35.450082,-37.354426,-39.347838,-40.804583,-41.315043,-40.972381,-40.064488,-38.812937,-37.329198,-35.812289,-34.530078,-33.701971,-33.531336,-34.080002,-35.295458,-37.000369,-39.10086,-41.516495,-44.492243,-47.850731,-49.069665,-46.590502,-43.972724,-42.133672,-40.936501,-40.1727,-39.78221,-39.808405,-40.240478,-41.083433,-42.136135,-43.152353,-44.060241,-45.222909,-47.6468,-52.243076,-48.309487,-41.960268,-38.336231,-36.315063,-35.232696,NA,NA,NA,NA,NA,NA,NA,NA,NA,NA,NA,NA,NA,NA,NA,NA,NA,NA,NA,NA,NA,NA,NA,NA,NA,NA,NA,NA,NA,NA,NA,NA,NA,NA,NA,NA,NA,NA,NA,NA,NA,NA,NA,NA,NA,NA,NA,NA,NA,NA,NA,NA,NA,NA,NA,NA,NA,NA,NA,NA,NA,NA,NA,NA,NA,NA,NA,NA,NA,NA,NA,NA,NA,NA,NA,NA,NA,NA,NA,NA,NA,NA,NA,NA,NA,NA,NA,NA,NA,NA,NA,NA,NA,NA,NA,NA,NA,NA,NA,NA,NA,NA,NA,NA,NA,NA,NA,NA,NA,NA,NA,NA,NA,NA,NA,NA,NA,NA,NA,NA,NA,NA,NA,NA,NA,NA,NA,NA,NA,NA,NA,NA,NA,NA,NA,NA,NA,NA,NA,NA,NA,NA,NA,NA,NA,NA,NA,NA,NA,NA,NA,NA,NA,NA,NA,NA,NA,NA,NA,NA,NA,-33.014094,-33.521372,-34.392704,-35.536206,-36.645631,-38.206999,-38.919565,-38.670279,-38.251336,-37.8254,-37.592396,-37.418825,-37.713115,-38.744115,-40.078995,-41.637017,-42.634005,-43.367688,-44.345756,-45.6839,-47.533181,-49.330687,-50.692798,-51.878258,-53.686332,-54.653282,-51.379986,-47.166318,-43.877489,-41.914829,-40.561732,-39.806839,-39.251094,-38.524581,-38.001939,-37.48554,-36.973006,-36.637173,-36.147073,-35.341092,-34.55431,-33.813598,-33.128621,-32.964036,-32.741572,-32.654822,-32.613158,-32.739116,-33.175945,-34.064109,-35.082849,-36.198931,-37.008712,-37.030481,-36.535964,-35.496156,-34.468178,-33.875238,-33.506714,-33.261129,-33.021263,-32.17298,-31.204722,-30.279026,-29.294694,-29.505048,-29.697702,-29.81044,-29.749737,-29.439423,-29.238466,-29.243852,-29.472953,-29.830581,-30.118558,-30.139877,-29.852873,-29.079595,-28.281884,-27.255291,-26.286295,-26.369725,-26.469096,-26.899586,-27.244092,-27.018445,-26.810512,-27.066526,-27.365783,-28.177359,-29.08004,-29.056337,-29.348797,-29.980601,-30.814065,-31.721242,-30.764149,-30.154784,-29.820703,-28.456089,-27.400285,-26.0495,-24.885339,-25.341727,-25.901247,-26.999785,-27.936424,-27.953485,-27.322976,-26.425471,-25.582448,-26.37109,-27.334735,-28.750457,-29.978138,-29.983537,-29.395205,-28.505907,-27.551203,-27.608451,-28.066887,-28.622392,-29.511318,-30.728146,-32.205582,-34.698699,-36.88622,-37.999723,-38.482018,-38.483695,-39.270813,-41.079475,-41.809041,-42.33981,-42.995008,-44.201394,-46.773922,-50.195263,-53.652852,-51.820148,-47.848,-44.081499,-41.353863,-40.299929,-41.648409,-47.932159,-48.639162,-39.054591,-34.789794,-33.163383,-32.486263,-33.93294,-35.628891,-37.08374,-39.263685,-39.934718,-38.21189,-36.344501,-34.145914,-33.562336,-33.285629,-32.537721,-32.312653,-30.830685,-28.322834,-27.566839,-27.09083,-27.11221,-27.873435,-28.176519,-28.541678,-31.112855,-41.511761,-30.498385,-26.416459
"BUR001",2022-07-24,2022-07-24 11:03:00,2022-07-26,"burbot",271,465,NA,712,204,31,"N","1",1,110,NA,NA,0,"A","MD","Region_3","Region_3_1978"," 15:09:23.4380",-0.0936449999999986,0.78443,-0.4955,-5.76335115086105,14.222304,-0.62809,3.9247,-0.155539,0.973386,0.011947,0.097689,14.188103,1978,1967,1993,18,-35.856088,14.081837,1.0433,-0.18729,3.817,3.9824,0.020224,15.5,14.044159,14.188103,13.900424,-0.182879,1.259311,1.540245,1.391324,1.279535,1.560469,1.411548,-40.937709,-41.15304,-41.770704,-42.618224,-44.384215,-46.076259,-47.068695,-46.640836,-45.389938,-44.244038,-43.544979,-43.748263,-44.907112,-46.786678,-47.172854,-44.879116,-42.214384,-40.220227,-38.987474,-38.462869,-38.602192,-39.374391,-40.787841,-42.954533,-46.289298,-52.278929,-68.395693,-52.732866,-48.017992,-46.379445,-46.395234,-46.949785,-46.302696,-43.936496,-41.254143,-38.993759,-37.127559,-35.683716,-34.652176,-34.168983,-34.499133,-35.687101,-37.252182,-38.197902,-37.819551,-36.505071,-34.887378,-33.172384,-31.637501,-30.399484,-29.566512,-28.997315,-28.439985,-27.781283,-27.037051,-26.279491,-25.637291,-25.204369,-25.115958,-25.489747,-26.363983,-27.603379,-28.583023,-28.569708,-27.687964,-26.646453,-25.721697,-25.072137,-24.658049,-24.510536,-24.560596,-24.753575,-24.954783,-25.150046,-25.333071,-25.566001,-25.893267,-26.287156,-26.714667,-27.033932,-27.178941,-27.121284,-26.887269,-26.60225,-26.296601,-26.257791,-26.459624,-26.860691,-27.30441,-27.650516,NA,NA,NA,NA,NA,NA,NA,NA,NA,NA,NA,NA,NA,NA,NA,NA,NA,NA,NA,NA,NA,NA,NA,NA,NA,NA,NA,NA,NA,NA,NA,NA,NA,NA,NA,NA,NA,NA,NA,NA,NA,NA,NA,NA,NA,NA,NA,NA,NA,NA,NA,NA,NA,NA,NA,NA,NA,NA,NA,NA,NA,NA,NA,NA,NA,NA,NA,NA,NA,NA,NA,NA,NA,NA,NA,NA,NA,NA,NA,NA,NA,NA,NA,NA,NA,NA,NA,NA,NA,NA,NA,NA,NA,NA,NA,NA,NA,NA,NA,NA,NA,NA,NA,NA,NA,NA,NA,NA,NA,NA,NA,NA,NA,NA,NA,NA,NA,NA,NA,NA,NA,NA,NA,NA,NA,NA,NA,NA,NA,NA,NA,NA,NA,NA,NA,NA,NA,NA,NA,NA,NA,NA,NA,NA,NA,NA,NA,NA,NA,NA,NA,NA,NA,NA,NA,NA,NA,NA,NA,NA,NA,-34.962626,-34.228463,-33.663059,-33.497101,-33.701391,-34.749674,-35.327611,-34.9574,-34.376524,-33.79002,-33.168778,-32.23898,-31.193324,-30.528729,-30.418164,-31.283092,-32.74311,-34.436571,-35.677151,-35.934657,-35.707152,-35.403984,-35.073507,-34.372536,-33.324935,-32.099168,-31.090717,-30.571478,-30.466374,-30.97192,-31.502711,-31.888595,-31.948612,-31.782628,-31.863654,-32.116237,-32.446652,-32.884609,-33.054923,-32.771874,-32.252865,-31.637931,-31.025727,-30.919193,-31.003887,-31.348404,-31.696309,-31.848673,-31.892274,-32.11676,-32.473358,-33.125326,-33.920223,-34.579379,-35.218062,-35.37883,-35.012576,-34.591882,-34.279977,-34.22117,-34.486354,-34.666063,-35.158873,-35.882028,-36.091761,-36.479999,-36.636346,-36.918681,-37.341069,-37.732208,-38.235669,-39.030901,-40.375974,-42.412255,-44.497561,-44.504267,-42.562192,-40.42331,-38.756758,-37.184467,-35.849857,-35.631109,-35.808001,-36.778532,-38.609551,-41.336002,-46.51217,-58.817212,-53.568599,-48.978576,-47.693347,-46.900801,-47.109398,-48.517425,-53.740566,-61.513483,-48.364172,-44.753205,-43.486314,-42.377483,-42.292903,-42.854607,-45.403239,-54.915216,-48.916934,-42.313477,-39.354073,-37.579459,-36.286764,-35.228043,-34.64245,-35.708438,-37.585514,-41.164238,-46.657433,-46.779225,-41.585485,-38.767497,-37.96934,-39.55569,-42.50814,-44.603909,-44.355884,-43.315331,-42.134889,-41.155576,-39.818493,-38.865993,-38.974008,-40.083576,-43.71734,-51.220732,-43.822832,-40.138649,-39.255293,-39.669872,-41.364704,-43.047624,-43.832825,-42.382582,-39.833689,-37.291696,-35.045034,-33.188275,-31.795817,-30.899546,-30.437239,-30.12173,-29.748431,-29.644201,-29.326815,-30.147327,-30.47538,-29.742201,-28.810915,-27.280998,-26.032664,-26.224962,-26.806421,-28.717114,-30.396457,-31.074084,-31.620978,-31.028298,-29.376666,-28.809851,-28.090402,-27.419802,-27.100403,-26.221613,-25.058044,-23.994929,-22.383805,-22.826907,-23.371998
"BUR001",2022-07-24,2022-07-24 11:03:00,2022-07-26,"burbot",271,465,NA,712,204,31,"N","1",1,110,NA,NA,0,"A","MD","Region_3","Region_3_1979"," 15:09:23.5810",-0.0234110000000012,0.27505,0.1983,-3.94958523281276,14.128659,0.15634,3.4292,0.038484,0.845105,0.034924,0.127269,14.103309,1979,1967,1993,18,-35.856088,14.081837,1.0433,-0.18729,3.817,3.9824,0.020224,15.5,14.044159,14.188103,13.900424,-0.182879,1.259311,1.540245,1.391324,1.279535,1.560469,1.411548,-43.185322,-44.718398,-47.344297,-51.507495,-58.822478,-51.682425,-45.665691,-42.189273,-40.013297,-38.783941,-38.173564,-38.185343,-38.481139,-38.802062,-38.635331,-37.945379,-37.021461,-36.155334,-35.544668,-35.3096,-35.492615,-36.112027,-37.119452,-38.347426,-39.454258,-39.927873,-39.553518,-38.877141,-38.459592,-38.588817,-39.09791,-39.297841,-38.5703,-36.991393,-35.146884,-33.477877,-32.038793,-30.918363,-30.095393,-29.5782,-29.43202,-29.60506,-29.881472,-30.059638,-29.976513,-29.632875,-29.232985,-28.826849,-28.585653,-28.443642,-28.234479,-27.69047,-26.806308,-25.834357,-24.967096,-24.288667,-23.864442,-23.714994,-23.901948,-24.429904,-25.19426,-25.920697,-26.227717,-26.106634,-25.824548,-25.654116,-25.560037,-25.511088,-25.354962,-25.105795,-24.798312,-24.580024,-24.520626,-24.709739,-25.12197,-25.728357,-26.412703,-26.991079,-27.277045,-27.17168,-26.887909,-26.66108,-26.673235,-27.068472,-27.772075,-28.784633,-29.794587,-30.338627,-30.170209,-29.610052,NA,NA,NA,NA,NA,NA,NA,NA,NA,NA,NA,NA,NA,NA,NA,NA,NA,NA,NA,NA,NA,NA,NA,NA,NA,NA,NA,NA,NA,NA,NA,NA,NA,NA,NA,NA,NA,NA,NA,NA,NA,NA,NA,NA,NA,NA,NA,NA,NA,NA,NA,NA,NA,NA,NA,NA,NA,NA,NA,NA,NA,NA,NA,NA,NA,NA,NA,NA,NA,NA,NA,NA,NA,NA,NA,NA,NA,NA,NA,NA,NA,NA,NA,NA,NA,NA,NA,NA,NA,NA,NA,NA,NA,NA,NA,NA,NA,NA,NA,NA,NA,NA,NA,NA,NA,NA,NA,NA,NA,NA,NA,NA,NA,NA,NA,NA,NA,NA,NA,NA,NA,NA,NA,NA,NA,NA,NA,NA,NA,NA,NA,NA,NA,NA,NA,NA,NA,NA,NA,NA,NA,NA,NA,NA,NA,NA,NA,NA,NA,NA,NA,NA,NA,NA,NA,NA,NA,NA,NA,NA,NA,-39.877746,-37.649045,-35.990801,-34.815356,-34.051984,-34.266128,-34.734939,-35.082487,-35.801765,-37.053989,-39.165848,-42.956997,-52.212231,-51.553599,-42.520572,-38.955011,-37.195487,-36.434043,-36.340017,-36.730658,-37.611599,-38.937127,-40.70798,-42.820002,-45.036007,-46.225428,-45.268811,-43.049471,-40.683498,-38.704544,-37.00553,-35.734446,-34.877075,-34.389118,-34.357159,-34.625427,-35.028522,-35.584555,-36.055391,-36.334979,-36.54144,-36.888997,-37.496983,-38.75539,-40.23268,-41.280461,-40.870509,-38.826103,-36.436172,-34.695355,-33.656601,-33.364727,-33.663959,-34.338909,-35.549499,-36.82934,-37.093893,-36.023249,-34.540245,-33.327665,-32.521242,-31.692105,-31.05643,-30.659971,-30.110166,-29.975864,-29.645446,-29.107712,-28.586561,-28.191424,-28.036937,-28.212164,-28.733025,-29.454748,-30.030986,-30.08357,-29.536609,-28.548603,-27.566046,-26.597909,-25.956669,-26.33589,-27.014462,-27.934573,-28.894068,-29.344628,-29.610708,-29.991422,-30.054351,-30.402488,-30.722046,-30.388067,-30.031869,-29.280017,-28.457904,-28.615909,-28.915078,-29.818953,-30.61686,-30.3297,-29.661834,-28.019843,-26.108213,-25.209295,-24.82058,-25.77692,-27.037024,-27.929532,-27.616675,-26.18681,-24.786718,-24.455533,-24.610092,-25.545274,-26.579482,-26.716661,-25.400753,-23.481233,-22.059655,-22.120021,-23.25977,-24.484993,-25.084883,-24.377235,-23.029419,-22.41973,-22.20932,-22.668954,-23.559026,-23.824455,-23.1045,-22.077512,-21.475659,-22.638405,-24.569073,-26.702614,-28.082579,-27.386935,-26.508704,-26.359437,-26.981378,-28.039942,-28.91342,-28.958883,-28.29521,-27.651772,-27.546251,-28.122444,-29.161415,-30.381351,-30.799246,-31.181914,-30.872046,-30.280705,-30.273612,-30.419269,-30.532232,-30.090041,-28.435815,-27.679054,-27.563903,-28.075586,-30.169736,-33.336344,-35.021179,-33.637005,-30.21972,-26.898001,-25.200426,-25.214778,-28.354853,-31.237899,-24.454254,-21.887598,-20.505462
"BUR001",2022-07-24,2022-07-24 11:03:00,2022-07-26,"burbot",271,465,NA,712,204,31,"N","1",1,110,NA,NA,0,"A","MD","Region_3","Region_3_1980"," 15:09:23.7310",-0.0234109999999994,-0.347878,0.2904,-2.95738579488303,14.105248,0.43139,3.6275,0.105988,0.892409,0.035676,0.053773,14.07659,1980,1967,1993,18,-35.856088,14.081837,1.0433,-0.18729,3.817,3.9824,0.020224,15.5,14.044159,14.188103,13.900424,-0.182879,1.259311,1.540245,1.391324,1.279535,1.560469,1.411548,-41.285181,-40.093127,-39.448107,-38.793156,-38.495917,-37.783857,-36.997883,-36.146005,-35.342451,-34.830944,-34.564285,-34.693517,-35.016865,-35.490644,-35.789317,-35.790594,-35.487866,-34.98362,-34.417689,-33.88136,-33.399662,-32.977199,-32.603954,-32.26682,-31.986448,-31.803213,-31.717054,-31.770562,-31.824936,-31.744125,-31.444222,-30.955287,-30.492754,-30.137245,-29.91761,-29.877343,-29.878169,-29.880208,-29.723382,-29.321347,-28.783307,-28.268348,-27.872235,-27.646092,-27.484863,-27.277669,-27.056316,-26.738288,-26.43623,-26.134864,-25.883633,-25.642999,-25.345045,-24.982427,-24.574012,-24.148632,-23.766881,-23.445328,-23.231692,-23.132077,-23.103893,-23.095897,-23.025631,-22.911396,-22.782812,-22.75028,-22.782851,-22.943508,-23.160439,-23.450004,-23.75598,-24.079935,-24.350491,-24.559916,-24.645301,-24.613369,-24.489956,-24.324293,-24.220593,-24.240174,-24.504236,-25.021619,-25.729006,-26.561797,-27.297941,-27.978919,-28.680254,-29.820644,-31.806534,-34.636843,NA,NA,NA,NA,NA,NA,NA,NA,NA,NA,NA,NA,NA,NA,NA,NA,NA,NA,NA,NA,NA,NA,NA,NA,NA,NA,NA,NA,NA,NA,NA,NA,NA,NA,NA,NA,NA,NA,NA,NA,NA,NA,NA,NA,NA,NA,NA,NA,NA,NA,NA,NA,NA,NA,NA,NA,NA,NA,NA,NA,NA,NA,NA,NA,NA,NA,NA,NA,NA,NA,NA,NA,NA,NA,NA,NA,NA,NA,NA,NA,NA,NA,NA,NA,NA,NA,NA,NA,NA,NA,NA,NA,NA,NA,NA,NA,NA,NA,NA,NA,NA,NA,NA,NA,NA,NA,NA,NA,NA,NA,NA,NA,NA,NA,NA,NA,NA,NA,NA,NA,NA,NA,NA,NA,NA,NA,NA,NA,NA,NA,NA,NA,NA,NA,NA,NA,NA,NA,NA,NA,NA,NA,NA,NA,NA,NA,NA,NA,NA,NA,NA,NA,NA,NA,NA,NA,NA,NA,NA,NA,NA,-37.754913,-35.217732,-33.379592,-32.089782,-31.301249,-31.734476,-32.69895,-33.8978,-35.944272,-39.374044,-45.537776,-45.255934,-38.393748,-34.687763,-32.671418,-31.866747,-31.701846,-31.990381,-32.58386,-33.239031,-33.811823,-34.052833,-33.912417,-33.408668,-32.75147,-31.966741,-31.189091,-30.523788,-29.913828,-29.630627,-29.570864,-30.042497,-31.080829,-32.544192,-34.300564,-35.451443,-34.937013,-33.273146,-31.434794,-29.878809,-28.790188,-28.119862,-27.686673,-27.764117,-28.099873,-28.8151,-29.810623,-30.831001,-31.691758,-32.388885,-32.82916,-33.278746,-33.782471,-34.225003,-34.817912,-35.276934,-35.407123,-35.267633,-34.822054,-34.29285,-33.868795,-33.21951,-32.750704,-32.764936,-33.316653,-35.516753,-38.857625,-43.308228,-46.885718,-44.329022,-40.795033,-38.515174,-37.36958,-37.110348,-37.376525,-37.642036,-37.414915,-36.452611,-35.202062,-33.76044,-32.507836,-32.203348,-32.055484,-32.107434,-32.178305,-31.770418,-31.212095,-30.797638,-30.210366,-30.161554,-30.345878,-30.041253,-29.934191,-29.53468,-28.839706,-28.896904,-29.060064,-30.08224,-31.274281,-31.565725,-31.757657,-31.101567,-30.073094,-30.046999,-30.564693,-32.609247,-35.335769,-37.900758,-38.611263,-36.990084,-35.049524,-34.528851,-34.763226,-36.068436,-37.836791,-39.231594,-39.907525,-39.964688,-39.724286,-39.705647,-39.568993,-39.68895,-41.146916,-42.946758,-39.832222,-35.749946,-33.073406,-31.846662,-31.878276,-32.522808,-33.708581,-34.971652,-36.257954,-40.07286,-44.458391,-40.354253,-36.954142,-35.486926,-35.832694,-37.213867,-38.262674,-37.842825,-36.812525,-36.233939,-36.443437,-37.341552,-37.88769,-36.146942,-33.050723,-30.657105,-28.976001,-29.009408,-29.265115,-29.308564,-29.657701,-29.655342,-29.655198,-30.493877,-31.657582,-34.659982,-39.485477,-50.487191,-44.074949,-37.153071,-34.404315,-35.937964,-35.883154,-30.120608,-25.756682,-22.502447,-20.215674,-18.97272,-17.572342,-17.670705,-17.489341
"BUR001",2022-07-24,2022-07-24 11:03:00,2022-07-26,"burbot",271,465,NA,712,204,31,"N","1",1,110,NA,NA,0,"A","MD","Region_3","Region_3_1981"," 15:09:23.8750",-0.0234109999999994,-0.735872,0.1785,-1.7708706903645,14.081837,0.083512,3.9179,0.020477,0.962165,0.054322,0.129578,14.048913,1981,1967,1993,18,-35.856088,14.081837,1.0433,-0.18729,3.817,3.9824,0.020224,15.5,14.044159,14.188103,13.900424,-0.182879,1.259311,1.540245,1.391324,1.279535,1.560469,1.411548,-39.383484,-38.19979,-37.549967,-37.002121,-37.067181,-36.999137,-36.981476,-36.697163,-36.03049,-35.254605,-34.467393,-33.967617,-33.661658,-33.582276,-33.452501,-33.187779,-32.771278,-32.293585,-31.904805,-31.711718,-31.759189,-31.999408,-32.262481,-32.270359,-31.812391,-30.959509,-29.970672,-29.194762,-28.776402,-28.775192,-29.04762,-29.26576,-29.269024,-29.034294,-28.724087,-28.567053,-28.573961,-28.814328,-29.12871,-29.230687,-28.890182,-28.175256,-27.432299,-26.93952,-26.666408,-26.506231,-26.450218,-26.355943,-26.254572,-26.031614,-25.69683,-25.278247,-24.82424,-24.395226,-24.010869,-23.672426,-23.42276,-23.269808,-23.260358,-23.413687,-23.681853,-23.987661,-24.195651,-24.282618,-24.297477,-24.402011,-24.610708,-25.030093,-25.617831,-26.417242,-27.405974,-28.634101,-30.118084,-31.997671,-34.42529,-37.7249,-42.543204,-50.65355,-58.069467,-50.574003,-47.308409,-44.143667,-40.239674,-36.622958,-33.869623,-32.349242,-31.975146,-32.48745,-33.243745,-33.533295,NA,NA,NA,NA,NA,NA,NA,NA,NA,NA,NA,NA,NA,NA,NA,NA,NA,NA,NA,NA,NA,NA,NA,NA,NA,NA,NA,NA,NA,NA,NA,NA,NA,NA,NA,NA,NA,NA,NA,NA,NA,NA,NA,NA,NA,NA,NA,NA,NA,NA,NA,NA,NA,NA,NA,NA,NA,NA,NA,NA,NA,NA,NA,NA,NA,NA,NA,NA,NA,NA,NA,NA,NA,NA,NA,NA,NA,NA,NA,NA,NA,NA,NA,NA,NA,NA,NA,NA,NA,NA,NA,NA,NA,NA,NA,NA,NA,NA,NA,NA,NA,NA,NA,NA,NA,NA,NA,NA,NA,NA,NA,NA,NA,NA,NA,NA,NA,NA,NA,NA,NA,NA,NA,NA,NA,NA,NA,NA,NA,NA,NA,NA,NA,NA,NA,NA,NA,NA,NA,NA,NA,NA,NA,NA,NA,NA,NA,NA,NA,NA,NA,NA,NA,NA,NA,NA,NA,NA,NA,NA,NA,-43.069572,-43.630443,-43.991289,-43.913768,-43.220781,-42.692401,-41.828923,-40.621763,-39.637097,-38.840659,-38.196809,-37.607353,-37.300532,-37.543853,-38.128023,-39.003579,-39.429198,-39.195766,-38.513261,-37.645986,-36.944397,-36.415477,-36.053068,-35.698666,-35.352146,-34.853332,-34.2619,-33.678837,-33.029866,-32.646783,-32.292958,-32.200531,-32.282305,-32.347767,-32.531977,-32.612674,-32.534713,-32.529227,-32.478734,-32.360173,-32.355975,-32.439344,-32.490132,-32.811493,-33.019899,-33.277252,-33.590927,-33.987898,-34.567789,-35.477922,-36.58755,-38.083152,-39.837377,-41.411074,-42.44624,-42.345486,-41.561684,-40.755752,-40.076437,-39.711197,-39.672474,-39.384804,-39.130116,-39.103132,-39.394077,-41.254905,-43.909346,-47.341376,-51.812888,-55.163087,-51.679742,-48.12453,-46.035332,-44.525707,-42.676394,-40.457105,-38.467221,-36.836583,-35.795391,-35.008431,-34.653918,-35.558665,-36.865616,-38.67085,-40.466937,-41.348325,-41.615906,-41.98061,-42.39476,-43.498501,-44.771086,-45.156522,-45.283707,-44.747058,-43.848192,-43.916986,-43.925315,-44.436518,-44.82934,-44.350244,-44.504124,-45.135873,-47.274157,-53.195295,-67.195429,-64.460178,-57.388327,-50.819357,-45.259962,-40.998676,-38.117672,-37.510434,-37.939255,-39.46603,-40.622958,-39.40912,-36.904401,-34.586767,-32.963728,-32.934578,-33.765878,-34.207551,-33.682906,-32.565221,-31.609909,-31.840988,-32.457601,-33.398294,-34.506282,-34.576392,-33.649456,-32.599764,-31.908236,-33.115974,-34.696146,-36.024038,-36.622497,-35.107402,-33.530062,-33.06515,-33.952836,-36.049829,-38.588707,-39.838822,-39.901098,-40.394572,-41.209809,-40.644259,-38.67995,-36.832302,-34.638088,-33.439742,-32.132272,-30.677822,-30.045057,-29.5539,-29.59415,-30.68673,-31.126936,-31.797648,-31.832685,-31.317923,-31.946332,-33.878382,-38.991776,-36.227583,-30.736546,-28.144389,-26.948583,-25.227715,-22.921382,-20.894678,-18.963386,-19.838633,-21.5267
"BUR001",2022-07-24,2022-07-24 11:03:00,2022-07-26,"burbot",271,465,NA,712,204,31,"N","1",1,110,NA,NA,0,"A","MD","Region_3","Region_3_1982"," 15:09:24.0200",-0.0234120000000004,-0.92184,0.209,-1.41883658365967,14.058426,-0.65236,4.0964,-0.159656,1.004189,0.048955,0.090068,14.021606,1982,1967,1993,18,-35.856088,14.081837,1.0433,-0.18729,3.817,3.9824,0.020224,15.5,14.044159,14.188103,13.900424,-0.182879,1.259311,1.540245,1.391324,1.279535,1.560469,1.411548,-38.680942,-39.378187,-39.589732,-38.706487,-37.712605,-36.512021,-35.778537,-35.441836,-35.354202,-35.481264,-35.449884,-35.208654,-34.700125,-34.313001,-34.12225,-34.207885,-34.453193,-34.631304,-34.464536,-33.791168,-32.79538,-31.797828,-31.018769,-30.536604,-30.347136,-30.410057,-30.574485,-30.68128,-30.512158,-30.151935,-29.830536,-29.651526,-29.67011,-29.749743,-29.752542,-29.654524,-29.386122,-29.110796,-28.899932,-28.852604,-29.09628,-29.576915,-30.080422,-30.435138,-30.514667,-30.338965,-30.04829,-29.626716,-29.238844,-28.926592,-28.833312,-28.990455,-29.323277,-29.741249,-30.132164,-30.383264,-30.464079,-30.377726,-30.244862,-30.226561,-30.445771,-30.997298,-31.804572,-32.692568,-33.500556,-34.358153,-35.433709,-37.071736,-39.483246,-42.86779,-46.422798,-47.528114,-47.143789,-47.81748,-48.903201,-45.791748,-40.665779,-36.671103,-34.028012,-32.592676,-32.255199,-32.787696,-33.785306,-34.524266,-33.778529,-31.983147,-30.553105,-30.346533,-31.350113,-33.015841,NA,NA,NA,NA,NA,NA,NA,NA,NA,NA,NA,NA,NA,NA,NA,NA,NA,NA,NA,NA,NA,NA,NA,NA,NA,NA,NA,NA,NA,NA,NA,NA,NA,NA,NA,NA,NA,NA,NA,NA,NA,NA,NA,NA,NA,NA,NA,NA,NA,NA,NA,NA,NA,NA,NA,NA,NA,NA,NA,NA,NA,NA,NA,NA,NA,NA,NA,NA,NA,NA,NA,NA,NA,NA,NA,NA,NA,NA,NA,NA,NA,NA,NA,NA,NA,NA,NA,NA,NA,NA,NA,NA,NA,NA,NA,NA,NA,NA,NA,NA,NA,NA,NA,NA,NA,NA,NA,NA,NA,NA,NA,NA,NA,NA,NA,NA,NA,NA,NA,NA,NA,NA,NA,NA,NA,NA,NA,NA,NA,NA,NA,NA,NA,NA,NA,NA,NA,NA,NA,NA,NA,NA,NA,NA,NA,NA,NA,NA,NA,NA,NA,NA,NA,NA,NA,NA,NA,NA,NA,NA,NA,-36.391623,-36.662527,-36.786188,-36.741986,-36.550577,-37.117615,-37.586403,-37.611291,-37.630675,-37.636161,-37.689787,-37.688834,-37.918108,-38.652167,-39.694118,-41.211487,-42.659525,-43.84728,-44.53142,-44.388358,-43.605916,-42.400613,-41.145624,-39.945769,-38.948997,-38.017592,-37.21575,-36.64919,-36.193419,-36.191055,-36.257136,-36.511166,-36.701429,-36.56616,-36.416134,-36.188578,-35.979691,-36.074758,-36.285536,-36.500044,-36.904154,-37.461022,-38.083864,-39.049468,-39.663927,-39.8181,-39.43447,-38.755729,-38.086489,-37.665509,-37.321913,-37.19284,-37.153267,-37.041014,-37.238705,-37.613548,-38.236441,-39.121182,-39.919027,-40.547963,-40.903531,-40.323446,-39.157949,-37.760233,-36.391245,-36.401821,-36.734837,-37.087345,-37.268397,-37.235782,-37.261182,-37.375291,-37.537592,-37.665394,-37.625466,-37.296144,-36.753609,-36.021962,-35.580319,-35.236288,-35.200647,-36.261852,-37.28363,-38.197333,-38.483908,-37.82098,-37.157034,-37.230792,-37.674603,-38.815109,-39.888862,-39.569603,-38.581667,-36.907835,-35.272965,-35.330252,-36.035725,-37.883273,-39.678513,-39.722881,-39.07135,-37.557706,-36.251427,-36.860444,-38.398176,-41.576118,-45.427008,-48.517298,-49.838679,-49.571784,-48.982462,-50.288326,-53.042283,-57.874934,-56.29749,-50.616012,-46.883778,-44.763531,-43.926449,-45.116249,-47.804614,-51.800598,-57.398887,-61.60933,-59.413815,-56.321034,-53.715488,-52.403921,-53.167077,-55.074675,-50.947206,-44.915587,-41.119219,-40.665636,-41.71927,-43.758856,-47.049431,-50.036544,-52.168995,-52.201877,-50.991817,-50.776222,-51.507996,-50.216536,-47.346159,-45.72509,-45.812131,-46.914627,-47.841755,-49.03463,-50.994459,-50.928249,-47.309771,-44.663832,-44.18114,-44.933056,-47.268251,-49.922368,-48.61217,-47.725661,-47.692261,-47.339063,-43.596278,-37.315481,-32.119859,-30.435098,-30.12683,-30.512475,-30.72158,-28.175551,-23.636179,-19.598036,-16.219154,-16.146823,-16.948461
"BUR001",2022-07-24,2022-07-24 11:03:00,2022-07-26,"burbot",271,465,NA,712,204,31,"N","1",1,110,NA,NA,0,"A","MD","Region_3","Region_3_1983"," 15:09:24.1710",NA,NA,NA,NA,14.035014,-1.5742,4.3054,-0.384484,1.053242,0.028184,0.169627,13.990157,1983,1967,1993,18,-35.856088,14.081837,1.0433,-0.18729,3.817,3.9824,0.020224,15.5,14.044159,14.188103,13.900424,-0.182879,1.259311,1.540245,1.391324,1.279535,1.560469,1.411548,-39.21763,-38.570404,-38.301654,-37.968566,-38.201687,-38.260933,-38.385143,-38.299388,-37.910142,-37.502486,-37.114715,-36.984243,-36.944569,-36.940554,-36.654631,-36.110612,-35.398356,-34.676784,-34.093786,-33.701997,-33.530152,-33.520455,-33.576795,-33.583008,-33.442667,-33.159243,-32.773839,-32.436166,-32.171061,-32.000585,-31.851546,-31.620638,-31.381899,-31.166087,-31.043142,-31.118111,-31.330025,-31.774215,-32.408808,-33.200831,-34.069251,-34.715343,-34.972578,-35.050706,-35.11671,-35.269251,-35.626718,-36.137005,-36.831987,-37.339033,-37.277317,-36.731305,-36.160199,-35.855503,-35.868107,-36.14107,-36.618254,-37.140481,-37.532561,-37.684986,-37.620913,-37.519224,-37.441073,-37.323941,-37.095088,-36.901217,-36.848593,-37.200406,-38.079235,-39.683827,-41.963463,-43.944714,-43.559181,-41.716684,-40.064509,-38.923556,-38.246007,-37.858359,-37.580583,-37.150911,-36.573013,-36.031092,-35.649383,-35.598619,-35.919358,-36.564061,-36.447237,-35.590193,-34.984337,-34.62075,NA,NA,NA,NA,NA,NA,NA,NA,NA,NA,NA,NA,NA,NA,NA,NA,NA,NA,NA,NA,NA,NA,NA,NA,NA,NA,NA,NA,NA,NA,NA,NA,NA,NA,NA,NA,NA,NA,NA,NA,NA,NA,NA,NA,NA,NA,NA,NA,NA,NA,NA,NA,NA,NA,NA,NA,NA,NA,NA,NA,NA,NA,NA,NA,NA,NA,NA,NA,NA,NA,NA,NA,NA,NA,NA,NA,NA,NA,NA,NA,NA,NA,NA,NA,NA,NA,NA,NA,NA,NA,NA,NA,NA,NA,NA,NA,NA,NA,NA,NA,NA,NA,NA,NA,NA,NA,NA,NA,NA,NA,NA,NA,NA,NA,NA,NA,NA,NA,NA,NA,NA,NA,NA,NA,NA,NA,NA,NA,NA,NA,NA,NA,NA,NA,NA,NA,NA,NA,NA,NA,NA,NA,NA,NA,NA,NA,NA,NA,NA,NA,NA,NA,NA,NA,NA,NA,NA,NA,NA,NA,NA,-46.478632,-45.172882,-43.980269,-42.969847,-42.179179,-42.64831,-43.396098,-44.137628,-45.432276,-47.450234,-50.688656,-54.779234,-53.229122,-48.48214,-45.350141,-43.983114,-43.580535,-43.955684,-44.939915,-46.125535,-47.226602,-47.405535,-46.546691,-45.115528,-43.771974,-42.593109,-41.7464,-41.388704,-41.263069,-41.622379,-41.677026,-41.394408,-40.652526,-39.492369,-38.548272,-37.727943,-37.10433,-36.935108,-36.962764,-36.991926,-37.249061,-37.665968,-38.206452,-39.33253,-40.391697,-41.330478,-41.768341,-41.754086,-41.543706,-41.462338,-41.391402,-41.516455,-41.699429,-41.697698,-41.886015,-42.068535,-42.468862,-43.337339,-44.574284,-46.345579,-48.939494,-52.510713,-60.327361,-64.279891,-52.947831,-49.191049,-47.248031,-46.303416,-45.941195,-45.739203,-45.641672,-45.312986,-44.514923,-43.344401,-42.08076,-40.881086,-39.787639,-38.576723,-37.649618,-36.785681,-36.229748,-36.862956,-37.503673,-38.280113,-38.77818,-38.761478,-39.118928,-40.442932,-42.196162,-44.430233,-46.141158,-45.867666,-44.825278,-43.41468,-42.392578,-43.517703,-45.477875,-48.330371,-50.459296,-50.573092,-50.659227,-50.413318,-50.207677,-51.34565,-52.347698,-53.798843,-56.03319,-60.048763,-60.721796,-53.921064,-49.696644,-48.499729,-47.736599,-47.170523,-46.686427,-46.133871,-46.484307,-47.647054,-48.697699,-49.15772,-47.798862,-45.832971,-44.916682,-45.447447,-47.565827,-52.600893,-61.012652,-80.268018,-64.620313,-55.085693,-49.385773,-46.515722,-45.557716,-47.778642,-50.992832,-53.255566,-53.157024,-50.289106,-47.366236,-45.348154,-44.229448,-43.748157,-43.652493,-43.7687,-43.989663,-44.223697,-44.340759,-44.018739,-43.220994,-42.613276,-41.748245,-42.416591,-43.043197,-43.08071,-43.461191,-42.934966,-41.773552,-41.073965,-39.863172,-39.798409,-39.454006,-37.990903,-36.397935,-33.357928,-29.65625,-27.877058,-26.131589,-24.323886,-22.645715,-20.257643,-17.814396,-15.927188,-13.80149,-13.70675,-13.371296
"BUR001",2022-07-24,2022-07-24 11:03:00,2022-07-26,"burbot",271,465,NA,712,204,31,"N","1",1,110,NA,NA,0,"A","MD","Region_3","Region_3_1988"," 15:09:24.8990",-0.0117060000000002,0.7138,-0.272699999999999,-0.877681549928148,14.023309,-1.6275,4.313,-0.397143,1.054203,0.033727,0.026496,13.977987,1988,1967,1993,18,-35.856088,14.081837,1.0433,-0.18729,3.817,3.9824,0.020224,15.5,14.044159,14.188103,13.900424,-0.182879,1.259311,1.540245,1.391324,1.279535,1.560469,1.411548,-44.779848,-44.43678,-44.458298,-44.377964,-44.72882,-44.671821,-44.481694,-44.058915,-43.468936,-43.029844,-42.724297,-42.729204,-42.863188,-43.107565,-43.182609,-43.09357,-42.867532,-42.609991,-42.436975,-42.379982,-42.454076,-42.60216,-42.766131,-42.920875,-43.090837,-43.361017,-43.721079,-44.023611,-43.760129,-42.753304,-41.458051,-40.326977,-39.593652,-39.19807,-39.036652,-39.014863,-38.869743,-38.560265,-38.07066,-37.599098,-37.486751,-37.939444,-39.000303,-40.54555,-42.047521,-42.729516,-42.271169,-41.112059,-40.009152,-39.185758,-38.600063,-37.914966,-36.889794,-35.652687,-34.429168,-33.348369,-32.513034,-31.944716,-31.664118,-31.645972,-31.735935,-31.765182,-31.615578,-31.382524,-31.222901,-31.295043,-31.516916,-31.879341,-32.203416,-32.416902,-32.458153,-32.415208,-32.359625,-32.418268,-32.586638,-32.83576,-33.133957,-33.392749,-33.637113,-33.871124,-34.170249,-34.570834,-35.010749,-35.444415,-35.698096,-35.920344,-35.98527,-36.03524,-36.063144,-35.826867,NA,NA,NA,NA,NA,NA,NA,NA,NA,NA,NA,NA,NA,NA,NA,NA,NA,NA,NA,NA,NA,NA,NA,NA,NA,NA,NA,NA,NA,NA,NA,NA,NA,NA,NA,NA,NA,NA,NA,NA,NA,NA,NA,NA,NA,NA,NA,NA,NA,NA,NA,NA,NA,NA,NA,NA,NA,NA,NA,NA,NA,NA,NA,NA,NA,NA,NA,NA,NA,NA,NA,NA,NA,NA,NA,NA,NA,NA,NA,NA,NA,NA,NA,NA,NA,NA,NA,NA,NA,NA,NA,NA,NA,NA,NA,NA,NA,NA,NA,NA,NA,NA,NA,NA,NA,NA,NA,NA,NA,NA,NA,NA,NA,NA,NA,NA,NA,NA,NA,NA,NA,NA,NA,NA,NA,NA,NA,NA,NA,NA,NA,NA,NA,NA,NA,NA,NA,NA,NA,NA,NA,NA,NA,NA,NA,NA,NA,NA,NA,NA,NA,NA,NA,NA,NA,NA,NA,NA,NA,NA,NA,-42.565606,-41.776133,-40.690668,-39.409399,-38.102422,-37.917539,-37.862941,-37.552267,-37.36741,-37.208903,-37.153777,-36.953903,-36.916441,-37.252707,-37.614933,-38.297249,-38.830616,-39.324309,-39.866344,-40.318259,-40.876597,-41.409204,-42.001645,-42.535887,-43.106833,-43.479773,-43.627992,-43.615583,-43.293462,-43.2995,-43.375137,-43.875159,-44.613753,-45.303323,-46.328333,-47.390633,-48.248611,-48.725557,-48.353215,-47.20978,-45.970562,-44.85739,-43.953163,-43.765584,-43.711758,-43.872974,-43.845965,-43.393174,-42.536541,-41.614996,-40.609853,-39.789575,-39.07804,-38.274477,-37.775974,-37.373775,-37.26328,-37.650894,-38.345891,-39.318443,-40.46216,-41.044862,-41.291555,-41.101725,-40.305523,-40.385961,-40.474839,-40.632364,-40.712095,-40.579905,-40.638443,-41.064346,-41.888235,-42.933355,-43.938052,-44.783416,-45.332852,-44.904615,-43.736747,-41.994736,-40.224545,-39.415304,-38.560509,-38.131589,-37.994135,-37.91853,-38.581862,-40.277985,-42.113214,-43.812735,-44.4196,-42.972239,-41.175784,-39.61218,-38.918375,-40.383805,-41.750648,-42.925251,-43.883868,-44.114137,-45.356865,-47.220191,-49.803673,-52.499745,-53.068579,-53.227155,-52.942517,-52.421678,-51.325289,-49.244089,-47.463523,-48.401499,-50.971451,-54.251363,-54.050517,-52.809079,-54.800692,-64.52915,-54.693489,-49.85372,-48.800704,-48.990265,-49.103712,-48.109286,-46.160541,-44.949564,-44.163874,-43.819099,-44.080905,-43.908518,-43.733973,-44.188164,-44.757574,-45.172377,-43.836379,-42.580805,-42.855917,-43.933324,-45.707946,-46.329144,-44.795953,-42.551891,-40.705695,-39.557549,-39.057465,-38.925863,-38.690268,-37.730736,-36.002525,-34.472338,-32.979826,-33.359526,-33.901335,-33.858078,-34.005333,-33.104137,-31.670994,-31.017666,-30.199318,-30.830763,-31.467742,-31.333183,-31.445121,-30.209528,-27.978349,-27.221968,-26.336495,-25.532674,-25.123654,-24.237051,-23.30126,-22.535235,-20.93816,-21.095371,-21.326873
"BUR001",2022-07-24,2022-07-24 11:03:00,2022-07-26,"burbot",271,465,NA,712,204,31,"N","1",1,110,NA,NA,0,"A","MD","Region_3","Region_3_1989"," 15:09:25.0530",-0.0234109999999994,0.48592,-0.262,-2.42829740884062,14.011603,-0.9137,4.0403,-0.222879,0.987094,0.055164,0.134937,13.975013,1989,1967,1993,18,-35.856088,14.081837,1.0433,-0.18729,3.817,3.9824,0.020224,15.5,14.044159,14.188103,13.900424,-0.182879,1.259311,1.540245,1.391324,1.279535,1.560469,1.411548,-47.253342,-46.650433,-45.767508,-44.571711,-43.895765,-43.232634,-43.037364,-43.209243,-43.651446,-44.420792,-45.249311,-46.061421,-46.512022,-46.657483,-46.469441,-46.093937,-45.5614,-44.912688,-44.255618,-43.702624,-43.366432,-43.303543,-43.498347,-43.821486,-44.003249,-43.726308,-42.865701,-41.755846,-40.734308,-40.030015,-39.620995,-39.299233,-38.979193,-38.601473,-38.233886,-38.029777,-37.962497,-38.087286,-38.231883,-38.138183,-37.676209,-37.001607,-36.466097,-36.322914,-36.530645,-36.992793,-37.678439,-38.285255,-38.380712,-37.412495,-35.83754,-34.429726,-33.447688,-32.819222,-32.387573,-32.029137,-31.727891,-31.484729,-31.375143,-31.471097,-31.753396,-32.101242,-32.229557,-31.984576,-31.478911,-31.027743,-30.725033,-30.671802,-30.756496,-30.912229,-30.989798,-30.933526,-30.712508,-30.455043,-30.246091,-30.176348,-30.304196,-30.620161,-31.153819,-31.841941,-32.607489,-33.247514,-33.579941,-33.716341,-33.790448,-34.111866,-34.580904,-35.306267,-36.485704,-38.249493,NA,NA,NA,NA,NA,NA,NA,NA,NA,NA,NA,NA,NA,NA,NA,NA,NA,NA,NA,NA,NA,NA,NA,NA,NA,NA,NA,NA,NA,NA,NA,NA,NA,NA,NA,NA,NA,NA,NA,NA,NA,NA,NA,NA,NA,NA,NA,NA,NA,NA,NA,NA,NA,NA,NA,NA,NA,NA,NA,NA,NA,NA,NA,NA,NA,NA,NA,NA,NA,NA,NA,NA,NA,NA,NA,NA,NA,NA,NA,NA,NA,NA,NA,NA,NA,NA,NA,NA,NA,NA,NA,NA,NA,NA,NA,NA,NA,NA,NA,NA,NA,NA,NA,NA,NA,NA,NA,NA,NA,NA,NA,NA,NA,NA,NA,NA,NA,NA,NA,NA,NA,NA,NA,NA,NA,NA,NA,NA,NA,NA,NA,NA,NA,NA,NA,NA,NA,NA,NA,NA,NA,NA,NA,NA,NA,NA,NA,NA,NA,NA,NA,NA,NA,NA,NA,NA,NA,NA,NA,NA,NA,-39.99337,-39.625486,-39.212587,-38.808699,-38.459606,-39.029142,-39.573179,-39.635108,-39.56146,-39.290058,-38.879482,-38.226423,-37.576857,-37.165826,-36.81583,-36.826645,-36.857632,-36.909711,-36.937184,-36.778889,-36.58793,-36.34675,-36.175932,-36.018524,-35.951664,-35.816453,-35.675704,-35.648215,-35.620352,-35.93288,-36.203444,-36.56386,-36.82529,-36.811511,-36.871835,-36.921465,-36.989408,-37.283383,-37.58317,-37.791038,-38.157943,-38.7572,-39.622613,-41.198037,-43.062795,-45.427229,-48.331245,-51.448928,-53.257246,-52.965668,-51.500519,-49.724032,-47.94891,-46.211823,-44.761932,-43.236924,-41.826273,-40.979492,-40.556069,-40.379459,-40.241823,-39.517392,-38.610654,-37.759036,-36.951823,-37.346512,-37.915086,-38.41711,-38.660533,-38.529748,-38.300624,-38.149425,-38.228204,-38.611585,-39.27899,-40.154197,-41.163386,-41.922969,-42.2605,-41.501876,-40.138236,-39.661191,-39.523006,-40.005119,-40.725953,-41.212153,-42.279936,-44.845823,-49.03174,-56.013176,-61.625572,-56.792218,-52.282201,-48.534211,-46.300283,-47.255867,-50.087302,-53.546286,-54.89803,-54.466372,-51.692307,-46.323553,-41.878015,-40.24155,-40.211,-42.264446,-44.971742,-46.616316,-47.564365,-48.380655,-46.72773,-44.014431,-41.764065,-40.610335,-39.697433,-38.195305,-36.896282,-36.450527,-37.316435,-40.724258,-46.4379,-49.654803,-45.505738,-41.590009,-38.706942,-37.65708,-37.638478,-38.632637,-40.75915,-42.999286,-44.96289,-47.130481,-49.921017,-48.644832,-45.182768,-43.085352,-42.18636,-41.014191,-39.739442,-38.263489,-36.851888,-35.85709,-35.439865,-35.507311,-35.739052,-35.829462,-35.867145,-36.025514,-36.321185,-36.75151,-36.397193,-37.001222,-37.333163,-36.901311,-36.41057,-35.067258,-33.650303,-33.412918,-33.32055,-34.496537,-35.395927,-35.232049,-34.961574,-33.593608,-31.56505,-31.18688,-30.82488,-30.415763,-30.225391,-29.510585,-28.937868,-29.0714,-28.65721,-29.261297,-29.155223
"BUR001",2022-07-24,2022-07-24 11:03:00,2022-07-26,"burbot",271,465,NA,712,204,31,"N","1",1,110,NA,NA,0,"A","MD","Region_3","Region_3_1990"," 15:09:25.1990",-0.0117060000000002,0.12289,0.0335999999999999,-5.24979025002387,13.988192,-0.42778,3.7783,-0.10421,0.921733,0.029987,0.068844,13.957402,1990,1967,1993,18,-35.856088,14.081837,1.0433,-0.18729,3.817,3.9824,0.020224,15.5,14.044159,14.188103,13.900424,-0.182879,1.259311,1.540245,1.391324,1.279535,1.560469,1.411548,-45.051048,-44.297703,-44.024658,-43.78112,-44.052283,-44.129329,-44.343018,-44.60204,-44.914514,-45.47834,-46.230239,-47.290476,-48.305795,-48.897255,-48.574253,-47.626342,-46.525441,-45.522359,-44.704358,-44.071366,-43.592315,-43.235139,-42.961734,-42.716864,-42.439998,-42.059773,-41.474315,-40.740395,-39.949897,-39.336131,-39.049364,-39.04618,-39.271174,-39.49062,-39.435839,-38.970744,-38.042303,-36.934483,-35.853334,-34.982432,-34.526272,-34.562673,-35.007964,-35.694178,-36.310568,-36.620231,-36.625774,-36.292013,-35.80103,-35.199988,-34.614345,-34.087208,-33.602231,-33.151175,-32.712673,-32.260444,-31.804718,-31.319823,-30.832095,-30.377891,-30.007557,-29.811564,-29.805811,-29.976897,-30.210573,-30.435918,-30.486696,-30.406127,-30.207142,-30.037746,-29.965871,-30.084873,-30.377042,-30.834796,-31.31599,-31.66881,-31.760391,-31.56173,-31.221903,-30.896746,-30.797023,-31.014656,-31.54294,-32.358116,-33.265377,-34.339116,-35.675955,-37.927927,-42.485653,-56.791347,NA,NA,NA,NA,NA,NA,NA,NA,NA,NA,NA,NA,NA,NA,NA,NA,NA,NA,NA,NA,NA,NA,NA,NA,NA,NA,NA,NA,NA,NA,NA,NA,NA,NA,NA,NA,NA,NA,NA,NA,NA,NA,NA,NA,NA,NA,NA,NA,NA,NA,NA,NA,NA,NA,NA,NA,NA,NA,NA,NA,NA,NA,NA,NA,NA,NA,NA,NA,NA,NA,NA,NA,NA,NA,NA,NA,NA,NA,NA,NA,NA,NA,NA,NA,NA,NA,NA,NA,NA,NA,NA,NA,NA,NA,NA,NA,NA,NA,NA,NA,NA,NA,NA,NA,NA,NA,NA,NA,NA,NA,NA,NA,NA,NA,NA,NA,NA,NA,NA,NA,NA,NA,NA,NA,NA,NA,NA,NA,NA,NA,NA,NA,NA,NA,NA,NA,NA,NA,NA,NA,NA,NA,NA,NA,NA,NA,NA,NA,NA,NA,NA,NA,NA,NA,NA,NA,NA,NA,NA,NA,NA,-36.552401,-36.535517,-36.595327,-36.701605,-36.828581,-37.679465,-38.395963,-38.527557,-38.459404,-38.204736,-37.855526,-37.427916,-37.109786,-37.110067,-37.259155,-37.716735,-38.16795,-38.603594,-39.027536,-39.38255,-39.805292,-40.258564,-40.738874,-41.086946,-41.263932,-41.096419,-40.678917,-40.209316,-39.747203,-39.681899,-39.821339,-40.29661,-40.873846,-41.198002,-41.242415,-40.846506,-40.15848,-39.579921,-39.089371,-38.700249,-38.615653,-38.897918,-39.480146,-40.609625,-41.757711,-42.861705,-43.801113,-44.362691,-44.430802,-44.281087,-44.030204,-43.88562,-43.634925,-42.921915,-41.918288,-40.558944,-39.141658,-38.065687,-37.218679,-36.558283,-36.070593,-35.325711,-34.731129,-34.502623,-34.512271,-35.632022,-36.857898,-37.790364,-38.220247,-38.105763,-37.768697,-37.501296,-37.521984,-37.916586,-38.614106,-39.431876,-40.251124,-40.94858,-41.711371,-41.976129,-41.559177,-41.37906,-41.098373,-41.082309,-41.201508,-41.282129,-42.413075,-45.879963,-52.908023,-54.398874,-48.440376,-44.864158,-42.797468,-41.571779,-41.715675,-44.957138,-49.657332,-48.018059,-44.708491,-41.739681,-39.456979,-37.063755,-35.213249,-35.371554,-37.037539,-41.713538,-50.602579,-58.86324,-51.265191,-46.519344,-42.486779,-40.784654,-40.57562,-42.1078,-44.703136,-47.481485,-50.37966,-47.878485,-42.34302,-39.963369,-40.209186,-42.288308,-45.236608,-46.096873,-46.136594,-48.751463,-52.974047,-52.621606,-51.36215,-53.650142,-69.52956,-53.329566,-46.539104,-44.021488,-43.432929,-45.620416,-56.145256,-45.331925,-39.181706,-37.146065,-37.361564,-38.281562,-37.222741,-34.693463,-32.744264,-31.80908,-31.816481,-32.498892,-33.326278,-33.689074,-33.061679,-33.823443,-35.464857,-38.283431,-43.220624,-42.606935,-38.202076,-36.530123,-35.780931,-36.072526,-35.910171,-34.826488,-33.711822,-31.889129,-29.669037,-29.034973,-28.51773,-28.043749,-27.868145,-27.226665,-26.51977,-26.157989,-25.053694,-25.437027,-26.183663
"BUR001",2022-07-24,2022-07-24 11:03:00,2022-07-26,"burbot",271,465,NA,712,204,31,"N","1",1,110,NA,NA,0,"A","MD","Region_3","Region_3_1991"," 15:09:25.3430",-0.0234109999999994,-0.14346,0.1811,-5.78604328532808,13.976486,-0.30489,3.8119,-0.074209,0.92915,0.035949,0.034585,13.94537,1991,1967,1993,18,-35.856088,14.081837,1.0433,-0.18729,3.817,3.9824,0.020224,15.5,14.044159,14.188103,13.900424,-0.182879,1.259311,1.540245,1.391324,1.279535,1.560469,1.411548,-43.977095,-43.986563,-44.133307,-43.98377,-44.289351,-44.593932,-45.254442,-46.042557,-46.825042,-47.729727,-48.672038,-49.688478,-50.220198,-49.993794,-49.130322,-48.112022,-47.118182,-46.152052,-45.212738,-44.315893,-43.497764,-42.796316,-42.219123,-41.73268,-41.299479,-40.909254,-40.564249,-40.407636,-40.505293,-40.90229,-41.396662,-41.479548,-40.835825,-39.579728,-38.138588,-36.877636,-35.836726,-35.104575,-34.633418,-34.406261,-34.473985,-34.777233,-35.134443,-35.409782,-35.486017,-35.359608,-35.170919,-34.918723,-34.776952,-34.760202,-34.876964,-34.932397,-34.683774,-34.082834,-33.232761,-32.270703,-31.347402,-30.547589,-29.977836,-29.710248,-29.753434,-30.047887,-30.358335,-30.4576,-30.28078,-30.05478,-29.907472,-30.010861,-30.34161,-30.915617,-31.615168,-32.302739,-32.739171,-32.844742,-32.642771,-32.289878,-31.925899,-31.627028,-31.476358,-31.46671,-31.629267,-31.938036,-32.38325,-33.052403,-33.907685,-35.077724,-36.348533,-37.573806,-38.808774,-40.408189,NA,NA,NA,NA,NA,NA,NA,NA,NA,NA,NA,NA,NA,NA,NA,NA,NA,NA,NA,NA,NA,NA,NA,NA,NA,NA,NA,NA,NA,NA,NA,NA,NA,NA,NA,NA,NA,NA,NA,NA,NA,NA,NA,NA,NA,NA,NA,NA,NA,NA,NA,NA,NA,NA,NA,NA,NA,NA,NA,NA,NA,NA,NA,NA,NA,NA,NA,NA,NA,NA,NA,NA,NA,NA,NA,NA,NA,NA,NA,NA,NA,NA,NA,NA,NA,NA,NA,NA,NA,NA,NA,NA,NA,NA,NA,NA,NA,NA,NA,NA,NA,NA,NA,NA,NA,NA,NA,NA,NA,NA,NA,NA,NA,NA,NA,NA,NA,NA,NA,NA,NA,NA,NA,NA,NA,NA,NA,NA,NA,NA,NA,NA,NA,NA,NA,NA,NA,NA,NA,NA,NA,NA,NA,NA,NA,NA,NA,NA,NA,NA,NA,NA,NA,NA,NA,NA,NA,NA,NA,NA,NA,-37.587926,-37.789984,-37.787929,-37.662776,-37.539952,-38.269787,-39.1069,-39.705728,-40.52887,-41.610189,-42.96371,-44.362902,-45.513447,-45.970285,-45.388884,-44.542933,-43.705337,-43.022208,-42.39964,-41.682622,-41.040562,-40.553193,-40.345689,-40.365882,-40.661875,-41.110723,-41.78864,-42.742792,-43.64486,-44.242106,-43.939233,-43.268917,-42.686719,-42.373612,-42.649048,-43.381188,-44.450637,-45.946237,-47.712386,-49.860981,-52.541504,-53.7418,-51.341418,-49.007615,-47.793016,-47.576518,-47.537121,-46.633875,-44.659422,-42.426878,-40.390027,-38.884902,-37.802695,-36.897104,-36.383611,-36.092291,-36.060427,-36.301599,-36.33575,-35.958143,-35.231197,-33.896292,-32.51618,-31.414838,-30.576438,-31.019039,-31.873153,-32.882611,-33.880205,-34.705806,-35.454344,-36.186433,-36.947137,-37.713576,-38.41346,-39.0049,-39.531661,-39.936052,-40.610255,-41.590863,-43.407415,-46.565201,-47.001043,-44.321321,-41.917741,-39.949247,-38.82515,-39.022626,-40.294724,-43.375297,-48.1766,-51.755609,-47.954275,-43.501733,-40.077283,-38.493525,-37.916563,-38.974647,-40.61562,-41.275086,-41.544237,-40.439903,-38.105442,-36.25065,-34.98447,-35.725127,-38.032985,-41.594367,-45.904524,-50.895854,-58.786559,-47.441109,-41.44502,-38.628757,-37.387036,-36.717032,-36.184646,-34.868287,-33.125131,-32.816147,-33.931392,-35.916927,-38.224279,-39.04185,-37.280876,-34.964461,-32.871935,-31.68633,-31.650291,-32.148496,-32.863679,-32.528845,-31.087298,-31.167118,-31.817576,-32.687226,-34.413437,-36.463236,-37.40848,-35.585965,-34.118726,-34.160858,-35.729241,-38.778093,-43.00382,-46.557087,-45.974528,-42.548805,-39.59873,-38.507859,-38.910342,-41.851914,-44.684267,-44.849128,-44.643135,-45.852364,-49.100825,-47.124003,-43.656321,-43.980042,-46.669352,-51.358994,-54.271993,-47.651913,-39.849506,-35.101815,-32.197141,-30.773086,-30.879497,-31.736495,-33.373643,-33.536845,-30.586057,-29.14481,-27.667985
"BUR001",2022-07-24,2022-07-24 11:03:00,2022-07-26,"burbot",271,465,NA,712,204,31,"N","1",1,110,NA,NA,0,"A","MD","Region_3","Region_3_1992"," 15:09:25.4890",-0.011705000000001,-0.47977,0.3009,-1.18404758463959,13.953075,-0.44835,3.993,-0.108919,0.971583,0.057739,0.045114,13.918781,1992,1967,1993,18,-35.856088,14.081837,1.0433,-0.18729,3.817,3.9824,0.020224,15.5,14.044159,14.188103,13.900424,-0.182879,1.259311,1.540245,1.391324,1.279535,1.560469,1.411548,-44.919382,-45.007957,-45.354121,-45.476991,-46.066401,-46.683894,-47.815498,-49.320591,-50.992784,-52.581099,-53.222724,-52.652886,-51.39165,-50.27918,-49.383921,-48.621592,-47.777989,-46.723154,-45.500226,-44.240155,-43.095827,-42.167642,-41.496269,-41.075983,-40.895524,-40.978046,-41.344205,-42.10549,-43.16,-44.030263,-43.774483,-42.261587,-40.409161,-38.721562,-37.33643,-36.323965,-35.580542,-35.14734,-34.947581,-34.921427,-35.03906,-35.162688,-35.166538,-35.101518,-35.005661,-34.936738,-35.039825,-35.31606,-35.91515,-36.673468,-37.142426,-36.792123,-35.835127,-34.820802,-33.993979,-33.385171,-33.008265,-32.824258,-32.813098,-32.902682,-32.945674,-32.851941,-32.626623,-32.431165,-32.394503,-32.652213,-33.156265,-33.946906,-34.88019,-35.806589,-36.405769,-36.487429,-36.101234,-35.569071,-35.088311,-34.760718,-34.602503,-34.542508,-34.527019,-34.43077,-34.240193,-34.001111,-33.811928,-33.843791,-34.101469,-34.755641,-35.585146,-36.452913,-37.287631,-38.167421,NA,NA,NA,NA,NA,NA,NA,NA,NA,NA,NA,NA,NA,NA,NA,NA,NA,NA,NA,NA,NA,NA,NA,NA,NA,NA,NA,NA,NA,NA,NA,NA,NA,NA,NA,NA,NA,NA,NA,NA,NA,NA,NA,NA,NA,NA,NA,NA,NA,NA,NA,NA,NA,NA,NA,NA,NA,NA,NA,NA,NA,NA,NA,NA,NA,NA,NA,NA,NA,NA,NA,NA,NA,NA,NA,NA,NA,NA,NA,NA,NA,NA,NA,NA,NA,NA,NA,NA,NA,NA,NA,NA,NA,NA,NA,NA,NA,NA,NA,NA,NA,NA,NA,NA,NA,NA,NA,NA,NA,NA,NA,NA,NA,NA,NA,NA,NA,NA,NA,NA,NA,NA,NA,NA,NA,NA,NA,NA,NA,NA,NA,NA,NA,NA,NA,NA,NA,NA,NA,NA,NA,NA,NA,NA,NA,NA,NA,NA,NA,NA,NA,NA,NA,NA,NA,NA,NA,NA,NA,NA,NA,-39.038778,-38.187631,-37.653763,-37.446393,-37.575824,-38.836427,-40.286667,-41.397542,-42.355106,-42.83445,-42.656578,-41.831177,-40.874692,-40.248124,-39.921662,-40.22852,-40.83233,-41.608609,-42.307971,-42.568181,-42.424069,-41.939064,-41.379598,-40.817334,-40.375315,-39.925417,-39.555169,-39.405761,-39.402853,-39.839422,-40.255532,-40.596868,-40.625342,-40.301787,-40.010392,-39.600916,-39.036374,-38.60191,-38.228369,-37.892672,-37.749519,-37.70128,-37.589276,-37.717789,-37.675852,-37.661234,-37.719875,-37.945285,-38.493715,-39.567607,-41.063245,-43.165147,-45.546498,-46.804128,-45.685958,-43.359478,-41.435233,-40.32027,-39.592013,-38.987308,-38.355016,-37.188564,-35.967634,-34.954228,-34.10568,-34.504784,-35.198734,-36.074481,-37.09783,-38.233677,-39.724412,-41.719313,-44.430323,-48.251197,-54.390941,-72.152685,-56.626669,-50.673126,-47.645253,-45.716278,-44.596231,-44.800644,-45.072575,-45.198191,-44.679769,-43.262485,-41.93023,-41.419894,-41.328779,-41.943299,-42.50041,-41.806161,-40.608072,-38.765665,-36.843643,-36.394932,-36.47298,-37.603184,-38.70368,-38.337989,-37.643838,-36.315043,-35.141635,-35.483636,-36.085717,-37.253268,-37.66669,-36.580249,-34.685066,-32.863172,-31.755531,-32.571543,-34.016855,-35.993108,-37.210025,-36.661267,-35.328946,-33.996542,-33.242107,-34.197976,-35.750677,-35.672334,-34.331447,-33.294089,-32.998386,-34.141202,-35.716093,-37.188355,-37.229982,-34.923143,-32.621976,-31.709335,-32.305052,-36.081501,-41.431145,-44.465927,-43.680008,-41.445503,-39.148105,-37.954222,-38.187774,-39.345445,-40.061931,-39.461378,-38.628825,-38.451939,-39.042123,-40.08544,-41.311052,-42.738543,-43.410728,-44.932351,-46.32438,-47.31537,-47.840265,-45.839207,-42.644154,-40.321647,-38.134321,-37.572615,-37.607518,-37.937251,-39.950207,-42.950002,-45.442725,-43.421227,-37.491137,-32.614121,-29.662919,-27.633869,-27.024505,-28.260133,-29.400602,-29.368081,-26.050001
"BUR001",2022-07-24,2022-07-24 11:03:00,2022-07-26,"burbot",271,465,NA,712,204,31,"N","1",1,110,NA,NA,0,"A","MD","Region_3","Region_3_1993"," 15:09:25.6320",NA,NA,NA,NA,13.94137,-0.92812,4.2939,-0.225188,1.043696,0.034727,0.113882,13.900424,1993,1967,1993,18,-35.856088,14.081837,1.0433,-0.18729,3.817,3.9824,0.020224,15.5,14.044159,14.188103,13.900424,-0.182879,1.259311,1.540245,1.391324,1.279535,1.560469,1.411548,-46.260595,-46.859011,-47.767994,-48.496709,-49.790692,-51.239206,-53.397163,-55.969459,-57.514278,-56.249977,-53.589086,-51.327918,-49.660005,-48.641864,-47.943174,-47.343897,-46.574968,-45.544577,-44.377715,-43.248849,-42.335317,-41.725835,-41.45552,-41.521081,-41.895083,-42.562705,-43.427048,-44.324371,-44.737951,-44.202487,-42.837145,-41.135913,-39.532876,-38.14949,-37.035997,-36.262573,-35.730259,-35.480086,-35.394034,-35.353319,-35.294106,-35.152604,-34.998982,-35.010885,-35.20994,-35.598905,-36.246177,-37.034051,-37.852524,-38.162107,-37.717107,-36.957014,-36.415036,-36.297648,-36.574984,-37.116897,-37.767609,-38.232676,-38.252446,-37.830449,-37.264167,-36.968145,-37.152395,-37.815916,-38.756937,-39.793275,-40.648141,-41.220465,-41.276265,-40.777813,-39.876369,-38.919666,-38.09602,-37.501823,-37.051125,-36.637684,-36.173433,-35.556442,-34.858351,-34.174902,-33.658258,-33.388315,-33.374138,-33.701141,-34.327722,-35.382883,-36.374992,-36.913591,-37.043327,-37.308119,NA,NA,NA,NA,NA,NA,NA,NA,NA,NA,NA,NA,NA,NA,NA,NA,NA,NA,NA,NA,NA,NA,NA,NA,NA,NA,NA,NA,NA,NA,NA,NA,NA,NA,NA,NA,NA,NA,NA,NA,NA,NA,NA,NA,NA,NA,NA,NA,NA,NA,NA,NA,NA,NA,NA,NA,NA,NA,NA,NA,NA,NA,NA,NA,NA,NA,NA,NA,NA,NA,NA,NA,NA,NA,NA,NA,NA,NA,NA,NA,NA,NA,NA,NA,NA,NA,NA,NA,NA,NA,NA,NA,NA,NA,NA,NA,NA,NA,NA,NA,NA,NA,NA,NA,NA,NA,NA,NA,NA,NA,NA,NA,NA,NA,NA,NA,NA,NA,NA,NA,NA,NA,NA,NA,NA,NA,NA,NA,NA,NA,NA,NA,NA,NA,NA,NA,NA,NA,NA,NA,NA,NA,NA,NA,NA,NA,NA,NA,NA,NA,NA,NA,NA,NA,NA,NA,NA,NA,NA,NA,NA,-38.269631,-38.241783,-38.057718,-37.671447,-37.128231,-37.458404,-37.739929,-37.616146,-37.513759,-37.425612,-37.460864,-37.469631,-37.772982,-38.633007,-39.841217,-41.656715,-43.358303,-44.515703,-44.93199,-44.701382,-44.369263,-44.078629,-43.978559,-43.928171,-43.935198,-43.788711,-43.584198,-43.47644,-43.267343,-43.241454,-42.877112,-42.459643,-41.968921,-41.233136,-40.553075,-39.699696,-38.744964,-38.061167,-37.513405,-37.003693,-36.755546,-36.695532,-36.802005,-37.600718,-38.700673,-40.324606,-42.177342,-43.850843,-45.00735,-45.838478,-46.580949,-47.798904,-49.629026,-52.199371,-56.231546,-56.649449,-51.130804,-47.352192,-45.083393,-43.69762,-42.78001,-41.5586,-40.39415,-39.387357,-38.450478,-38.876571,-39.609175,-40.639193,-41.861358,-43.119685,-44.514894,-45.583876,-45.678706,-44.894564,-43.81137,-42.634066,-41.378548,-39.90377,-38.702259,-37.584196,-36.789603,-37.181514,-37.580662,-38.18104,-38.718829,-38.94905,-39.491528,-40.491909,-41.138138,-41.724526,-41.757147,-40.297999,-38.738278,-37.362196,-36.686208,-38.015645,-39.555431,-41.181283,-41.644567,-39.974294,-38.124981,-35.989076,-34.355446,-34.750443,-35.604815,-36.981334,-37.918589,-38.041626,-37.765995,-37.244655,-36.632926,-37.352733,-37.715793,-37.787372,-37.416712,-36.528939,-36.273128,-36.899813,-38.124463,-39.950846,-40.318316,-38.946887,-37.541694,-36.838093,-36.907929,-38.513804,-40.465436,-41.900549,-42.080773,-40.363874,-38.383512,-37.213838,-36.756036,-38.566298,-40.587514,-42.042318,-43.679454,-45.009861,-46.490969,-47.65579,-48.311,-48.235492,-47.16363,-45.445746,-43.834023,-42.845711,-42.482616,-41.723815,-39.618804,-37.442243,-35.554798,-35.827827,-36.347214,-36.185069,-35.822006,-34.016662,-31.909046,-31.385975,-31.435075,-33.297234,-34.88359,-34.397884,-32.516076,-29.07629,-25.676498,-25.279244,-25.963075,-27.233914,-28.052018,-25.970345,-22.510266,-19.733039,-17.550625,-19.019502,-21.584914
"BUR001",2022-07-24,2022-07-24 11:03:00,2022-07-26,"burbot",271,465,NA,712,204,31,"N","1",1,110,NA,NA,0,"A","MD","Region_4","Region_4_2495"," 15:10:38.8330",0.0117059999999984,-0.32194,0.0503999999999998,2.05736706781068,14.128659,0.44587,4.0606,0.109671,1.00043,0.011037,0.014011,14.092768,2495,2495,2503,5,-36.19291,14.154412,0.3707,0.011706,1.163,0.4312,0.020224,15.5,14.116319,14.17692,14.092768,0.002407,1.271016,1.352956,1.330845,1.29124,1.373179,1.351069,-35.097876,-34.838242,-34.54806,-33.967129,-33.920428,-33.915804,-34.322841,-34.93973,-35.63385,-36.509409,-37.422508,-38.444309,-39.241379,-39.593941,-39.151146,-38.106588,-36.791125,-35.455906,-34.241762,-33.176324,-32.249742,-31.428667,-30.691476,-30.034345,-29.474709,-29.05125,-28.742185,-28.550162,-28.333799,-28.037204,-27.6705,-27.262706,-26.95109,-26.747536,-26.653596,-26.717176,-26.843006,-27.104193,-27.488554,-28.063494,-28.991729,-30.305263,-31.88391,-33.614784,-35.384495,-37.23489,-39.40506,-42.053794,-45.470958,-49.229655,-51.225457,-49.360487,-45.590733,-41.86219,-38.558071,-35.622023,-33.029448,-30.758613,-28.846528,-27.313552,-26.115212,-25.204636,-24.486953,-23.931751,-23.520008,-23.321654,-23.270242,-23.415832,-23.6661,-24.016779,-24.400195,-24.8174,-25.221811,-25.654139,-26.093306,-26.542013,-26.985162,-27.325024,-27.47625,-27.308754,-26.886031,-26.355884,-25.801548,-25.251398,-24.545709,-23.839534,-23.139195,-22.692341,-22.630356,-22.881492,NA,NA,NA,NA,NA,NA,NA,NA,NA,NA,NA,NA,NA,NA,NA,NA,NA,NA,NA,NA,NA,NA,NA,NA,NA,NA,NA,NA,NA,NA,NA,NA,NA,NA,NA,NA,NA,NA,NA,NA,NA,NA,NA,NA,NA,NA,NA,NA,NA,NA,NA,NA,NA,NA,NA,NA,NA,NA,NA,NA,NA,NA,NA,NA,NA,NA,NA,NA,NA,NA,NA,NA,NA,NA,NA,NA,NA,NA,NA,NA,NA,NA,NA,NA,NA,NA,NA,NA,NA,NA,NA,NA,NA,NA,NA,NA,NA,NA,NA,NA,NA,NA,NA,NA,NA,NA,NA,NA,NA,NA,NA,NA,NA,NA,NA,NA,NA,NA,NA,NA,NA,NA,NA,NA,NA,NA,NA,NA,NA,NA,NA,NA,NA,NA,NA,NA,NA,NA,NA,NA,NA,NA,NA,NA,NA,NA,NA,NA,NA,NA,NA,NA,NA,NA,NA,NA,NA,NA,NA,NA,NA,-33.25574,-32.692831,-32.273747,-32.035214,-31.974529,-32.867562,-33.714655,-34.027949,-34.20601,-34.312967,-34.499245,-34.71236,-35.175455,-36.067483,-37.156167,-38.6961,-40.45049,-42.697684,-45.834835,-50.076954,-52.106606,-47.920909,-44.117315,-41.386352,-39.42012,-37.851975,-36.64644,-35.863907,-35.378537,-35.541441,-36.050552,-37.126293,-38.637147,-40.407351,-42.771004,-45.67679,-48.663796,-49.219488,-46.730407,-44.105546,-42.235698,-40.949173,-39.917248,-39.224648,-38.281094,-37.350988,-36.641603,-36.377422,-36.756939,-37.94328,-39.728889,-42.196672,-45.047979,-47.425336,-47.96513,-46.056561,-43.632078,-41.917663,-40.929707,-40.690276,-41.282539,-42.460022,-45.108454,-48.679028,-45.418453,-41.204307,-38.451989,-36.585485,-35.124136,-33.692283,-32.332926,-31.091027,-30.079213,-29.38509,-29.037247,-29.022296,-29.307503,-29.58305,-29.945685,-29.955032,-29.778859,-30.404525,-31.135806,-32.429333,-34.219823,-36.278591,-39.470319,-44.874937,-51.631744,-48.685071,-45.119994,-42.584783,-41.335893,-40.866959,-40.610796,-40.085093,-38.320616,-37.255387,-36.404358,-34.56242,-32.948161,-31.069993,-29.512172,-29.61932,-30.267869,-32.208554,-34.835454,-37.594652,-39.768597,-39.588998,-37.494822,-36.561469,-36.210036,-36.823597,-37.821486,-38.315412,-38.560995,-38.772093,-39.429488,-41.908071,-45.923342,-47.791907,-43.420127,-39.130977,-35.999539,-34.621692,-34.051264,-34.203608,-35.122358,-35.734945,-35.665971,-34.920774,-33.961748,-34.601877,-34.961448,-34.520057,-34.353205,-34.27446,-34.918052,-35.633069,-35.425929,-33.931327,-31.784958,-29.743705,-28.239554,-27.466906,-27.496461,-28.176969,-29.440861,-31.303359,-32.071285,-32.834572,-32.960621,-32.609428,-32.644159,-31.895301,-30.55012,-29.663377,-28.468234,-28.600222,-28.955127,-29.071233,-29.996577,-29.90236,-27.390632,-25.268403,-23.330116,-21.820482,-20.851888,-19.276589,-17.380982,-15.709954,-13.726424,-14.179788,-15.078982
"BUR001",2022-07-24,2022-07-24 11:03:00,2022-07-26,"burbot",271,465,NA,712,204,31,"N","1",1,110,NA,NA,0,"A","MD","Region_4","Region_4_2496"," 15:10:38.9770",0.070233,0.13357,-0.174,17.7539496568935,14.140365,0.12393,4.111,0.030507,1.013694,0.015543,0.028396,14.10395,2496,2495,2503,5,-36.19291,14.154412,0.3707,0.011706,1.163,0.4312,0.020224,15.5,14.116319,14.17692,14.092768,0.002407,1.271016,1.352956,1.330845,1.29124,1.373179,1.351069,-40.87807,-40.726074,-40.661916,-40.397417,-40.667542,-40.768719,-40.794409,-40.424464,-39.666599,-38.845261,-37.974159,-37.26604,-36.624183,-36.186593,-35.839336,-35.633186,-35.562473,-35.641944,-35.921075,-36.417585,-37.14557,-38.095129,-39.259783,-40.647788,-42.284466,-44.185818,-46.199737,-48.059689,-49.510415,-50.875663,-52.624033,-54.433359,-54.349808,-51.698738,-48.523031,-45.719012,-43.295917,-41.292251,-39.603382,-38.160575,-36.977922,-35.990871,-35.105957,-34.320847,-33.573046,-32.824744,-32.128205,-31.398493,-30.743675,-30.143607,-29.674961,-29.317777,-28.98093,-28.599887,-28.126126,-27.535513,-26.879382,-26.190762,-25.544553,-24.992402,-24.523173,-24.144381,-23.837335,-23.641648,-23.573512,-23.70203,-23.945485,-24.345254,-24.809226,-25.335748,-25.846244,-26.301821,-26.593282,-26.709257,-26.62204,-26.379811,-26.060271,-25.699658,-25.388725,-25.134256,-24.964717,-24.842844,-24.703256,-24.59041,-24.485802,-24.672094,-25.108759,-25.848458,-26.820753,-27.890714,NA,NA,NA,NA,NA,NA,NA,NA,NA,NA,NA,NA,NA,NA,NA,NA,NA,NA,NA,NA,NA,NA,NA,NA,NA,NA,NA,NA,NA,NA,NA,NA,NA,NA,NA,NA,NA,NA,NA,NA,NA,NA,NA,NA,NA,NA,NA,NA,NA,NA,NA,NA,NA,NA,NA,NA,NA,NA,NA,NA,NA,NA,NA,NA,NA,NA,NA,NA,NA,NA,NA,NA,NA,NA,NA,NA,NA,NA,NA,NA,NA,NA,NA,NA,NA,NA,NA,NA,NA,NA,NA,NA,NA,NA,NA,NA,NA,NA,NA,NA,NA,NA,NA,NA,NA,NA,NA,NA,NA,NA,NA,NA,NA,NA,NA,NA,NA,NA,NA,NA,NA,NA,NA,NA,NA,NA,NA,NA,NA,NA,NA,NA,NA,NA,NA,NA,NA,NA,NA,NA,NA,NA,NA,NA,NA,NA,NA,NA,NA,NA,NA,NA,NA,NA,NA,NA,NA,NA,NA,NA,NA,-27.67907,-26.979014,-26.552969,-26.352067,-26.328689,-27.277382,-28.251266,-28.84504,-29.493364,-30.226454,-31.120566,-32.039875,-33.136785,-34.49833,-35.859551,-37.623891,-39.787696,-42.845208,-47.375588,-51.337233,-47.799724,-44.113282,-42.018892,-40.866958,-40.249792,-39.579916,-38.611809,-37.438486,-36.171779,-35.405349,-34.954253,-35.052246,-35.439874,-35.695074,-35.904229,-35.905937,-35.847648,-36.126263,-36.623125,-37.225068,-38.030714,-38.882824,-39.661115,-40.855354,-42.296541,-44.346622,-46.522397,-47.160442,-45.763277,-44.022132,-42.560006,-41.686731,-41.279045,-41.068224,-41.133096,-40.87836,-40.188695,-39.399464,-38.467023,-37.421749,-36.262392,-34.515478,-32.687086,-31.030758,-29.527539,-29.324374,-29.348983,-29.376683,-29.19952,-28.700872,-28.169578,-27.761282,-27.573828,-27.61054,-27.786661,-27.984147,-28.136264,-28.005682,-27.87287,-27.455039,-26.962172,-27.291168,-27.558875,-28.080745,-28.599243,-28.589625,-28.435637,-28.466049,-28.357332,-28.764076,-29.291519,-28.992703,-28.812987,-28.469793,-27.968802,-28.374785,-28.732935,-30.026848,-31.553545,-32.056151,-32.633417,-32.523655,-32.033811,-32.496761,-33.01843,-34.597524,-36.667011,-38.573909,-39.845844,-39.570547,-38.015426,-37.664991,-37.861779,-38.930623,-40.240856,-41.347585,-43.55214,-46.347676,-44.126352,-41.365285,-39.554168,-37.651564,-36.377821,-36.24439,-37.488114,-41.153317,-46.344798,-49.631589,-47.673437,-43.552499,-39.654776,-37.34253,-36.670072,-39.411375,-44.888277,-53.783069,-47.293299,-43.267593,-42.61708,-43.938623,-45.013494,-43.985419,-42.825576,-42.393548,-42.185742,-42.119876,-42.580447,-42.154752,-39.365459,-37.039766,-35.7908,-36.751298,-37.339118,-36.565718,-35.881025,-34.862169,-33.557036,-32.353622,-30.645877,-30.494074,-30.723339,-30.698126,-31.34258,-30.656087,-27.866175,-26.275834,-25.162033,-24.513736,-24.482218,-24.288845,-24.970016,-27.353906,-28.131845,-26.711064,-24.482772
"BUR001",2022-07-24,2022-07-24 11:03:00,2022-07-26,"burbot",271,465,NA,712,204,31,"N","1",1,110,NA,NA,0,"A","MD","Region_4","Region_4_2497"," 15:10:39.1200",-0.058527999999999,0.28757,0.2987,-8.03462318379779,14.210598,0.2575,3.937,0.063715,0.975694,0.019573,0.535298,14.17692,2497,2495,2503,5,-36.19291,14.154412,0.3707,0.011706,1.163,0.4312,0.020224,15.5,14.116319,14.17692,14.092768,0.002407,1.271016,1.352956,1.330845,1.29124,1.373179,1.351069,-47.161614,-44.65531,-42.437995,-40.435631,-39.354607,-38.477284,-37.935135,-37.406776,-36.787268,-36.285654,-35.893064,-35.817023,-35.895081,-36.131291,-36.281997,-36.318911,-36.23153,-36.068571,-35.943366,-35.962808,-36.210673,-36.718199,-37.46613,-38.409408,-39.545463,-40.990183,-42.986086,-45.99268,-49.648143,-49.679751,-46.866738,-44.946374,-44.057992,-43.793378,-43.853855,-44.059176,-44.087772,-43.78972,-43.051352,-42.024076,-41.053306,-40.349477,-39.93083,-39.750833,-39.643306,-39.491393,-39.334862,-39.114438,-38.964129,-38.86541,-38.892895,-39.076796,-39.346114,-39.530197,-39.41905,-38.900291,-38.041938,-36.942783,-35.732779,-34.495519,-33.261016,-32.072071,-30.914825,-29.808406,-28.759508,-27.860949,-27.062568,-26.412345,-25.813793,-25.270566,-24.748921,-24.308567,-23.953018,-23.72968,-23.58182,-23.470522,-23.37519,-23.294906,-23.332641,-23.544014,-23.996047,-24.628298,-25.317646,-26.040905,-26.74592,-27.728984,-29.083381,-30.982034,-33.451503,-36.5222,NA,NA,NA,NA,NA,NA,NA,NA,NA,NA,NA,NA,NA,NA,NA,NA,NA,NA,NA,NA,NA,NA,NA,NA,NA,NA,NA,NA,NA,NA,NA,NA,NA,NA,NA,NA,NA,NA,NA,NA,NA,NA,NA,NA,NA,NA,NA,NA,NA,NA,NA,NA,NA,NA,NA,NA,NA,NA,NA,NA,NA,NA,NA,NA,NA,NA,NA,NA,NA,NA,NA,NA,NA,NA,NA,NA,NA,NA,NA,NA,NA,NA,NA,NA,NA,NA,NA,NA,NA,NA,NA,NA,NA,NA,NA,NA,NA,NA,NA,NA,NA,NA,NA,NA,NA,NA,NA,NA,NA,NA,NA,NA,NA,NA,NA,NA,NA,NA,NA,NA,NA,NA,NA,NA,NA,NA,NA,NA,NA,NA,NA,NA,NA,NA,NA,NA,NA,NA,NA,NA,NA,NA,NA,NA,NA,NA,NA,NA,NA,NA,NA,NA,NA,NA,NA,NA,NA,NA,NA,NA,NA,-40.251306,-42.980138,-45.313021,-44.500748,-42.190227,-41.239205,-40.892556,-40.448795,-40.070013,-39.667474,-39.341429,-39.113138,-39.233896,-39.905774,-40.867603,-42.172206,-43.319018,-44.218977,-44.843944,-45.071201,-45.049826,-44.880839,-44.82635,-44.958392,-45.364199,-45.76152,-45.842319,-45.325722,-44.237965,-43.364801,-42.691971,-42.30694,-41.80544,-40.868431,-39.777458,-38.498219,-37.094236,-35.850471,-34.668535,-33.53204,-32.630527,-31.935536,-31.326844,-31.099938,-30.831692,-30.646726,-30.523521,-30.473211,-30.543897,-30.778586,-30.920545,-31.071011,-31.110715,-30.844053,-30.537158,-30.023138,-29.440852,-29.041722,-28.676945,-28.357035,-28.09778,-27.438839,-26.775143,-26.247299,-25.705041,-26.162596,-26.723946,-27.289345,-27.822322,-28.255198,-28.75818,-29.396311,-30.213576,-31.190936,-32.229525,-33.20054,-34.052996,-34.64446,-35.283036,-35.711506,-36.01159,-36.787938,-37.112521,-37.422076,-37.830164,-38.085359,-38.648544,-39.653959,-40.389019,-41.27369,-41.927043,-41.561602,-41.142211,-40.525228,-40.007424,-40.713204,-41.512148,-43.013272,-44.404977,-44.500393,-44.410062,-43.646953,-42.832951,-43.282648,-43.954552,-45.524608,-47.183245,-48.243736,-48.1607,-46.863222,-45.236798,-44.878754,-44.818441,-45.368372,-45.978573,-45.942693,-45.552674,-44.889258,-43.958693,-43.492158,-43.008203,-42.292708,-41.708827,-41.170415,-40.754555,-41.460508,-42.793093,-45.203968,-49.75975,-60.344433,-55.903641,-48.624956,-45.542113,-45.255531,-45.20959,-44.439707,-43.570429,-42.284748,-41.224705,-40.202981,-39.192749,-38.276078,-37.496982,-36.860971,-36.389498,-36.14116,-36.186304,-36.431555,-36.781286,-37.289572,-36.953093,-37.176945,-36.893285,-35.990857,-35.371104,-34.31302,-33.283033,-33.089813,-32.500833,-32.630711,-32.278184,-30.966269,-29.741446,-27.764456,-25.341592,-24.695044,-24.281642,-23.97973,-23.949793,-23.261639,-22.372039,-21.907149,-21.281941,-23.200862,-26.017124
"BUR001",2022-07-24,2022-07-24 11:03:00,2022-07-26,"burbot",271,465,NA,712,204,31,"N","1",1,110,NA,NA,0,"A","MD","Region_4","Region_4_2498"," 15:10:39.2670",NA,NA,NA,NA,14.15207,0.54507,4.2357,0.134262,1.04522,0.027955,0.009405,14.112781,2498,2495,2503,5,-36.19291,14.154412,0.3707,0.011706,1.163,0.4312,0.020224,15.5,14.116319,14.17692,14.092768,0.002407,1.271016,1.352956,1.330845,1.29124,1.373179,1.351069,-48.654198,-48.686029,-47.973577,-46.73086,-45.659092,-44.163105,-42.80826,-41.604529,-40.515019,-39.685224,-38.997073,-38.596901,-38.318398,-38.18242,-37.932689,-37.531796,-36.958746,-36.282863,-35.631773,-35.087688,-34.719219,-34.541676,-34.555905,-34.768481,-35.213765,-35.996547,-37.233502,-39.15188,-41.883719,-45.459788,-48.678613,-48.389861,-46.140381,-44.124743,-42.518626,-41.230108,-40.080352,-39.104631,-38.233484,-37.446391,-36.80559,-36.28286,-35.800873,-35.340067,-34.814073,-34.181364,-33.486655,-32.629406,-31.701423,-30.692983,-29.757062,-28.983548,-28.362163,-27.868022,-27.471322,-27.154414,-26.961427,-26.89201,-26.961857,-27.154807,-27.386368,-27.608689,-27.772936,-27.907117,-28.027384,-28.19803,-28.325597,-28.44952,-28.486099,-28.461763,-28.35114,-28.186667,-27.93151,-27.619577,-27.220673,-26.743636,-26.230771,-25.692493,-25.229274,-24.873368,-24.674364,-24.606142,-24.575455,-24.574818,-24.537583,-24.74343,-25.1472,-25.832652,-26.728824,-27.648938,NA,NA,NA,NA,NA,NA,NA,NA,NA,NA,NA,NA,NA,NA,NA,NA,NA,NA,NA,NA,NA,NA,NA,NA,NA,NA,NA,NA,NA,NA,NA,NA,NA,NA,NA,NA,NA,NA,NA,NA,NA,NA,NA,NA,NA,NA,NA,NA,NA,NA,NA,NA,NA,NA,NA,NA,NA,NA,NA,NA,NA,NA,NA,NA,NA,NA,NA,NA,NA,NA,NA,NA,NA,NA,NA,NA,NA,NA,NA,NA,NA,NA,NA,NA,NA,NA,NA,NA,NA,NA,NA,NA,NA,NA,NA,NA,NA,NA,NA,NA,NA,NA,NA,NA,NA,NA,NA,NA,NA,NA,NA,NA,NA,NA,NA,NA,NA,NA,NA,NA,NA,NA,NA,NA,NA,NA,NA,NA,NA,NA,NA,NA,NA,NA,NA,NA,NA,NA,NA,NA,NA,NA,NA,NA,NA,NA,NA,NA,NA,NA,NA,NA,NA,NA,NA,NA,NA,NA,NA,NA,NA,-29.035673,-28.654793,-28.428758,-28.371896,-28.50132,-29.720273,-31.056942,-32.089574,-33.175513,-34.192173,-35.022133,-35.283664,-35.097012,-34.73759,-34.202163,-33.994994,-33.813292,-33.694116,-33.635644,-33.510444,-33.523519,-33.645199,-33.983516,-34.486746,-35.291712,-36.333766,-37.853468,-40.288081,-44.293512,-53.79587,-54.368697,-45.344874,-41.636365,-39.235494,-37.57789,-36.187464,-34.999799,-34.262474,-33.747595,-33.300964,-33.076303,-32.949997,-32.81298,-33.064393,-33.262659,-33.636157,-34.092836,-34.559954,-34.967935,-35.319458,-35.400671,-35.447044,-35.368947,-34.934984,-34.409138,-33.582224,-32.719549,-32.137091,-31.671007,-31.318741,-31.059184,-30.368181,-29.711465,-29.211293,-28.717014,-29.374684,-30.082526,-30.788042,-31.386818,-31.744009,-32.081731,-32.446633,-32.891363,-33.466263,-34.223692,-35.232637,-36.591908,-38.15713,-40.403288,-43.311136,-46.55564,-46.49938,-43.626244,-41.908009,-40.975606,-39.701106,-38.04104,-36.516467,-35.223904,-34.927265,-35.176414,-34.913654,-35.135265,-35.542548,-35.806899,-36.516721,-36.737596,-37.933768,-39.616538,-40.572798,-42.020732,-43.012312,-43.035245,-42.374978,-40.501658,-39.636913,-39.887444,-40.68756,-41.624045,-41.573562,-39.669787,-38.048123,-36.45964,-35.826272,-35.941751,-36.100592,-36.473772,-35.98813,-34.246574,-33.14048,-32.587506,-32.328276,-32.575445,-33.179885,-33.889743,-35.274266,-36.277372,-36.892265,-37.555332,-37.61345,-37.418543,-36.968256,-35.976362,-36.548813,-37.405756,-38.130196,-38.95451,-38.756172,-38.287919,-37.700258,-36.973266,-36.244842,-35.794707,-35.66449,-35.295851,-33.880296,-31.769272,-29.738014,-28.354976,-28.364108,-29.014459,-31.482994,-33.084611,-32.495555,-31.337775,-29.638487,-28.431674,-29.00682,-30.062342,-32.579163,-34.01948,-32.839594,-31.140283,-28.855721,-26.814411,-27.610169,-29.255747,-30.701744,-29.918457,-26.827493,-24.508426,-24.421924,-25.722058,-29.262499,-30.845219
"BUR001",2022-07-24,2022-07-24 11:03:00,2022-07-26,"burbot",271,465,NA,712,204,31,"N","1",1,110,NA,NA,0,"A","MD","Region_4","Region_4_2503"," 15:10:39.9960",NA,NA,NA,NA,14.140365,1.2346,4.4138,0.303772,1.087968,0.026571,0.067995,14.095175,2503,2495,2503,5,-36.19291,14.154412,0.3707,0.011706,1.163,0.4312,0.020224,15.5,14.116319,14.17692,14.092768,0.002407,1.271016,1.352956,1.330845,1.29124,1.373179,1.351069,-49.751353,-48.534831,-47.60571,-47.196917,-48.502591,-51.591536,-59.472236,-61.647497,-51.607924,-46.918954,-43.727652,-41.399741,-39.55518,-38.194637,-37.089975,-36.215691,-35.476741,-34.835041,-34.307623,-33.883054,-33.589902,-33.419492,-33.3649,-33.415934,-33.548121,-33.760274,-33.998424,-34.273092,-34.526682,-34.829773,-35.268653,-35.885765,-36.794571,-37.97785,-39.422724,-41.142005,-42.937493,-44.603706,-45.407579,-44.558238,-42.516474,-40.415074,-38.840544,-37.879444,-37.310701,-36.958345,-36.790802,-36.688804,-36.717786,-36.718974,-36.567001,-36.145884,-35.449745,-34.542179,-33.469694,-32.286643,-31.126058,-30.076048,-29.222409,-28.603013,-28.146727,-27.79755,-27.497326,-27.280415,-27.195948,-27.335834,-27.602648,-28.007362,-28.40484,-28.744996,-28.939934,-28.99567,-28.89358,-28.71287,-28.461242,-28.16472,-27.879056,-27.602259,-27.424661,-27.351679,-27.393729,-27.515007,-27.628237,-27.737275,-27.749628,-27.872032,-27.931389,-28.030726,-28.222062,-28.447924,NA,NA,NA,NA,NA,NA,NA,NA,NA,NA,NA,NA,NA,NA,NA,NA,NA,NA,NA,NA,NA,NA,NA,NA,NA,NA,NA,NA,NA,NA,NA,NA,NA,NA,NA,NA,NA,NA,NA,NA,NA,NA,NA,NA,NA,NA,NA,NA,NA,NA,NA,NA,NA,NA,NA,NA,NA,NA,NA,NA,NA,NA,NA,NA,NA,NA,NA,NA,NA,NA,NA,NA,NA,NA,NA,NA,NA,NA,NA,NA,NA,NA,NA,NA,NA,NA,NA,NA,NA,NA,NA,NA,NA,NA,NA,NA,NA,NA,NA,NA,NA,NA,NA,NA,NA,NA,NA,NA,NA,NA,NA,NA,NA,NA,NA,NA,NA,NA,NA,NA,NA,NA,NA,NA,NA,NA,NA,NA,NA,NA,NA,NA,NA,NA,NA,NA,NA,NA,NA,NA,NA,NA,NA,NA,NA,NA,NA,NA,NA,NA,NA,NA,NA,NA,NA,NA,NA,NA,NA,NA,NA,-32.616974,-33.534494,-34.882518,-36.808502,-39.537938,-44.315319,-49.430413,-50.207391,-48.189857,-46.82069,-46.286037,-45.800355,-44.793818,-42.817941,-40.158171,-38.079105,-36.477281,-35.400522,-34.759515,-34.274989,-34.068254,-33.956825,-33.942496,-33.825448,-33.653045,-33.246998,-32.735481,-32.319661,-31.858749,-31.83471,-31.807607,-32.068286,-32.451014,-32.682632,-33.156596,-33.69474,-34.400732,-35.638988,-37.276453,-39.321651,-42.194942,-44.787851,-42.970491,-39.474605,-36.609132,-34.622541,-33.06054,-31.752532,-30.724354,-30.144854,-29.803789,-29.8356,-30.015645,-30.011281,-30.071358,-29.858651,-29.529929,-29.303099,-29.033513,-28.806296,-28.656756,-28.046442,-27.482675,-27.062337,-26.615484,-27.413129,-28.298124,-29.329419,-30.430993,-31.456642,-32.66319,-34.007493,-35.361322,-36.541554,-37.365675,-37.588448,-36.928245,-35.187573,-33.207296,-31.080687,-29.209788,-28.623889,-28.235981,-28.329266,-28.41952,-28.00729,-27.728029,-28.054713,-28.522256,-29.511041,-30.484853,-30.289948,-30.059138,-29.717246,-29.440463,-30.533761,-31.549385,-33.194008,-34.746511,-35.014594,-35.607261,-36.118697,-37.203462,-40.438901,-44.301477,-49.11813,-51.010221,-45.497783,-39.696743,-35.147848,-31.709153,-30.649611,-30.226742,-30.619764,-31.181617,-30.829245,-30.077363,-29.013827,-27.827163,-27.71888,-28.14027,-28.812855,-29.919725,-31.397733,-33.176798,-36.250517,-40.061435,-45.550329,-53.568302,-44.591102,-38.36016,-34.754171,-32.383185,-32.580621,-33.311861,-33.891495,-35.024429,-36.272988,-38.652251,-41.558136,-41.825917,-40.051407,-38.913167,-38.248545,-37.020213,-35.167684,-33.548954,-32.417903,-31.895077,-32.42065,-32.653629,-33.391802,-32.63107,-30.499261,-28.789082,-26.876066,-25.680727,-26.590933,-28.196756,-31.500894,-33.68451,-32.988862,-31.680822,-29.58151,-27.749891,-28.929552,-30.975583,-33.432778,-35.816524,-35.80491,-32.54601,-27.783366,-22.688343,-20.884445,-20.436671
"BUR001",2022-07-24,2022-07-24 11:03:00,2022-07-26,"burbot",271,465,NA,712,204,31,"N","1",1,110,NA,NA,0,"A","MD","Region_5","Region_5_3271"," 15:12:34.2190",NA,NA,NA,NA,14.04672,2.5459,3.8831,0.622514,0.950323,0.064212,0.068961,14.000704,3271,3271,3276,5,-35.539195,14.095884,1.9205,0.081939,0.743,1.4269,0.020224,15.5,14.059823,14.096495,14.000704,0.095792,1.352956,1.434895,1.390999,1.373179,1.455119,1.411223,-47.127457,-49.869859,-52.423458,-50.516749,-46.873275,-43.478319,-40.911211,-38.880156,-37.150492,-35.765705,-34.553631,-33.658327,-32.977336,-32.618216,-32.406463,-32.345517,-32.364136,-32.452298,-32.629292,-32.882561,-33.20368,-33.541744,-33.8596,-34.136611,-34.38946,-34.686677,-35.066836,-35.630016,-36.31666,-37.105304,-37.941103,-38.774957,-39.665094,-40.419777,-40.654121,-40.061048,-38.684662,-37.034435,-35.378986,-33.888644,-32.764068,-32.110608,-31.925424,-32.152574,-32.606197,-33.181211,-33.95346,-34.95357,-36.493145,-38.813182,-42.188129,-45.957163,-46.415978,-43.581353,-40.670942,-38.155349,-36.009568,-34.206679,-32.767304,-31.691291,-30.89205,-30.271608,-29.705271,-29.159348,-28.656896,-28.321671,-28.114443,-28.093748,-28.161109,-28.298242,-28.433574,-28.579524,-28.719135,-28.953922,-29.326659,-29.924079,-30.834905,-32.035803,-33.240487,-33.461022,-32.176257,-30.253238,-28.387063,-26.740573,-25.18498,-23.866815,-22.755277,-22.006418,-21.665386,-21.625895,NA,NA,NA,NA,NA,NA,NA,NA,NA,NA,NA,NA,NA,NA,NA,NA,NA,NA,NA,NA,NA,NA,NA,NA,NA,NA,NA,NA,NA,NA,NA,NA,NA,NA,NA,NA,NA,NA,NA,NA,NA,NA,NA,NA,NA,NA,NA,NA,NA,NA,NA,NA,NA,NA,NA,NA,NA,NA,NA,NA,NA,NA,NA,NA,NA,NA,NA,NA,NA,NA,NA,NA,NA,NA,NA,NA,NA,NA,NA,NA,NA,NA,NA,NA,NA,NA,NA,NA,NA,NA,NA,NA,NA,NA,NA,NA,NA,NA,NA,NA,NA,NA,NA,NA,NA,NA,NA,NA,NA,NA,NA,NA,NA,NA,NA,NA,NA,NA,NA,NA,NA,NA,NA,NA,NA,NA,NA,NA,NA,NA,NA,NA,NA,NA,NA,NA,NA,NA,NA,NA,NA,NA,NA,NA,NA,NA,NA,NA,NA,NA,NA,NA,NA,NA,NA,NA,NA,NA,NA,NA,NA,-30.776914,-31.62417,-32.434421,-33.306631,-34.340243,-36.511016,-38.232925,-38.283399,-37.132724,-35.5231,-34.132924,-32.878219,-32.10401,-32.126434,-32.521678,-33.19044,-33.102237,-32.28753,-31.197873,-30.013155,-29.084435,-28.311423,-27.758113,-27.192414,-26.682382,-26.059513,-25.437371,-25.071164,-24.828855,-25.204995,-25.729983,-26.546745,-27.329284,-27.670268,-27.927626,-28.001736,-28.07201,-28.438772,-28.984087,-29.608167,-30.69057,-32.377662,-34.653242,-37.64015,-39.743826,-40.765244,-41.84856,-44.781725,-53.537917,-49.992252,-42.416818,-39.039717,-37.135287,-35.465908,-33.82123,-31.803249,-29.766792,-28.174149,-26.92646,-25.907521,-25.034028,-23.736445,-22.437701,-21.388921,-20.455847,-20.799864,-21.399174,-22.104313,-22.879364,-23.591357,-24.459682,-25.532366,-26.823314,-28.304248,-29.945682,-31.797977,-34.055839,-36.836034,-40.874769,-47.019406,-48.50989,-41.079993,-36.444644,-33.873507,-32.637393,-32.095727,-32.369237,-33.176071,-33.326673,-32.857933,-31.693322,-29.30158,-27.034204,-25.078236,-23.621912,-23.683393,-23.589912,-23.626277,-23.360485,-21.848706,-20.595337,-19.249874,-18.179147,-18.352082,-18.093588,-17.858216,-17.679651,-17.538588,-17.620944,-17.916018,-18.342382,-19.56866,-20.427333,-21.520761,-22.786967,-23.918625,-25.469249,-27.520574,-29.99571,-32.21393,-30.353116,-27.162834,-25.068612,-23.958532,-23.407038,-23.624646,-23.118611,-21.587187,-19.937736,-18.263577,-17.319126,-17.525966,-18.448984,-20.448367,-20.95231,-19.919782,-19.295891,-19.144138,-19.957425,-21.415946,-22.471715,-21.880306,-20.35715,-19.15317,-18.737322,-19.228988,-20.606156,-22.53853,-23.833292,-23.932095,-23.460288,-24.750437,-26.845573,-29.646256,-35.062602,-47.247365,-39.259676,-35.450472,-35.633662,-38.582885,-38.524509,-35.61807,-34.556005,-35.424968,-43.259857,-38.022313,-30.607825,-28.027945,-27.855636,-29.181725,-32.600657,-40.78335,-40.261832,-33.714141,-32.517952
"BUR001",2022-07-24,2022-07-24 11:03:00,2022-07-26,"burbot",271,465,NA,712,204,31,"N","1",1,110,NA,NA,0,"A","MD","Region_5","Region_5_3273"," 15:12:34.5170",0.0351169999999996,-0.0754999999999999,-0.4389,4.50862732566368,14.081837,2.3345,3.4483,0.572559,0.846295,0.039332,0.001047,14.044717,3273,3271,3276,5,-35.539195,14.095884,1.9205,0.081939,0.743,1.4269,0.020224,15.5,14.059823,14.096495,14.000704,0.095792,1.352956,1.434895,1.390999,1.373179,1.455119,1.411223,-35.760658,-35.588631,-35.411941,-34.812324,-34.469385,-33.823006,-33.295435,-32.78057,-32.241863,-31.857317,-31.572713,-31.592654,-31.821326,-32.342042,-32.966584,-33.682807,-34.462148,-35.333633,-36.324608,-37.342641,-38.089212,-38.197923,-37.652778,-36.786847,-35.932853,-35.286946,-34.919434,-34.93262,-35.243458,-35.776739,-36.420821,-37.110068,-37.970824,-38.906989,-39.453373,-38.953669,-37.364707,-35.433759,-33.527264,-31.738969,-30.151166,-28.813237,-27.755282,-27.019857,-26.50017,-26.080848,-25.772563,-25.463438,-25.234398,-25.038466,-24.914328,-24.845063,-24.795488,-24.771795,-24.789653,-24.855555,-25.006706,-25.238745,-25.571329,-26.008231,-26.536572,-27.185778,-27.958154,-28.836945,-29.67008,-30.298467,-30.473078,-30.257065,-29.763684,-29.212065,-28.679161,-28.230238,-27.825667,-27.505034,-27.254028,-27.125989,-27.174283,-27.432125,-27.953469,-28.716217,-29.756067,-31.045344,-32.482161,-33.824599,-34.234668,-33.040263,-31.011497,-29.425553,-28.46819,-27.705295,NA,NA,NA,NA,NA,NA,NA,NA,NA,NA,NA,NA,NA,NA,NA,NA,NA,NA,NA,NA,NA,NA,NA,NA,NA,NA,NA,NA,NA,NA,NA,NA,NA,NA,NA,NA,NA,NA,NA,NA,NA,NA,NA,NA,NA,NA,NA,NA,NA,NA,NA,NA,NA,NA,NA,NA,NA,NA,NA,NA,NA,NA,NA,NA,NA,NA,NA,NA,NA,NA,NA,NA,NA,NA,NA,NA,NA,NA,NA,NA,NA,NA,NA,NA,NA,NA,NA,NA,NA,NA,NA,NA,NA,NA,NA,NA,NA,NA,NA,NA,NA,NA,NA,NA,NA,NA,NA,NA,NA,NA,NA,NA,NA,NA,NA,NA,NA,NA,NA,NA,NA,NA,NA,NA,NA,NA,NA,NA,NA,NA,NA,NA,NA,NA,NA,NA,NA,NA,NA,NA,NA,NA,NA,NA,NA,NA,NA,NA,NA,NA,NA,NA,NA,NA,NA,NA,NA,NA,NA,NA,NA,-26.397327,-26.272846,-26.315241,-26.519638,-26.879111,-28.243031,-29.584967,-30.455533,-31.279779,-32.052255,-33.031382,-34.045628,-34.601256,-33.874979,-32.046215,-30.509834,-29.350158,-28.644346,-28.344198,-28.234256,-28.292354,-28.223045,-27.944076,-27.302237,-26.521875,-25.657345,-24.918084,-24.544842,-24.4334,-24.940471,-25.724966,-26.890961,-28.067012,-28.661236,-28.739293,-28.373568,-27.89661,-27.661997,-27.631008,-27.730975,-28.203598,-29.186116,-30.744287,-33.604727,-37.814268,-40.181747,-35.54415,-31.537637,-28.932242,-27.378128,-26.360532,-25.732194,-25.291488,-24.701325,-24.244736,-23.807838,-23.492326,-23.444548,-23.454356,-23.453813,-23.499188,-23.172156,-22.813542,-22.605,-22.294573,-22.856565,-23.592158,-24.47748,-25.677202,-27.147762,-28.934608,-30.805915,-31.937609,-31.127543,-29.040259,-27.122806,-25.854699,-25.014107,-24.498907,-23.850015,-23.189078,-23.299105,-23.492209,-23.983126,-24.595119,-24.890031,-25.310995,-26.417747,-28.031227,-30.628827,-33.788546,-36.201599,-37.608623,-37.509796,-35.942912,-33.44178,-30.903226,-29.941903,-29.868133,-29.280936,-28.996366,-28.248679,-27.093168,-26.608676,-26.278568,-27.060841,-28.326697,-29.417381,-29.653188,-28.733995,-27.244209,-26.419389,-25.837169,-25.990446,-26.389435,-26.368087,-25.780952,-24.622851,-23.175556,-22.323663,-21.976807,-21.811409,-21.980542,-22.147443,-21.946088,-21.897065,-21.497305,-21.072906,-20.983569,-20.927368,-21.202492,-21.828416,-22.172526,-22.929015,-23.365147,-23.615569,-24.511787,-25.78558,-27.88746,-30.775067,-34.562245,-39.827721,-47.793807,-47.209975,-38.52246,-31.704531,-26.684185,-23.288085,-21.152912,-20.307093,-20.241269,-21.489209,-21.893273,-20.593168,-18.954129,-17.14551,-15.973423,-16.237911,-17.170301,-19.470574,-21.279086,-21.10011,-19.925465,-18.099193,-16.690626,-17.37512,-18.902486,-20.319567,-19.483555,-17.052575,-15.411355,-15.749717,-18.273156,-23.59332,-19.499461
"BUR001",2022-07-24,2022-07-24 11:03:00,2022-07-26,"burbot",271,465,NA,712,204,31,"N","1",1,110,NA,NA,0,"A","MD","Region_5","Region_5_3274"," 15:12:34.6640",-0.0117060000000002,0.1184,0.2291,-2.59899103653467,14.116954,2.259,3.0094,0.555689,0.74057,0.115703,0.262109,14.086559,3274,3271,3276,5,-35.539195,14.095884,1.9205,0.081939,0.743,1.4269,0.020224,15.5,14.059823,14.096495,14.000704,0.095792,1.352956,1.434895,1.390999,1.373179,1.455119,1.411223,-35.991743,-35.515233,-35.170669,-34.616241,-34.623478,-34.690067,-35.106857,-35.567123,-35.850993,-35.985262,-35.858011,-35.670215,-35.360861,-35.076389,-34.712247,-34.302867,-33.853754,-33.39065,-32.951109,-32.56554,-32.210633,-31.852339,-31.450057,-30.956985,-30.377543,-29.74298,-29.068929,-28.471074,-27.940418,-27.53005,-27.235797,-26.98206,-26.821624,-26.722785,-26.683691,-26.752398,-26.839287,-26.994652,-27.194946,-27.48394,-28.001326,-28.81285,-29.843542,-31.019775,-32.22426,-33.416142,-34.748813,-36.265217,-38.147675,-40.238294,-42.047302,-43.037769,-43.402857,-43.661719,-43.990827,-44.194669,-43.925938,-42.934587,-41.344614,-39.473889,-37.629889,-36.010136,-34.641269,-33.521517,-32.598683,-31.900249,-31.338304,-30.949974,-30.66961,-30.5302,-30.49588,-30.581335,-30.707996,-30.856154,-30.931553,-30.895196,-30.669439,-30.171875,-29.381111,-28.335418,-27.234825,-26.198969,-25.293428,-24.585901,-24.005353,-23.656935,-23.560232,-23.75046,-24.154572,-24.64109,NA,NA,NA,NA,NA,NA,NA,NA,NA,NA,NA,NA,NA,NA,NA,NA,NA,NA,NA,NA,NA,NA,NA,NA,NA,NA,NA,NA,NA,NA,NA,NA,NA,NA,NA,NA,NA,NA,NA,NA,NA,NA,NA,NA,NA,NA,NA,NA,NA,NA,NA,NA,NA,NA,NA,NA,NA,NA,NA,NA,NA,NA,NA,NA,NA,NA,NA,NA,NA,NA,NA,NA,NA,NA,NA,NA,NA,NA,NA,NA,NA,NA,NA,NA,NA,NA,NA,NA,NA,NA,NA,NA,NA,NA,NA,NA,NA,NA,NA,NA,NA,NA,NA,NA,NA,NA,NA,NA,NA,NA,NA,NA,NA,NA,NA,NA,NA,NA,NA,NA,NA,NA,NA,NA,NA,NA,NA,NA,NA,NA,NA,NA,NA,NA,NA,NA,NA,NA,NA,NA,NA,NA,NA,NA,NA,NA,NA,NA,NA,NA,NA,NA,NA,NA,NA,NA,NA,NA,NA,NA,NA,-29.048406,-28.448584,-27.845848,-27.303424,-26.863596,-27.317304,-27.786177,-27.835282,-27.841109,-27.693418,-27.504587,-27.224884,-26.923643,-26.815854,-26.720969,-26.890026,-27.139555,-27.530086,-28.063782,-28.654246,-29.37493,-30.153252,-31.076562,-32.099296,-33.40271,-35.005214,-37.0933,-39.983395,-43.874567,-49.020611,-49.679486,-45.3561,-41.8642,-39.148323,-37.058956,-35.328526,-33.837835,-32.620764,-31.539451,-30.489024,-29.605713,-28.98623,-28.489427,-28.397061,-28.30944,-28.204732,-27.974883,-27.676784,-27.420942,-27.414346,-27.506221,-27.703631,-27.915425,-27.846352,-27.735694,-27.527134,-27.302033,-27.232375,-27.111968,-26.824678,-26.42107,-25.54561,-24.520559,-23.648792,-22.766464,-22.712184,-22.84557,-22.928451,-23.07719,-23.27608,-23.575171,-24.009879,-24.592276,-25.279682,-25.974496,-26.574834,-27.051131,-27.38597,-27.756003,-28.006146,-28.310046,-29.218014,-29.922255,-30.397105,-30.714799,-30.948142,-31.983577,-34.471199,-37.444813,-38.723349,-37.582342,-35.733505,-34.545914,-33.78132,-33.333897,-33.704567,-33.729058,-33.891173,-33.828196,-32.719519,-31.58978,-30.083788,-28.540332,-27.756603,-27.042352,-27.230051,-27.7955,-28.71464,-29.676136,-30.540715,-31.840826,-34.370069,-37.704543,-38.634454,-34.935256,-31.577786,-29.391295,-28.101879,-26.974917,-25.767957,-24.382775,-22.888269,-21.825591,-21.110528,-20.661588,-20.94849,-21.140193,-21.10027,-20.759239,-19.9658,-19.172943,-18.760646,-18.688055,-19.655025,-20.673959,-21.118924,-21.20725,-20.786908,-20.56092,-20.671178,-21.102264,-21.708205,-22.23993,-22.49112,-22.505507,-22.528824,-22.767537,-23.428004,-24.301325,-25.384603,-26.355802,-27.765687,-28.34212,-27.869651,-27.04922,-25.729017,-24.583231,-24.329241,-24.427161,-25.433292,-26.116184,-26.051056,-25.87719,-25.357307,-25.078691,-26.366285,-28.438303,-31.375678,-33.757929,-31.937681,-27.862418,-24.120453,-21.043727,-20.094965,-20.402284
"BUR001",2022-07-24,2022-07-24 11:03:00,2022-07-26,"burbot",271,465,NA,712,204,31,"N","1",1,110,NA,NA,0,"A","MD","Region_5","Region_5_3275"," 15:12:34.8130",0.0234110000000012,-0.3222,0.0396999999999998,4.12471495939104,14.105248,2.3774,3.2385,0.584176,0.796156,0.078738,0.294856,14.070639,3275,3271,3276,5,-35.539195,14.095884,1.9205,0.081939,0.743,1.4269,0.020224,15.5,14.059823,14.096495,14.000704,0.095792,1.352956,1.434895,1.390999,1.373179,1.455119,1.411223,-48.890751,-47.597532,-46.332515,-45.349101,-45.320298,-45.198587,-44.961167,-44.552188,-44.125042,-43.83089,-43.43699,-42.98718,-42.388986,-41.874542,-41.418492,-41.075779,-40.799145,-40.552332,-40.333395,-40.170322,-40.095876,-40.139586,-40.30319,-40.518852,-40.665089,-40.551473,-39.964912,-38.980495,-37.792787,-36.699487,-35.798667,-34.983293,-34.232495,-33.477645,-32.740653,-32.122509,-31.587204,-31.231345,-31.04827,-31.076305,-31.423054,-32.094712,-32.941414,-33.784941,-34.397288,-34.653318,-34.600366,-34.1453,-33.398673,-32.437912,-31.512679,-30.781021,-30.242492,-29.825235,-29.445232,-29.041101,-28.621018,-28.191656,-27.818112,-27.571166,-27.515146,-27.72291,-28.193138,-28.896724,-29.727288,-30.674325,-31.661669,-32.783125,-34.025703,-35.424002,-36.809993,-37.82593,-37.916924,-37.023731,-35.513522,-33.800926,-32.110891,-30.574272,-29.320875,-28.387728,-27.811516,-27.502259,-27.337605,-27.247055,-27.059927,-26.847699,-26.625718,-26.516641,-26.555,-26.702022,NA,NA,NA,NA,NA,NA,NA,NA,NA,NA,NA,NA,NA,NA,NA,NA,NA,NA,NA,NA,NA,NA,NA,NA,NA,NA,NA,NA,NA,NA,NA,NA,NA,NA,NA,NA,NA,NA,NA,NA,NA,NA,NA,NA,NA,NA,NA,NA,NA,NA,NA,NA,NA,NA,NA,NA,NA,NA,NA,NA,NA,NA,NA,NA,NA,NA,NA,NA,NA,NA,NA,NA,NA,NA,NA,NA,NA,NA,NA,NA,NA,NA,NA,NA,NA,NA,NA,NA,NA,NA,NA,NA,NA,NA,NA,NA,NA,NA,NA,NA,NA,NA,NA,NA,NA,NA,NA,NA,NA,NA,NA,NA,NA,NA,NA,NA,NA,NA,NA,NA,NA,NA,NA,NA,NA,NA,NA,NA,NA,NA,NA,NA,NA,NA,NA,NA,NA,NA,NA,NA,NA,NA,NA,NA,NA,NA,NA,NA,NA,NA,NA,NA,NA,NA,NA,NA,NA,NA,NA,NA,NA,-30.415707,-30.357763,-30.55423,-31.045411,-31.821995,-33.614759,-35.198909,-35.76839,-35.506398,-34.477635,-33.170388,-31.767453,-30.561579,-29.855074,-29.410087,-29.422757,-29.529892,-29.702887,-29.894263,-29.978894,-30.072215,-30.098336,-30.153667,-30.138963,-30.164175,-30.094367,-29.927775,-29.745333,-29.389751,-29.221058,-29.056584,-29.194987,-29.607659,-30.099614,-30.794431,-31.457119,-32.032721,-32.656063,-33.233209,-33.622901,-33.867361,-33.843071,-33.33674,-32.834462,-32.159942,-31.519796,-30.812756,-30.057572,-29.335879,-28.89144,-28.609434,-28.556559,-28.675239,-28.691843,-28.858201,-28.954406,-28.853114,-28.595333,-28.093397,-27.460596,-26.892421,-26.063163,-25.321526,-24.867903,-24.374176,-24.601679,-24.753961,-24.695631,-24.618508,-24.527297,-24.488446,-24.462457,-24.398743,-24.275616,-24.125282,-24.017265,-24.007761,-23.961576,-23.881256,-23.3924,-22.618366,-22.317327,-21.918989,-21.718054,-21.717877,-21.600559,-21.690092,-22.176462,-22.529809,-23.107651,-23.625678,-23.372531,-23.21335,-23.108666,-23.167441,-24.14353,-24.863601,-25.882173,-26.822301,-26.76624,-26.842953,-26.701519,-26.654721,-27.446544,-27.989549,-28.94057,-29.986496,-31.251417,-32.678486,-34.147647,-35.723261,-37.429674,-37.951647,-37.672348,-36.817652,-35.618975,-34.506572,-33.613809,-32.773491,-32.370863,-32.2672,-32.200161,-32.418789,-32.680171,-32.759066,-33.149454,-33.133124,-32.794195,-32.410682,-31.900582,-31.750727,-32.241931,-33.073134,-34.823835,-36.227936,-36.533974,-36.151791,-35.200723,-34.410633,-33.679194,-32.918482,-32.267964,-31.897111,-31.844948,-31.98888,-32.062213,-31.798673,-31.301722,-30.691556,-30.453724,-30.629699,-32.346226,-34.515761,-36.192025,-36.375201,-34.960184,-34.33259,-36.231828,-41.367119,-46.304221,-39.550598,-36.345775,-35.953625,-37.437506,-42.461103,-42.631317,-36.526474,-34.346203,-35.255926,-41.557033,-37.928624,-28.572765,-23.921471,-22.400569,-21.866807
"BUR001",2022-07-24,2022-07-24 11:03:00,2022-07-26,"burbot",271,465,NA,712,204,31,"N","1",1,110,NA,NA,0,"A","MD","Region_5","Region_5_3276"," 15:12:34.9620",NA,NA,NA,NA,14.128659,2.0552,3.2782,0.505859,0.807428,0.060533,0.214535,14.096495,3276,3271,3276,5,-35.539195,14.095884,1.9205,0.081939,0.743,1.4269,0.020224,15.5,14.059823,14.096495,14.000704,0.095792,1.352956,1.434895,1.390999,1.373179,1.455119,1.411223,-38.604802,-38.588532,-38.475537,-37.917077,-37.66949,-37.257697,-37.088997,-37.012597,-36.944332,-36.99376,-37.049029,-37.263449,-37.519268,-37.919656,-38.315631,-38.700365,-39.04091,-39.352004,-39.704888,-40.197903,-40.907166,-41.886003,-43.146065,-44.63055,-46.197612,-47.452911,-47.668804,-46.626491,-44.908721,-43.252133,-41.997308,-41.196275,-40.927505,-41.1422,-41.801481,-42.90583,-44.291004,-45.847152,-47.09902,-47.195578,-45.855169,-43.978192,-42.342284,-41.181558,-40.373719,-39.758939,-39.332398,-38.984878,-38.807198,-38.75418,-38.813412,-38.868463,-38.805891,-38.626438,-38.383848,-38.119322,-37.87304,-37.621532,-37.367529,-37.118846,-36.915493,-36.84237,-36.913556,-37.091098,-37.236431,-37.334417,-37.353598,-37.439103,-37.613729,-37.964418,-38.4891,-39.24648,-40.253732,-41.664388,-43.636681,-46.27659,-47.985538,-45.478682,-41.88474,-39.209074,-37.450137,-36.237873,-35.195862,-34.122649,-32.906403,-31.820138,-31.089305,-30.893598,-31.083689,-31.235182,NA,NA,NA,NA,NA,NA,NA,NA,NA,NA,NA,NA,NA,NA,NA,NA,NA,NA,NA,NA,NA,NA,NA,NA,NA,NA,NA,NA,NA,NA,NA,NA,NA,NA,NA,NA,NA,NA,NA,NA,NA,NA,NA,NA,NA,NA,NA,NA,NA,NA,NA,NA,NA,NA,NA,NA,NA,NA,NA,NA,NA,NA,NA,NA,NA,NA,NA,NA,NA,NA,NA,NA,NA,NA,NA,NA,NA,NA,NA,NA,NA,NA,NA,NA,NA,NA,NA,NA,NA,NA,NA,NA,NA,NA,NA,NA,NA,NA,NA,NA,NA,NA,NA,NA,NA,NA,NA,NA,NA,NA,NA,NA,NA,NA,NA,NA,NA,NA,NA,NA,NA,NA,NA,NA,NA,NA,NA,NA,NA,NA,NA,NA,NA,NA,NA,NA,NA,NA,NA,NA,NA,NA,NA,NA,NA,NA,NA,NA,NA,NA,NA,NA,NA,NA,NA,NA,NA,NA,NA,NA,NA,-29.078208,-29.628503,-30.31485,-31.177571,-32.25399,-34.321583,-36.347868,-37.49855,-37.68368,-36.863135,-35.631322,-34.279246,-33.015663,-32.044213,-31.156092,-30.602005,-30.161277,-29.870863,-29.709448,-29.558929,-29.484008,-29.382374,-29.307203,-29.18911,-29.18512,-29.269999,-29.565538,-30.238571,-31.190869,-32.639361,-34.115381,-35.406487,-36.153668,-36.19721,-35.7588,-34.805827,-33.566653,-32.446455,-31.488494,-30.624057,-29.919796,-29.313214,-28.592652,-28.100078,-27.579889,-27.198192,-26.890537,-26.584977,-26.221377,-25.923603,-25.578046,-25.292705,-25.009917,-24.457528,-23.876899,-23.193662,-22.552571,-22.199576,-21.968745,-21.774687,-21.661139,-21.255783,-20.907644,-20.8631,-20.895551,-21.789124,-22.755142,-23.548032,-24.249549,-24.840933,-25.406012,-25.988309,-26.622871,-27.308362,-27.974856,-28.476677,-28.654469,-28.332799,-27.696065,-26.657687,-25.538523,-25.114506,-24.74685,-24.593475,-24.607555,-24.463678,-24.569219,-25.176215,-25.644542,-26.161236,-26.328306,-25.523511,-24.666666,-23.744791,-23.029029,-23.445625,-23.935974,-24.905535,-25.770421,-25.594194,-25.467215,-25.040559,-24.70408,-25.279708,-25.792996,-26.838276,-27.842073,-28.872766,-29.83161,-30.478964,-30.800891,-31.101992,-30.84562,-30.661014,-30.23133,-29.244412,-27.927443,-26.625277,-25.544876,-25.268231,-25.484963,-25.61433,-25.723346,-25.561165,-25.09863,-25.050661,-24.845418,-24.616718,-24.455363,-24.066036,-23.764118,-23.730144,-23.705562,-24.483722,-25.201116,-25.694428,-26.461967,-27.103201,-28.03747,-29.098546,-30.027741,-30.714018,-31.371553,-32.406752,-34.256405,-37.142994,-38.847445,-36.063457,-32.935692,-31.082472,-29.943678,-29.93412,-29.444078,-28.056941,-26.582705,-24.883152,-23.627971,-23.513148,-23.784875,-25.050501,-26.037679,-26.193228,-25.994586,-24.877237,-23.370248,-22.976635,-22.609435,-22.198813,-21.729298,-20.866946,-19.883705,-19.301117,-18.664871,-19.153865,-19.480076
"BUR001",2022-07-24,2022-07-24 11:03:00,2022-07-26,"burbot",271,465,NA,712,204,31,"N","1",1,110,NA,NA,0,"A","MD","Region_6","Region_6_4312"," 15:15:08.4060",0.070233,0.3297,-0.2851,9.15352206403164,14.023309,-3.8265,2.2994,-0.935101,0.561382,0.024349,0.013263,13.980831,4312,4312,4370,35,-40.415249,13.778829,0.8374,-0.538458,8.505,7.1221,0.020224,15.5,13.744074,14.058643,13.449912,-0.526691,1.388072,1.996764,1.713944,1.408296,2.016987,1.734168,-47.259138,-44.792309,-42.771361,-40.970273,-40.047936,-39.194867,-38.650521,-38.172462,-37.603108,-36.996409,-36.199581,-35.41367,-34.658756,-34.150931,-33.813441,-33.700712,-33.75438,-33.961124,-34.279912,-34.641123,-34.941483,-35.079742,-35.05269,-34.924128,-34.823578,-34.868566,-35.065336,-35.373513,-35.406303,-34.917241,-34.029374,-33.07029,-32.348487,-31.867089,-31.610673,-31.572438,-31.613345,-31.749951,-31.911455,-32.127635,-32.545413,-33.26469,-34.272192,-35.518317,-36.827934,-38.05577,-39.17505,-39.947342,-40.160678,-39.474643,-38.110163,-36.600813,-35.252717,-34.118499,-33.166755,-32.346979,-31.665784,-31.115573,-30.69201,-30.356242,-29.981465,-29.448028,-28.729238,-27.950828,-27.237254,-26.730655,-26.37504,-26.219677,-26.185112,-26.281854,-26.476324,-26.796809,-27.180091,-27.649259,-28.125767,-28.59567,-29.062058,-29.528596,-30.083026,-30.786972,-31.760693,-33.107571,-34.935762,-37.335157,-39.349286,-38.110364,-34.68166,-31.698802,-29.590888,-28.237016,NA,NA,NA,NA,NA,NA,NA,NA,NA,NA,NA,NA,NA,NA,NA,NA,NA,NA,NA,NA,NA,NA,NA,NA,NA,NA,NA,NA,NA,NA,NA,NA,NA,NA,NA,NA,NA,NA,NA,NA,NA,NA,NA,NA,NA,NA,NA,NA,NA,NA,NA,NA,NA,NA,NA,NA,NA,NA,NA,NA,NA,NA,NA,NA,NA,NA,NA,NA,NA,NA,NA,NA,NA,NA,NA,NA,NA,NA,NA,NA,NA,NA,NA,NA,NA,NA,NA,NA,NA,NA,NA,NA,NA,NA,NA,NA,NA,NA,NA,NA,NA,NA,NA,NA,NA,NA,NA,NA,NA,NA,NA,NA,NA,NA,NA,NA,NA,NA,NA,NA,NA,NA,NA,NA,NA,NA,NA,NA,NA,NA,NA,NA,NA,NA,NA,NA,NA,NA,NA,NA,NA,NA,NA,NA,NA,NA,NA,NA,NA,NA,NA,NA,NA,NA,NA,NA,NA,NA,NA,NA,NA,-36.722793,-36.369277,-35.777169,-35.007813,-34.164906,-34.588779,-34.989446,-35.001539,-35.049902,-34.854319,-34.771604,-34.565209,-34.515956,-35.00299,-35.562589,-36.504102,-37.268257,-37.903109,-38.458337,-38.841905,-39.30452,-39.689176,-40.151616,-40.44515,-40.744469,-40.922231,-41.041263,-41.399208,-41.763656,-42.670099,-43.677715,-45.031805,-46.532284,-47.739832,-48.79971,-49.390614,-49.617363,-49.684274,-49.626266,-49.264071,-48.8894,-48.632028,-48.325955,-48.504237,-48.645436,-49.036008,-49.528211,-50.306275,-51.21603,-52.314211,-53.219744,-53.834695,-54.299376,-54.467872,-54.890116,-54.984115,-53.885085,-52.094049,-50.388035,-48.801356,-47.254415,-45.16036,-42.876192,-40.927729,-39.188857,-38.836944,-38.795048,-38.657241,-38.496064,-38.23304,-38.128234,-38.244785,-38.553555,-38.907109,-39.069211,-38.885955,-38.479232,-38.013665,-37.823278,-37.718314,-37.782849,-38.601579,-39.154686,-39.644603,-39.91753,-39.993131,-40.520738,-41.970452,-43.958224,-46.571571,-49.654734,-51.275564,-49.205863,-45.492199,-42.837499,-42.71783,-43.59575,-44.846466,-44.961929,-42.612296,-39.847633,-37.088542,-34.878289,-34.497673,-35.095137,-36.863909,-38.373289,-37.856211,-36.181469,-34.769249,-34.093386,-34.861353,-36.435442,-39.161271,-41.859515,-42.079957,-40.312655,-38.484026,-36.991967,-36.347628,-36.691745,-37.66136,-38.58895,-38.482629,-37.490209,-37.16856,-37.292067,-37.632111,-38.37171,-38.924041,-39.14861,-38.890322,-37.56184,-36.222567,-34.820354,-33.139582,-32.11504,-31.683205,-31.585241,-31.38864,-30.860272,-30.09975,-29.320269,-28.679351,-28.263884,-28.097524,-28.121404,-28.475456,-28.637879,-28.601901,-28.205149,-28.62313,-28.90496,-28.671431,-28.64305,-28.053132,-27.38034,-27.058201,-26.374166,-26.415751,-26.390824,-26.403108,-26.934325,-26.582319,-26.307508,-26.707418,-26.347317,-25.837036,-25.572503,-26.894039,-31.773741,-32.297033,-22.811175,-18.414223,-16.007032
"BUR001",2022-07-24,2022-07-24 11:03:00,2022-07-26,"burbot",271,465,NA,712,204,31,"N","1",1,110,NA,NA,0,"A","MD","Region_6","Region_6_4313"," 15:15:08.5530",-0.0468219999999988,0.2798,0.0899000000000001,-9.05224486394037,14.093542,-3.4968,2.0143,-0.859074,0.494451,0.147518,0.074021,14.058643,4313,4312,4370,35,-40.415249,13.778829,0.8374,-0.538458,8.505,7.1221,0.020224,15.5,13.744074,14.058643,13.449912,-0.526691,1.388072,1.996764,1.713944,1.408296,2.016987,1.734168,-44.34659,-45.106544,-46.840223,-49.561888,-53.006502,-50.688336,-46.544796,-43.405912,-40.967978,-39.141132,-37.755568,-36.917116,-36.40694,-36.134118,-35.778732,-35.290089,-34.691068,-34.113105,-33.677141,-33.461438,-33.414516,-33.364593,-33.096531,-32.486385,-31.656424,-30.834778,-30.18332,-29.888239,-29.908508,-30.223556,-30.700711,-31.166086,-31.641859,-32.074231,-32.447429,-32.766825,-32.92856,-33.003805,-32.972241,-32.806336,-32.48936,-32.056367,-31.666215,-31.513131,-31.571109,-31.754151,-32.117498,-32.611411,-33.410025,-34.597094,-36.337765,-38.747412,-41.971677,-46.161665,-48.353659,-44.371261,-40.405182,-37.653817,-35.870324,-34.871338,-34.510477,-34.646407,-35.093927,-35.685983,-36.252783,-36.769431,-37.149887,-37.497122,-37.864174,-38.427206,-39.25991,-40.318969,-41.191239,-41.510912,-41.313279,-41.035027,-40.932144,-40.990523,-41.033055,-40.743116,-39.977864,-38.807037,-37.438573,-36.085844,-34.79992,-33.788944,-33.132491,-32.952966,-33.146423,-33.321868,NA,NA,NA,NA,NA,NA,NA,NA,NA,NA,NA,NA,NA,NA,NA,NA,NA,NA,NA,NA,NA,NA,NA,NA,NA,NA,NA,NA,NA,NA,NA,NA,NA,NA,NA,NA,NA,NA,NA,NA,NA,NA,NA,NA,NA,NA,NA,NA,NA,NA,NA,NA,NA,NA,NA,NA,NA,NA,NA,NA,NA,NA,NA,NA,NA,NA,NA,NA,NA,NA,NA,NA,NA,NA,NA,NA,NA,NA,NA,NA,NA,NA,NA,NA,NA,NA,NA,NA,NA,NA,NA,NA,NA,NA,NA,NA,NA,NA,NA,NA,NA,NA,NA,NA,NA,NA,NA,NA,NA,NA,NA,NA,NA,NA,NA,NA,NA,NA,NA,NA,NA,NA,NA,NA,NA,NA,NA,NA,NA,NA,NA,NA,NA,NA,NA,NA,NA,NA,NA,NA,NA,NA,NA,NA,NA,NA,NA,NA,NA,NA,NA,NA,NA,NA,NA,NA,NA,NA,NA,NA,NA,-36.601444,-35.860561,-35.360657,-35.030931,-34.799375,-35.68246,-36.46837,-36.764953,-37.010971,-36.999937,-37.040775,-36.995453,-37.038348,-37.517324,-38.099309,-39.054354,-39.920679,-40.62778,-41.093129,-41.206834,-41.192782,-41.037249,-40.9824,-40.916103,-41.023239,-41.190732,-41.41714,-41.868475,-42.283508,-42.993213,-43.557421,-44.021197,-44.127995,-43.646869,-42.984776,-42.208533,-41.496542,-40.969041,-40.579851,-40.106275,-39.683288,-39.395597,-39.033341,-39.03081,-38.946462,-38.903865,-38.690463,-38.407405,-38.044275,-37.870718,-37.754289,-37.682259,-37.681824,-37.377588,-37.060832,-36.591823,-35.980259,-35.407229,-34.839781,-34.241501,-33.766912,-33.060442,-32.418162,-32.148187,-31.83021,-32.280569,-32.641363,-32.693836,-32.711936,-32.681406,-32.70843,-32.7861,-32.888528,-32.991078,-33.098251,-33.26075,-33.563007,-34.000474,-34.667576,-35.314082,-36.016121,-37.3037,-38.275801,-39.019582,-39.418786,-39.359606,-39.29305,-39.546287,-39.66838,-39.768508,-39.671917,-38.64539,-37.58889,-36.751882,-36.200674,-36.913411,-37.772351,-38.951865,-39.960868,-39.641936,-39.077259,-38.028685,-36.700468,-36.035957,-35.356496,-35.259082,-35.414475,-35.726095,-35.93335,-35.939021,-35.861231,-36.097424,-36.152384,-36.405349,-36.418276,-35.997074,-35.44508,-35.125078,-35.113609,-35.665072,-36.647622,-37.585055,-38.438652,-39.067242,-39.418801,-40.324326,-41.469369,-42.843658,-44.471669,-45.518338,-45.415137,-44.438348,-43.024091,-42.284483,-41.857629,-41.260052,-40.993835,-40.671559,-40.193313,-39.936833,-40.396662,-41.659264,-43.06907,-43.458834,-43.190222,-43.502438,-44.523732,-45.483684,-45.509675,-45.509538,-45.493737,-45.858578,-45.86584,-45.249553,-43.576753,-40.454027,-37.67508,-36.148275,-35.100376,-34.819162,-33.953592,-32.424041,-30.800436,-28.28751,-25.842925,-24.305562,-22.782778,-21.585588,-20.289493,-19.008048,-17.533041,-15.757429,-13.847699,-12.630832,-11.614207
"BUR001",2022-07-24,2022-07-24 11:03:00,2022-07-26,"burbot",271,465,NA,712,204,31,"N","1",1,110,NA,NA,0,"A","MD","Region_6","Region_6_4314"," 15:15:08.6990",-0.0351170000000014,-0.3785,0.188,-4.75001684273359,14.04672,-3.217,2.1042,-0.787743,0.514938,0.582571,0.366988,14.015158,4314,4312,4370,35,-40.415249,13.778829,0.8374,-0.538458,8.505,7.1221,0.020224,15.5,13.744074,14.058643,13.449912,-0.526691,1.388072,1.996764,1.713944,1.408296,2.016987,1.734168,-45.150241,-46.767988,-47.842459,-47.912019,-47.987436,-48.06295,-48.930942,-50.640501,-52.823449,-53.038675,-49.846996,-46.699714,-44.524031,-43.301717,-42.611455,-42.144685,-41.589227,-40.821947,-39.931157,-39.138837,-38.608335,-38.425132,-38.584469,-38.946413,-39.259088,-39.158231,-38.452732,-37.515688,-36.736955,-36.423649,-36.612311,-37.111451,-37.73803,-38.171759,-38.276665,-38.183356,-37.998258,-37.929252,-38.023897,-38.297523,-38.728309,-39.144682,-39.330243,-39.285024,-39.049618,-38.660748,-38.24059,-37.72256,-37.176721,-36.496244,-35.622262,-34.56678,-33.460536,-32.431683,-31.538247,-30.794272,-30.240461,-29.897214,-29.810354,-30.004154,-30.481038,-31.239571,-32.23788,-33.427559,-34.654006,-35.755111,-36.362807,-36.274726,-35.457034,-34.24446,-32.945663,-31.819819,-30.924302,-30.311195,-29.889555,-29.60096,-29.351248,-29.058106,-28.694757,-28.245765,-27.808296,-27.423113,-27.117484,-26.956337,-26.923585,-27.192455,-27.825557,-28.834413,-30.019165,-31.101643,NA,NA,NA,NA,NA,NA,NA,NA,NA,NA,NA,NA,NA,NA,NA,NA,NA,NA,NA,NA,NA,NA,NA,NA,NA,NA,NA,NA,NA,NA,NA,NA,NA,NA,NA,NA,NA,NA,NA,NA,NA,NA,NA,NA,NA,NA,NA,NA,NA,NA,NA,NA,NA,NA,NA,NA,NA,NA,NA,NA,NA,NA,NA,NA,NA,NA,NA,NA,NA,NA,NA,NA,NA,NA,NA,NA,NA,NA,NA,NA,NA,NA,NA,NA,NA,NA,NA,NA,NA,NA,NA,NA,NA,NA,NA,NA,NA,NA,NA,NA,NA,NA,NA,NA,NA,NA,NA,NA,NA,NA,NA,NA,NA,NA,NA,NA,NA,NA,NA,NA,NA,NA,NA,NA,NA,NA,NA,NA,NA,NA,NA,NA,NA,NA,NA,NA,NA,NA,NA,NA,NA,NA,NA,NA,NA,NA,NA,NA,NA,NA,NA,NA,NA,NA,NA,NA,NA,NA,NA,NA,NA,-33.803656,-33.912261,-34.08702,-34.283493,-34.464691,-35.586407,-36.611261,-37.184535,-37.755136,-38.153244,-38.651193,-39.222812,-40.10145,-41.715812,-43.812344,-46.472949,-49.028576,-51.19323,-52.917519,-54.261789,-55.299511,-55.584919,-55.252603,-54.749841,-54.692055,-55.02796,-55.307313,-54.872492,-53.506925,-52.373792,-51.681983,-51.472994,-51.208894,-50.619151,-50.257672,-50.082403,-49.584524,-48.307322,-46.553434,-44.809027,-43.503394,-42.753868,-42.254185,-42.316815,-42.628138,-43.37927,-44.30709,-45.110915,-45.390186,-45.256473,-44.785984,-44.31245,-44.139839,-44.12718,-44.649124,-45.529614,-46.47438,-47.284903,-47.597355,-47.258473,-46.531211,-45.208979,-43.587165,-42.031158,-40.422856,-39.828817,-39.59884,-39.326536,-39.033076,-38.614508,-38.198874,-37.934826,-37.944943,-38.264611,-38.787061,-39.255234,-39.441903,-39.348582,-39.282666,-39.243213,-39.49207,-40.682588,-42.067961,-43.547681,-44.807235,-45.804956,-47.471905,-50.479203,-53.784966,-55.473143,-54.980448,-52.977578,-50.454381,-47.520837,-44.652037,-43.275808,-42.702934,-43.151515,-43.852112,-43.319713,-42.259055,-40.529993,-38.754831,-38.072415,-37.949167,-38.884126,-39.935966,-40.334335,-39.644837,-38.407373,-37.418325,-37.171996,-37.199007,-37.713019,-38.050903,-37.828024,-37.240594,-36.934676,-37.292629,-38.624876,-40.447188,-41.381011,-40.932749,-39.636268,-38.280557,-37.891986,-38.068224,-38.756014,-39.934509,-41.038763,-40.909977,-38.709599,-36.106548,-35.083215,-35.455743,-36.852351,-39.602329,-42.704847,-44.390065,-43.010468,-40.385537,-38.534288,-37.676512,-37.334752,-36.85364,-35.981629,-34.934009,-34.089985,-33.065259,-31.908093,-30.724792,-30.458547,-30.262701,-29.853184,-29.557848,-28.67218,-27.439757,-26.239421,-24.753536,-23.941545,-23.176566,-22.525096,-22.21347,-21.25462,-20.134798,-19.524579,-18.622499,-17.787887,-16.866904,-16.120971,-15.501425,-14.967378,-14.234011,-13.561253,-12.318246
"BUR001",2022-07-24,2022-07-24 11:03:00,2022-07-26,"burbot",271,465,NA,712,204,31,"N","1",1,110,NA,NA,0,"A","MD","Region_6","Region_6_4315"," 15:15:08.8460",0,-0.2089,-0.1452,0,14.011603,-3.5955,2.2922,-0.87799,0.559291,0.155101,0.119854,13.972879,4315,4312,4370,35,-40.415249,13.778829,0.8374,-0.538458,8.505,7.1221,0.020224,15.5,13.744074,14.058643,13.449912,-0.526691,1.388072,1.996764,1.713944,1.408296,2.016987,1.734168,-42.983402,-44.246434,-45.766471,-46.966543,-48.025983,-47.860935,-47.278162,-46.739991,-46.422811,-46.535061,-46.977677,-47.777237,-48.534442,-49.027265,-48.933893,-48.238429,-46.998469,-45.449835,-43.852748,-42.442493,-41.384663,-40.7721,-40.653534,-41.028415,-41.95093,-43.566578,-46.146219,-50.349604,-56.668687,-56.641701,-51.544629,-47.74705,-44.699577,-42.150134,-40.098775,-38.586996,-37.508734,-36.900856,-36.721901,-37.039478,-38.076376,-40.089713,-43.377243,-48.677754,-55.918862,-50.199205,-44.667364,-40.907208,-38.112989,-36.007234,-34.571812,-33.681753,-33.072727,-32.504259,-31.873843,-31.194547,-30.583839,-30.152603,-30.023702,-30.294995,-30.981277,-31.96925,-32.896166,-33.344312,-33.213888,-32.773358,-32.054551,-31.103024,-29.911203,-28.667156,-27.523179,-26.633488,-25.987164,-25.592364,-25.315089,-25.060352,-24.739316,-24.303231,-23.824864,-23.381837,-23.09439,-22.982647,-22.995429,-23.093303,-23.152697,-23.277145,-23.465657,-23.89979,-24.722065,-25.943647,NA,NA,NA,NA,NA,NA,NA,NA,NA,NA,NA,NA,NA,NA,NA,NA,NA,NA,NA,NA,NA,NA,NA,NA,NA,NA,NA,NA,NA,NA,NA,NA,NA,NA,NA,NA,NA,NA,NA,NA,NA,NA,NA,NA,NA,NA,NA,NA,NA,NA,NA,NA,NA,NA,NA,NA,NA,NA,NA,NA,NA,NA,NA,NA,NA,NA,NA,NA,NA,NA,NA,NA,NA,NA,NA,NA,NA,NA,NA,NA,NA,NA,NA,NA,NA,NA,NA,NA,NA,NA,NA,NA,NA,NA,NA,NA,NA,NA,NA,NA,NA,NA,NA,NA,NA,NA,NA,NA,NA,NA,NA,NA,NA,NA,NA,NA,NA,NA,NA,NA,NA,NA,NA,NA,NA,NA,NA,NA,NA,NA,NA,NA,NA,NA,NA,NA,NA,NA,NA,NA,NA,NA,NA,NA,NA,NA,NA,NA,NA,NA,NA,NA,NA,NA,NA,NA,NA,NA,NA,NA,NA,-45.878728,-45.857138,-46.351148,-47.271279,-48.075205,-48.91984,-48.539426,-47.408342,-46.332141,-45.016042,-43.644036,-41.983704,-40.318326,-39.126636,-38.15192,-37.790783,-37.631672,-37.734897,-38.125494,-38.703225,-39.66484,-40.862138,-42.386471,-43.831943,-44.821236,-44.557794,-43.202471,-41.712955,-40.286353,-39.448836,-38.746299,-38.317455,-37.985561,-37.485763,-37.122357,-36.748288,-36.445798,-36.326675,-36.3382,-36.227172,-36.078822,-35.787935,-34.993235,-34.212429,-33.253733,-32.644075,-32.386402,-32.58129,-32.980283,-33.582998,-34.093919,-34.507766,-34.921584,-35.035184,-35.211168,-35.250485,-35.143199,-35.11903,-35.171875,-35.185341,-35.158443,-34.575967,-33.747978,-33.149487,-32.652578,-33.346268,-34.23975,-34.859501,-35.203983,-35.198821,-35.136674,-35.208638,-35.513716,-35.99632,-36.434162,-36.561858,-36.312687,-35.762834,-35.2416,-34.672733,-34.297698,-34.853859,-35.549368,-36.534819,-37.452432,-37.921904,-38.378433,-39.355601,-40.592485,-42.226045,-43.999511,-44.946985,-45.73736,-46.21747,-46.280649,-47.406516,-48.700272,-50.044101,-50.717281,-49.621603,-47.803074,-45.014443,-42.058507,-40.548997,-39.920855,-40.677679,-42.30383,-44.216174,-45.674921,-46.178188,-45.984305,-46.23236,-46.719878,-47.716657,-48.179404,-47.200284,-45.362806,-43.783553,-43.127472,-44.042393,-46.542311,-49.966349,-52.915855,-52.853769,-49.897434,-47.369315,-45.921301,-45.647881,-46.894272,-49.547982,-54.149055,-60.596066,-59.220273,-54.017032,-49.911343,-46.047784,-42.916676,-40.093633,-37.093701,-33.996922,-31.332131,-29.337005,-27.971794,-27.076313,-26.408682,-25.678215,-24.701056,-23.839507,-23.023214,-22.525097,-22.242208,-23.049219,-23.738692,-23.681218,-23.320146,-22.090056,-20.811927,-20.2821,-20.018178,-20.84027,-21.592573,-21.917699,-21.962993,-20.573929,-18.924849,-18.172667,-17.426135,-16.882646,-15.979628,-14.936274,-13.815561,-12.545068,-11.040935,-9.890821,-8.622345
"BUR001",2022-07-24,2022-07-24 11:03:00,2022-07-26,"burbot",271,465,NA,712,204,31,"N","1",1,110,NA,NA,0,"A","MD","Region_6","Region_6_4316"," 15:15:08.9930",NA,NA,NA,NA,14.011603,-3.8044,2.147,-0.929027,0.523777,0.129491,0.073268,13.970955,4316,4312,4370,35,-40.415249,13.778829,0.8374,-0.538458,8.505,7.1221,0.020224,15.5,13.744074,14.058643,13.449912,-0.526691,1.388072,1.996764,1.713944,1.408296,2.016987,1.734168,-63.560744,-55.059205,-51.313227,-49.022418,-48.260818,-47.993183,-48.126996,-48.056023,-47.532187,-46.863624,-46.20076,-45.752448,-45.213948,-44.504407,-43.61207,-42.827093,-42.246697,-41.89654,-41.693414,-41.460339,-40.977812,-40.178192,-39.247986,-38.413053,-37.849788,-37.642082,-37.70558,-37.816011,-37.406553,-36.411508,-35.288582,-34.399954,-33.955949,-33.889801,-34.140003,-34.658884,-35.272849,-35.983532,-36.744591,-37.626987,-38.752732,-40.013163,-41.057151,-41.757762,-42.28205,-42.952594,-44.231927,-46.655913,-51.981197,-72.032365,-51.895255,-46.974328,-44.862724,-43.963824,-43.654576,-43.422828,-42.729865,-41.233411,-39.164118,-36.992281,-35.011979,-33.359216,-32.066459,-31.13941,-30.510403,-30.144471,-29.850519,-29.591073,-29.257261,-28.882882,-28.495442,-28.202402,-28.017495,-28.02608,-28.193528,-28.531325,-29.038574,-29.6653,-30.335749,-30.814172,-30.935159,-30.766102,-30.581799,-30.711722,-31.374406,-33.016623,-35.914431,-40.252297,-44.071857,-43.117575,NA,NA,NA,NA,NA,NA,NA,NA,NA,NA,NA,NA,NA,NA,NA,NA,NA,NA,NA,NA,NA,NA,NA,NA,NA,NA,NA,NA,NA,NA,NA,NA,NA,NA,NA,NA,NA,NA,NA,NA,NA,NA,NA,NA,NA,NA,NA,NA,NA,NA,NA,NA,NA,NA,NA,NA,NA,NA,NA,NA,NA,NA,NA,NA,NA,NA,NA,NA,NA,NA,NA,NA,NA,NA,NA,NA,NA,NA,NA,NA,NA,NA,NA,NA,NA,NA,NA,NA,NA,NA,NA,NA,NA,NA,NA,NA,NA,NA,NA,NA,NA,NA,NA,NA,NA,NA,NA,NA,NA,NA,NA,NA,NA,NA,NA,NA,NA,NA,NA,NA,NA,NA,NA,NA,NA,NA,NA,NA,NA,NA,NA,NA,NA,NA,NA,NA,NA,NA,NA,NA,NA,NA,NA,NA,NA,NA,NA,NA,NA,NA,NA,NA,NA,NA,NA,NA,NA,NA,NA,NA,NA,-38.792424,-39.941131,-41.785469,-44.887618,-50.255166,-53.51125,-48.442838,-45.115549,-43.260358,-41.985825,-41.364956,-40.986354,-40.856023,-40.969387,-40.626248,-40.366359,-40.10766,-40.132184,-40.481619,-40.946006,-41.571829,-41.958357,-42.028559,-41.495126,-40.702397,-39.758582,-38.879171,-38.428741,-38.214039,-38.777831,-39.732104,-41.349477,-43.488018,-45.809467,-48.417142,-50.205169,-49.767666,-47.84256,-45.853533,-44.02811,-42.613115,-41.629703,-40.785877,-40.500707,-40.191839,-40.064002,-39.907896,-39.870464,-39.838149,-39.981913,-40.056725,-40.006832,-39.873956,-39.313078,-38.788201,-38.256736,-37.821181,-37.604065,-37.465107,-37.265963,-37.084434,-36.461732,-35.697706,-35.140037,-34.51371,-35.010259,-35.729908,-36.321928,-36.740113,-36.731776,-36.50737,-36.252017,-36.131716,-36.202302,-36.357378,-36.348956,-35.972702,-35.156521,-34.239185,-33.200271,-32.322139,-32.357037,-32.389832,-32.523451,-32.375802,-31.760845,-31.258425,-31.37306,-31.757056,-32.431826,-33.107536,-32.70662,-32.015502,-31.296483,-30.687349,-31.580892,-32.977978,-35.059425,-37.109198,-37.491892,-37.156519,-35.945349,-34.445565,-34.148096,-34.447132,-35.945402,-38.388462,-40.802034,-40.998867,-39.358076,-38.16491,-38.757742,-40.697277,-44.810602,-51.763741,-52.535958,-47.19653,-45.45986,-46.648689,-48.774642,-45.596018,-42.437811,-41.248253,-41.375202,-41.80332,-42.337256,-41.645429,-39.266196,-36.475724,-33.945231,-32.301026,-31.938871,-32.343852,-33.475146,-33.631688,-32.396989,-31.606507,-31.839911,-33.235765,-35.553109,-38.048252,-39.475714,-38.985041,-36.798769,-34.061485,-31.716207,-30.070341,-29.383849,-29.101802,-28.969405,-28.46874,-28.588036,-28.485544,-27.937866,-27.736699,-27.20181,-26.824311,-26.905505,-26.513312,-26.584623,-26.387979,-26.063279,-25.995473,-24.727869,-23.130812,-21.863029,-19.939384,-18.203872,-16.581209,-15.427633,-14.555619,-13.620765,-12.539861,-11.655059,-10.226172
"BUR001",2022-07-24,2022-07-24 11:03:00,2022-07-26,"burbot",271,465,NA,712,204,31,"N","1",1,110,NA,NA,0,"A","MD","Region_6","Region_6_4318"," 15:15:09.2900",0.0702339999999992,0.2662,0.3309,9.39052846697379,13.953075,-3.4839,2.4311,-0.847149,0.590769,0.052533,0.002815,13.914799,4318,4312,4370,35,-40.415249,13.778829,0.8374,-0.538458,8.505,7.1221,0.020224,15.5,13.744074,14.058643,13.449912,-0.526691,1.388072,1.996764,1.713944,1.408296,2.016987,1.734168,-40.608579,-40.907749,-40.976368,-40.448695,-40.080262,-39.3505,-38.754196,-38.245274,-37.841713,-37.757983,-37.950007,-38.579684,-39.452641,-40.452628,-41.169016,-41.502999,-41.537102,-41.513928,-41.621163,-41.93489,-42.372911,-42.706312,-42.689796,-42.245645,-41.577706,-40.976799,-40.635304,-40.736565,-41.16389,-41.683616,-41.917658,-41.733248,-41.487317,-41.43491,-41.718999,-42.376518,-43.200972,-44.026363,-44.548681,-44.624666,-44.282553,-43.472515,-42.259931,-40.980605,-39.781673,-38.649491,-37.627405,-36.620093,-35.747393,-35.044866,-34.652375,-34.63167,-34.938461,-35.498956,-36.272167,-37.253427,-38.513011,-40.109951,-42.066597,-44.10465,-45.277233,-44.903055,-43.651001,-42.083989,-40.285267,-38.510972,-36.925784,-35.717064,-34.868552,-34.418288,-34.340554,-34.667025,-35.340377,-36.386881,-37.744286,-39.426546,-41.486328,-44.079061,-47.676015,-53.619796,-75.441712,-55.825366,-50.113207,-47.119871,-44.81119,-42.457503,-39.812214,-37.2148,-35.032468,-33.414219,NA,NA,NA,NA,NA,NA,NA,NA,NA,NA,NA,NA,NA,NA,NA,NA,NA,NA,NA,NA,NA,NA,NA,NA,NA,NA,NA,NA,NA,NA,NA,NA,NA,NA,NA,NA,NA,NA,NA,NA,NA,NA,NA,NA,NA,NA,NA,NA,NA,NA,NA,NA,NA,NA,NA,NA,NA,NA,NA,NA,NA,NA,NA,NA,NA,NA,NA,NA,NA,NA,NA,NA,NA,NA,NA,NA,NA,NA,NA,NA,NA,NA,NA,NA,NA,NA,NA,NA,NA,NA,NA,NA,NA,NA,NA,NA,NA,NA,NA,NA,NA,NA,NA,NA,NA,NA,NA,NA,NA,NA,NA,NA,NA,NA,NA,NA,NA,NA,NA,NA,NA,NA,NA,NA,NA,NA,NA,NA,NA,NA,NA,NA,NA,NA,NA,NA,NA,NA,NA,NA,NA,NA,NA,NA,NA,NA,NA,NA,NA,NA,NA,NA,NA,NA,NA,NA,NA,NA,NA,NA,NA,-40.040833,-40.572453,-41.230652,-42.097342,-43.380985,-46.595258,-51.356142,-60.054393,-65.605692,-54.911969,-50.739357,-47.845991,-45.714586,-44.655234,-44.163388,-44.172622,-44.110793,-44.233993,-44.668949,-45.167651,-45.708057,-46.088992,-46.492973,-46.71645,-46.796881,-46.470465,-45.731978,-44.92406,-44.052076,-43.717709,-43.517807,-43.44857,-43.246174,-42.800553,-42.520936,-42.125477,-41.45838,-40.599548,-39.678619,-38.684767,-37.876034,-37.260867,-36.50275,-35.994662,-35.402774,-35.114255,-35.029514,-35.13294,-35.149486,-35.162262,-35.030769,-34.851226,-34.722582,-34.330572,-34.021455,-33.661841,-33.341865,-33.290469,-33.409242,-33.542861,-33.720862,-33.510449,-33.273556,-33.438171,-33.779521,-35.242051,-36.756055,-37.797479,-38.392829,-38.581093,-38.74672,-39.120901,-39.762247,-40.489308,-40.933064,-40.825529,-40.2826,-39.588801,-39.191156,-39.001245,-39.071246,-39.765143,-40.038429,-40.241153,-40.572213,-41.02903,-42.013068,-43.620592,-44.959459,-45.715892,-45.670393,-44.356854,-43.034824,-42.142047,-41.78937,-42.746588,-43.351943,-43.780216,-43.997446,-43.146283,-42.532371,-42.035355,-41.965374,-43.131678,-43.990067,-44.323311,-44.220175,-44.198873,-44.182456,-43.938917,-43.442351,-43.165476,-42.537531,-41.97529,-41.21103,-40.230601,-39.550576,-39.549499,-40.154423,-41.133753,-41.584011,-41.367081,-41.555688,-42.640292,-44.545075,-47.460777,-49.3678,-48.303892,-45.315498,-42.138365,-39.994875,-39.584386,-40.941906,-43.5489,-40.98711,-36.709353,-34.418778,-34.088261,-36.014083,-40.03803,-39.235851,-34.911148,-32.53743,-31.851938,-32.558912,-34.459872,-36.509765,-36.202392,-34.106955,-32.694485,-32.317773,-33.943521,-36.558402,-39.54834,-42.086457,-41.8502,-40.353259,-38.834827,-37.074611,-36.339946,-35.702166,-35.00442,-34.718568,-33.833855,-33.231266,-33.793218,-33.548344,-30.626993,-26.742122,-24.206506,-23.432691,-24.807777,-29.783913,-36.214165,-27.134572
"BUR001",2022-07-24,2022-07-24 11:03:00,2022-07-26,"burbot",271,465,NA,712,204,31,"N","1",1,110,NA,NA,0,"A","MD","Region_6","Region_6_4319"," 15:15:09.4350",NA,NA,NA,NA,14.023309,-3.2177,2.762,-0.786212,0.674689,0.043153,0.022526,13.984987,4319,4312,4370,35,-40.415249,13.778829,0.8374,-0.538458,8.505,7.1221,0.020224,15.5,13.744074,14.058643,13.449912,-0.526691,1.388072,1.996764,1.713944,1.408296,2.016987,1.734168,-38.669173,-38.588212,-38.385189,-37.622429,-37.089632,-36.336531,-35.880834,-35.661634,-35.662123,-36.041727,-36.637399,-37.372048,-37.782881,-37.856732,-37.746074,-37.838884,-38.311595,-39.24434,-40.55926,-41.898349,-42.687106,-42.781029,-42.632096,-42.638447,-43.038761,-44.052074,-45.856495,-48.47346,-50.970083,-51.645815,-50.221163,-48.785927,-48.700348,-49.30838,-47.650914,-44.072589,-40.940592,-38.686261,-37.066023,-35.8239,-34.684116,-33.374528,-32.004653,-30.923138,-30.172566,-29.640704,-29.309953,-29.045724,-28.926146,-28.930334,-29.146838,-29.61966,-30.31756,-31.166298,-32.055315,-32.821767,-33.350569,-33.667774,-34.069949,-34.937589,-36.421072,-37.81909,-37.329072,-35.357686,-33.510474,-32.282288,-31.55628,-31.299818,-31.400618,-31.866593,-32.635912,-33.625311,-34.523617,-35.017573,-34.884664,-34.291293,-33.551998,-32.958303,-32.798384,-33.253402,-34.443561,-36.218066,-38.081189,-39.383676,-39.888929,-40.096305,-39.906753,-38.640537,-36.389419,-34.158335,NA,NA,NA,NA,NA,NA,NA,NA,NA,NA,NA,NA,NA,NA,NA,NA,NA,NA,NA,NA,NA,NA,NA,NA,NA,NA,NA,NA,NA,NA,NA,NA,NA,NA,NA,NA,NA,NA,NA,NA,NA,NA,NA,NA,NA,NA,NA,NA,NA,NA,NA,NA,NA,NA,NA,NA,NA,NA,NA,NA,NA,NA,NA,NA,NA,NA,NA,NA,NA,NA,NA,NA,NA,NA,NA,NA,NA,NA,NA,NA,NA,NA,NA,NA,NA,NA,NA,NA,NA,NA,NA,NA,NA,NA,NA,NA,NA,NA,NA,NA,NA,NA,NA,NA,NA,NA,NA,NA,NA,NA,NA,NA,NA,NA,NA,NA,NA,NA,NA,NA,NA,NA,NA,NA,NA,NA,NA,NA,NA,NA,NA,NA,NA,NA,NA,NA,NA,NA,NA,NA,NA,NA,NA,NA,NA,NA,NA,NA,NA,NA,NA,NA,NA,NA,NA,NA,NA,NA,NA,NA,NA,-33.745077,-34.216923,-34.600157,-34.531078,-33.814769,-33.743452,-33.617184,-33.284684,-33.223595,-33.213296,-33.437707,-33.676525,-34.094907,-35.027655,-36.194752,-37.853231,-39.36567,-40.39677,-40.80162,-40.708519,-40.617045,-40.581382,-40.72434,-40.750043,-40.642747,-40.211727,-39.584049,-39.125746,-38.775874,-38.973778,-39.252865,-39.573192,-39.604312,-39.164191,-38.73411,-38.298234,-37.916392,-37.639471,-37.306202,-36.702405,-36.068261,-35.588679,-35.207636,-35.4222,-35.779632,-36.322816,-36.678534,-36.786234,-36.709619,-36.839175,-37.108419,-37.542999,-38.114428,-38.485698,-39.044305,-39.829804,-41.101392,-43.103277,-45.695265,-48.867603,-52.615112,-53.442674,-49.850297,-46.842728,-45.030775,-44.846997,-44.752145,-44.224663,-43.572297,-42.838685,-42.122424,-41.472113,-41.024743,-40.925567,-41.251251,-41.977005,-42.960625,-43.83049,-44.396881,-44.314507,-43.925502,-44.264305,-44.944304,-46.514183,-49.292702,-54.059397,-67.218367,-60.729594,-54.579722,-52.272121,-51.053026,-49.454361,-48.190638,-47.389952,-47.113421,-48.152765,-48.980627,-49.619212,-49.762516,-48.731008,-48.00669,-47.39484,-46.900106,-46.975513,-46.682715,-46.935432,-47.450182,-48.057833,-48.727914,-49.337827,-49.337825,-48.725039,-47.560285,-46.737958,-45.778003,-44.211656,-42.274349,-40.434176,-39.091349,-38.896058,-39.761244,-41.062003,-42.3182,-42.744383,-42.154239,-41.74798,-41.646881,-42.422675,-44.877334,-47.938074,-44.945535,-40.861939,-38.651394,-38.453042,-38.710872,-38.046175,-36.676865,-34.848398,-33.311975,-32.30304,-31.793142,-31.625832,-31.625796,-31.669881,-31.72945,-31.870964,-32.187975,-32.908573,-33.601399,-34.068181,-34.044759,-34.623644,-34.960565,-34.75094,-34.512284,-33.599887,-32.586522,-32.286332,-32.461531,-34.346,-37.610681,-44.187593,-49.900495,-37.637215,-31.647365,-28.486371,-26.031045,-23.855553,-21.483334,-19.111139,-16.972819,-15.326836,-14.167241,-14.283391,-14.738349
"BUR001",2022-07-24,2022-07-24 11:03:00,2022-07-26,"burbot",271,465,NA,712,204,31,"N","1",1,110,NA,NA,0,"A","MD","Region_6","Region_6_4327"," 15:15:10.6030",0,0.1158,-0.3637,0,13.871136,-3.1853,3.3211,-0.769463,0.802333,0.04326,0.030087,13.826518,4327,4312,4370,35,-40.415249,13.778829,0.8374,-0.538458,8.505,7.1221,0.020224,15.5,13.744074,14.058643,13.449912,-0.526691,1.388072,1.996764,1.713944,1.408296,2.016987,1.734168,-43.844262,-44.623729,-45.427699,-45.881422,-46.898587,-47.879063,-48.766732,-48.751378,-47.731064,-46.331052,-44.753927,-43.284709,-41.902213,-40.780835,-39.81057,-39.027766,-38.360393,-37.777246,-37.252772,-36.750079,-36.248909,-35.723492,-35.183192,-34.643226,-34.151645,-33.793804,-33.637292,-33.853029,-34.477358,-35.606568,-37.256107,-39.431224,-42.407354,-46.636972,-51.627005,-48.791877,-43.928993,-40.65934,-38.408988,-36.890612,-36.094681,-36.029347,-36.610503,-37.63278,-38.589532,-38.890636,-38.322166,-37.056699,-35.655607,-34.439901,-33.664779,-33.356548,-33.344367,-33.415506,-33.406882,-33.218113,-32.84495,-32.277757,-31.55054,-30.740597,-29.950633,-29.344931,-29.048305,-29.145229,-29.629833,-30.545701,-31.805736,-33.467675,-35.464212,-37.793382,-40.349415,-43.05902,-45.830153,-48.502232,-48.960638,-45.571188,-41.620329,-38.480634,-36.279099,-34.907727,-34.230251,-33.992078,-33.911881,-33.829791,-33.569083,-33.243507,-32.842037,-32.506073,-32.307133,-32.277798,NA,NA,NA,NA,NA,NA,NA,NA,NA,NA,NA,NA,NA,NA,NA,NA,NA,NA,NA,NA,NA,NA,NA,NA,NA,NA,NA,NA,NA,NA,NA,NA,NA,NA,NA,NA,NA,NA,NA,NA,NA,NA,NA,NA,NA,NA,NA,NA,NA,NA,NA,NA,NA,NA,NA,NA,NA,NA,NA,NA,NA,NA,NA,NA,NA,NA,NA,NA,NA,NA,NA,NA,NA,NA,NA,NA,NA,NA,NA,NA,NA,NA,NA,NA,NA,NA,NA,NA,NA,NA,NA,NA,NA,NA,NA,NA,NA,NA,NA,NA,NA,NA,NA,NA,NA,NA,NA,NA,NA,NA,NA,NA,NA,NA,NA,NA,NA,NA,NA,NA,NA,NA,NA,NA,NA,NA,NA,NA,NA,NA,NA,NA,NA,NA,NA,NA,NA,NA,NA,NA,NA,NA,NA,NA,NA,NA,NA,NA,NA,NA,NA,NA,NA,NA,NA,NA,NA,NA,NA,NA,NA,-37.422763,-37.077717,-36.377372,-35.491034,-34.623348,-35.000682,-35.51175,-35.775499,-36.200094,-36.581184,-37.13401,-37.582918,-38.100283,-38.837483,-39.277744,-39.787911,-40.090276,-40.413764,-40.872967,-41.374571,-42.162841,-43.112433,-44.333485,-45.560556,-46.795832,-47.688131,-48.106933,-48.229117,-48.010547,-48.214964,-48.595704,-49.254125,-49.621967,-49.338083,-49.056174,-48.592423,-47.699281,-46.457843,-45.042594,-43.519929,-42.181131,-40.961578,-39.615557,-38.64354,-37.710609,-37.213077,-37.01898,-37.087481,-37.205092,-37.471686,-37.721258,-38.054481,-38.444753,-38.51039,-38.535782,-38.31558,-38.030372,-38.001938,-38.23269,-38.75038,-39.698194,-40.736991,-42.388965,-44.489277,-44.066132,-41.915168,-40.059463,-38.924787,-38.413583,-38.278842,-38.707288,-39.844323,-41.802046,-44.27526,-45.660051,-44.608765,-42.708289,-41.037647,-40.085879,-39.660889,-39.879,-41.285756,-42.643447,-43.69055,-43.867958,-42.90405,-41.693092,-41.098656,-40.871026,-41.02671,-40.823361,-38.98915,-36.681092,-34.536801,-33.100016,-33.755131,-35.261246,-37.503127,-39.135305,-38.651163,-37.789887,-36.771011,-36.270655,-37.65501,-39.938266,-42.676505,-43.400541,-42.717739,-42.429842,-43.054584,-44.952364,-49.365757,-57.612159,-65.058417,-54.94261,-50.010183,-46.17146,-43.377163,-41.725443,-41.476089,-41.818195,-41.690563,-41.019786,-40.090266,-39.201156,-39.31804,-39.946285,-40.877871,-41.729818,-41.21163,-40.01336,-39.486863,-39.865459,-42.083902,-44.793096,-46.0524,-45.386552,-43.978998,-43.237926,-43.131381,-43.200787,-43.109776,-42.85225,-42.472351,-41.851572,-40.856127,-39.568725,-38.416581,-37.452696,-36.960997,-36.633702,-37.363358,-37.855706,-37.648328,-37.471621,-36.626159,-35.557483,-34.804158,-33.614196,-33.114714,-32.404331,-31.283942,-30.33226,-28.266621,-25.735652,-23.963996,-21.956116,-20.185876,-18.676977,-17.400591,-16.396433,-15.657425,-14.650052,-14.085758,-13.233012
"BUR001",2022-07-24,2022-07-24 11:03:00,2022-07-26,"burbot",271,465,NA,712,204,31,"N","1",1,110,NA,NA,0,"A","MD","Region_6","Region_6_4328"," 15:15:10.7490",-0.0117060000000002,0.1723,-0.0978999999999997,-3.38054667660463,13.871136,-3.0695,2.9574,-0.741766,0.714644,0.08357,0.073833,13.832841,4328,4312,4370,35,-40.415249,13.778829,0.8374,-0.538458,8.505,7.1221,0.020224,15.5,13.744074,14.058643,13.449912,-0.526691,1.388072,1.996764,1.713944,1.408296,2.016987,1.734168,-49.596677,-51.195715,-52.397557,-52.984339,-53.557308,-52.452733,-50.410261,-48.50788,-46.925717,-45.578219,-44.154509,-42.803906,-41.569547,-40.70571,-40.122907,-39.793682,-39.551248,-39.224196,-38.667046,-37.855695,-36.908873,-35.995254,-35.248713,-34.720591,-34.45203,-34.494298,-34.879119,-35.741304,-37.070404,-38.928036,-41.398969,-44.834798,-50.361093,-52.146582,-45.327351,-40.923502,-38.034669,-36.099465,-34.792149,-33.960975,-33.556594,-33.447261,-33.418768,-33.360736,-33.204597,-32.981889,-32.858831,-32.849075,-33.121575,-33.62365,-34.188494,-34.485617,-34.397886,-34.117198,-33.828371,-33.563685,-33.2932,-32.943722,-32.545969,-32.25221,-32.293053,-32.958496,-34.512074,-37.208346,-41.004197,-43.839854,-42.489921,-40.510263,-39.426991,-39.035884,-38.708076,-37.834253,-36.320051,-34.670424,-33.178191,-31.954005,-31.003819,-30.311213,-29.900224,-29.71597,-29.708682,-29.749781,-29.748317,-29.749171,-29.759415,-29.984815,-30.40144,-30.943544,-31.482322,-32.040418,NA,NA,NA,NA,NA,NA,NA,NA,NA,NA,NA,NA,NA,NA,NA,NA,NA,NA,NA,NA,NA,NA,NA,NA,NA,NA,NA,NA,NA,NA,NA,NA,NA,NA,NA,NA,NA,NA,NA,NA,NA,NA,NA,NA,NA,NA,NA,NA,NA,NA,NA,NA,NA,NA,NA,NA,NA,NA,NA,NA,NA,NA,NA,NA,NA,NA,NA,NA,NA,NA,NA,NA,NA,NA,NA,NA,NA,NA,NA,NA,NA,NA,NA,NA,NA,NA,NA,NA,NA,NA,NA,NA,NA,NA,NA,NA,NA,NA,NA,NA,NA,NA,NA,NA,NA,NA,NA,NA,NA,NA,NA,NA,NA,NA,NA,NA,NA,NA,NA,NA,NA,NA,NA,NA,NA,NA,NA,NA,NA,NA,NA,NA,NA,NA,NA,NA,NA,NA,NA,NA,NA,NA,NA,NA,NA,NA,NA,NA,NA,NA,NA,NA,NA,NA,NA,NA,NA,NA,NA,NA,NA,-37.265132,-38.061876,-39.180463,-40.521178,-41.766068,-43.393838,-44.175433,-44.204029,-44.374582,-44.745322,-45.706167,-47.412707,-50.802328,-57.75637,-56.365303,-50.638074,-47.63808,-45.795387,-44.425764,-43.154758,-42.082382,-41.084651,-40.267882,-39.455434,-38.789105,-38.173337,-37.687281,-37.535214,-37.510122,-37.954135,-38.43351,-39.084445,-39.738182,-40.123513,-40.456755,-40.52868,-40.369961,-40.150808,-39.849419,-39.358282,-38.904317,-38.561124,-38.191544,-38.302048,-38.609136,-39.418949,-40.609174,-42.106311,-43.648787,-45.233969,-46.654531,-48.054075,-49.56601,-50.79584,-51.243295,-49.836456,-47.522627,-45.547811,-44.020475,-42.797694,-41.853149,-40.691446,-39.593235,-38.812951,-38.065944,-38.28309,-38.608114,-38.796804,-38.95588,-39.024786,-39.177993,-39.540079,-40.237503,-41.338386,-42.790432,-44.376979,-45.750285,-46.488773,-46.655589,-46.204068,-45.529738,-45.465869,-45.307744,-45.226524,-45.029773,-44.482183,-44.235482,-44.911376,-46.190472,-48.174963,-50.242002,-51.063595,-51.108188,-50.462668,-49.565379,-49.768953,-50.098715,-50.85885,-51.525937,-51.071213,-50.740782,-50.254362,-49.820132,-50.197364,-50.256229,-50.430231,-50.258876,-49.604443,-48.528883,-47.357827,-46.643067,-47.128717,-48.181732,-49.760032,-50.226565,-48.71691,-46.828762,-45.800055,-46.007503,-48.139783,-52.703434,-61.202849,-60.910395,-56.350564,-55.586387,-58.084565,-64.204427,-92.318227,-65.499716,-60.723602,-58.556717,-58.533652,-59.037837,-54.617831,-49.835352,-46.788957,-45.770638,-46.315918,-48.352315,-50.665973,-50.224999,-46.599871,-42.541873,-39.166721,-36.632821,-34.869794,-33.723645,-33.157314,-32.657706,-32.093004,-31.22001,-31.088285,-30.792836,-30.083155,-29.566579,-28.615101,-27.627833,-27.037627,-26.115987,-25.775805,-25.228944,-24.475312,-24.116873,-23.20202,-22.298184,-22.182254,-21.505329,-20.596463,-19.736191,-19.224262,-19.123361,-19.082568,-18.036492,-16.995197,-16.059043
"BUR001",2022-07-24,2022-07-24 11:03:00,2022-07-26,"burbot",271,465,NA,712,204,31,"N","1",1,110,NA,NA,0,"A","MD","Region_6","Region_6_4329"," 15:15:10.8950",0.0117060000000002,0.0960000000000001,-0.0958000000000001,4.93312699870388,13.85943,-2.8972,2.8595,-0.699647,0.690528,0.030304,0.054708,13.824524,4329,4312,4370,35,-40.415249,13.778829,0.8374,-0.538458,8.505,7.1221,0.020224,15.5,13.744074,14.058643,13.449912,-0.526691,1.388072,1.996764,1.713944,1.408296,2.016987,1.734168,-58.349532,-68.885275,-56.564118,-52.322436,-50.852038,-50.193249,-50.11092,-49.985654,-49.148481,-47.614998,-45.898603,-44.668206,-43.944405,-43.722315,-43.576479,-43.099509,-41.983298,-40.402496,-38.75193,-37.310937,-36.180753,-35.375418,-34.88056,-34.654911,-34.691132,-35.002122,-35.579984,-36.517375,-37.752937,-39.191964,-40.401632,-40.682335,-39.956854,-38.694011,-37.344766,-36.131044,-34.997366,-33.984524,-33.040424,-32.192577,-31.581688,-31.305783,-31.359969,-31.727563,-32.288521,-32.958002,-33.823517,-34.873527,-36.27425,-37.861725,-38.90208,-38.478131,-37.167889,-35.881482,-34.87446,-34.131921,-33.662694,-33.497615,-33.747657,-34.51953,-35.72724,-36.631449,-36.02248,-34.383363,-32.850995,-31.829756,-31.176797,-30.755514,-30.288655,-29.651739,-28.811118,-27.931709,-27.126585,-26.535272,-26.153674,-25.993043,-26.028251,-26.223427,-26.568947,-27.002109,-27.536735,-28.170308,-28.959123,-30.041401,-31.412101,-33.122517,-34.991989,-36.887068,-38.047823,-37.654076,NA,NA,NA,NA,NA,NA,NA,NA,NA,NA,NA,NA,NA,NA,NA,NA,NA,NA,NA,NA,NA,NA,NA,NA,NA,NA,NA,NA,NA,NA,NA,NA,NA,NA,NA,NA,NA,NA,NA,NA,NA,NA,NA,NA,NA,NA,NA,NA,NA,NA,NA,NA,NA,NA,NA,NA,NA,NA,NA,NA,NA,NA,NA,NA,NA,NA,NA,NA,NA,NA,NA,NA,NA,NA,NA,NA,NA,NA,NA,NA,NA,NA,NA,NA,NA,NA,NA,NA,NA,NA,NA,NA,NA,NA,NA,NA,NA,NA,NA,NA,NA,NA,NA,NA,NA,NA,NA,NA,NA,NA,NA,NA,NA,NA,NA,NA,NA,NA,NA,NA,NA,NA,NA,NA,NA,NA,NA,NA,NA,NA,NA,NA,NA,NA,NA,NA,NA,NA,NA,NA,NA,NA,NA,NA,NA,NA,NA,NA,NA,NA,NA,NA,NA,NA,NA,NA,NA,NA,NA,NA,NA,-34.132366,-34.014574,-34.076992,-34.326072,-34.786073,-36.423279,-38.24029,-39.838149,-41.608857,-43.36138,-45.142939,-46.15713,-45.266229,-43.031461,-40.650792,-39.010422,-37.827809,-37.055058,-36.619811,-36.373818,-36.406339,-36.549798,-36.826649,-37.025133,-37.233908,-37.328556,-37.341799,-37.427153,-37.410329,-37.645441,-37.848069,-38.237455,-38.738606,-39.16522,-39.729951,-40.26297,-40.756312,-41.316688,-41.887997,-42.391197,-43.10401,-44.260393,-45.860414,-48.167315,-49.462508,-48.423077,-46.449055,-44.697207,-43.154861,-41.905073,-40.790136,-39.868175,-39.149485,-38.372595,-37.889547,-37.633429,-37.660328,-38.110005,-38.809844,-39.651236,-40.700486,-41.568557,-42.554141,-43.879921,-45.169137,-47.069507,-48.309325,-48.265432,-47.398081,-46.146506,-44.833562,-43.617467,-42.635164,-41.945689,-41.460669,-40.965131,-40.310389,-39.498745,-38.859595,-38.347789,-38.20706,-39.063622,-40.013366,-40.855677,-41.22762,-41.01116,-41.01357,-41.805691,-42.90019,-44.297281,-45.398525,-45.187378,-44.391358,-43.222528,-42.234627,-42.790795,-43.967071,-45.88981,-47.546533,-46.976605,-44.68937,-41.388987,-38.536457,-37.528493,-37.731463,-39.725083,-42.506868,-44.389379,-43.704574,-41.48328,-39.385505,-38.431475,-38.181668,-38.953976,-40.160823,-41.286996,-42.277679,-43.161193,-43.643883,-43.810399,-43.619797,-42.837184,-41.693241,-40.291931,-38.873672,-38.288416,-38.049502,-38.15162,-38.614654,-39.029508,-39.640785,-40.819347,-42.156673,-42.967739,-41.688475,-39.277172,-36.894374,-34.388829,-32.276612,-30.754499,-29.839668,-29.409078,-29.251551,-29.124098,-28.881848,-28.581515,-28.376497,-28.533146,-28.759011,-28.978349,-28.897052,-29.401811,-29.685294,-29.742222,-30.328577,-31.021161,-32.190275,-33.933124,-34.951854,-35.93622,-36.863384,-38.329626,-38.818227,-34.257414,-29.53448,-27.236425,-25.969314,-24.883942,-22.995385,-20.672288,-18.709221,-17.578122,-16.957639,-17.312545,-17.262201
"BUR001",2022-07-24,2022-07-24 11:03:00,2022-07-26,"burbot",271,465,NA,712,204,31,"N","1",1,110,NA,NA,0,"A","MD","Region_6","Region_6_4330"," 15:15:11.0400",0.0351169999999996,-0.516,-0.1252,3.78387315942716,13.871136,-2.8012,2.7637,-0.677111,0.668032,0.034954,0.032549,13.838485,4330,4312,4370,35,-40.415249,13.778829,0.8374,-0.538458,8.505,7.1221,0.020224,15.5,13.744074,14.058643,13.449912,-0.526691,1.388072,1.996764,1.713944,1.408296,2.016987,1.734168,-48.147277,-46.656548,-45.746498,-44.852189,-44.748643,-45.013043,-46.052456,-47.617767,-49.43306,-51.328177,-53.046822,-55.164556,-57.974524,-56.660052,-51.099088,-46.680639,-43.401952,-40.889982,-38.950005,-37.500877,-36.479116,-35.835948,-35.525614,-35.489071,-35.719534,-36.241365,-37.042633,-38.101485,-38.988475,-39.186599,-38.649605,-37.819094,-37.126517,-36.621069,-36.245604,-35.944533,-35.545315,-35.079181,-34.577895,-34.205811,-34.251974,-34.930226,-36.279806,-38.293023,-40.915977,-44.270707,-48.478899,-48.957132,-44.033554,-39.883403,-37.074082,-35.298772,-34.223127,-33.597589,-33.291382,-33.265707,-33.56043,-34.159963,-34.911062,-35.289458,-34.696119,-33.361011,-31.959324,-30.854919,-30.007756,-29.315269,-28.585892,-27.854809,-27.126281,-26.521427,-26.085521,-25.893668,-25.899248,-26.090633,-26.35286,-26.640287,-26.936445,-27.303762,-27.901384,-28.879191,-30.469898,-32.90299,-36.629878,-41.793187,-40.252612,-35.226661,-32.046456,-30.190512,-29.060274,-28.137448,NA,NA,NA,NA,NA,NA,NA,NA,NA,NA,NA,NA,NA,NA,NA,NA,NA,NA,NA,NA,NA,NA,NA,NA,NA,NA,NA,NA,NA,NA,NA,NA,NA,NA,NA,NA,NA,NA,NA,NA,NA,NA,NA,NA,NA,NA,NA,NA,NA,NA,NA,NA,NA,NA,NA,NA,NA,NA,NA,NA,NA,NA,NA,NA,NA,NA,NA,NA,NA,NA,NA,NA,NA,NA,NA,NA,NA,NA,NA,NA,NA,NA,NA,NA,NA,NA,NA,NA,NA,NA,NA,NA,NA,NA,NA,NA,NA,NA,NA,NA,NA,NA,NA,NA,NA,NA,NA,NA,NA,NA,NA,NA,NA,NA,NA,NA,NA,NA,NA,NA,NA,NA,NA,NA,NA,NA,NA,NA,NA,NA,NA,NA,NA,NA,NA,NA,NA,NA,NA,NA,NA,NA,NA,NA,NA,NA,NA,NA,NA,NA,NA,NA,NA,NA,NA,NA,NA,NA,NA,NA,NA,-39.037832,-39.793194,-39.835899,-39.093668,-37.945052,-37.67446,-37.493097,-37.047172,-36.73707,-36.389794,-36.145215,-35.859494,-35.598806,-35.610044,-35.672311,-36.075375,-36.532845,-37.044054,-37.571669,-38.027211,-38.564375,-39.131259,-39.834193,-40.523668,-41.295333,-42.048317,-42.854849,-43.877005,-44.783631,-45.360508,-44.92939,-44.076094,-43.298465,-42.658764,-42.41509,-42.457264,-42.743945,-43.233062,-43.609776,-43.463865,-42.756242,-41.594316,-40.013728,-38.635934,-37.323635,-36.325296,-35.561237,-35.012687,-34.59815,-34.45176,-34.401468,-34.462169,-34.619388,-34.600731,-34.722657,-34.916935,-35.208541,-35.711295,-36.245695,-36.74841,-37.389671,-37.942935,-38.890768,-40.732418,-43.486716,-48.487658,-53.588845,-50.122725,-46.340362,-44.266547,-43.37418,-43.280306,-43.599865,-43.787819,-43.361838,-42.375721,-41.251502,-40.228626,-39.511706,-38.908485,-38.571948,-39.073039,-39.575502,-39.987794,-40.054752,-39.422943,-38.620276,-38.351132,-38.552386,-39.6615,-41.388906,-42.881639,-44.514411,-45.548412,-45.652116,-45.717365,-45.323419,-45.890742,-47.34284,-48.231444,-48.272974,-46.701535,-45.27781,-45.932348,-48.0109,-49.652877,-48.179743,-47.010351,-46.890981,-47.220899,-47.396694,-47.400074,-47.33299,-47.916689,-47.928776,-46.531558,-45.028375,-44.287146,-43.202635,-41.194702,-39.496195,-38.706431,-39.201816,-40.844758,-43.50948,-47.432922,-50.981106,-55.117697,-77.586765,-49.724043,-42.250241,-38.024311,-35.476118,-34.824398,-35.143662,-35.768628,-36.459861,-35.995468,-34.681313,-33.346193,-32.456606,-32.093661,-32.175692,-32.509521,-32.776076,-32.615907,-31.881442,-30.970625,-30.002386,-29.302242,-28.855124,-29.455208,-29.969097,-29.908132,-29.565006,-28.471786,-27.299422,-26.830642,-26.706375,-27.715361,-28.87201,-29.782149,-30.52184,-30.173248,-29.446047,-29.803675,-30.701364,-31.820352,-31.09613,-28.676896,-26.455299,-24.37076,-21.084127,-18.130817,-15.775187
"BUR001",2022-07-24,2022-07-24 11:03:00,2022-07-26,"burbot",271,465,NA,712,204,31,"N","1",1,110,NA,NA,0,"A","MD","Region_6","Region_6_4331"," 15:15:11.1860",0.0468220000000006,-0.1275,0.0143999999999997,20.0476021805006,13.906253,-3.3172,2.6385,-0.803818,0.639092,0.057306,0.045414,13.868284,4331,4312,4370,35,-40.415249,13.778829,0.8374,-0.538458,8.505,7.1221,0.020224,15.5,13.744074,14.058643,13.449912,-0.526691,1.388072,1.996764,1.713944,1.408296,2.016987,1.734168,-42.472398,-41.223416,-40.529598,-40.03829,-40.515866,-41.333291,-42.742888,-44.400337,-46.04041,-47.715619,-49.49409,-52.000295,-55.842933,-60.671666,-57.384138,-52.06728,-48.157348,-45.146561,-42.797986,-41.051659,-39.884005,-39.267387,-39.177282,-39.569872,-40.439369,-41.760961,-43.237222,-43.970894,-42.944557,-41.062614,-39.401385,-38.213008,-37.557819,-37.312768,-37.381129,-37.687049,-38.020495,-38.36882,-38.751338,-39.395876,-40.614215,-42.216322,-42.997733,-42.274123,-40.913871,-39.529675,-38.272104,-36.996733,-35.775642,-34.669292,-33.915957,-33.661174,-33.881946,-34.499378,-35.465199,-36.726383,-38.079651,-38.740784,-37.866454,-36.018854,-34.16084,-32.632587,-31.389387,-30.322699,-29.324529,-28.445483,-27.662021,-27.091071,-26.730283,-26.667781,-26.934979,-27.610006,-28.65075,-30.039234,-31.596708,-33.153899,-34.604329,-36.096896,-38.120942,-41.068215,-43.226799,-40.595317,-36.94107,-34.031067,-31.606276,-29.687023,-28.37198,-27.921814,-28.406419,-29.616546,NA,NA,NA,NA,NA,NA,NA,NA,NA,NA,NA,NA,NA,NA,NA,NA,NA,NA,NA,NA,NA,NA,NA,NA,NA,NA,NA,NA,NA,NA,NA,NA,NA,NA,NA,NA,NA,NA,NA,NA,NA,NA,NA,NA,NA,NA,NA,NA,NA,NA,NA,NA,NA,NA,NA,NA,NA,NA,NA,NA,NA,NA,NA,NA,NA,NA,NA,NA,NA,NA,NA,NA,NA,NA,NA,NA,NA,NA,NA,NA,NA,NA,NA,NA,NA,NA,NA,NA,NA,NA,NA,NA,NA,NA,NA,NA,NA,NA,NA,NA,NA,NA,NA,NA,NA,NA,NA,NA,NA,NA,NA,NA,NA,NA,NA,NA,NA,NA,NA,NA,NA,NA,NA,NA,NA,NA,NA,NA,NA,NA,NA,NA,NA,NA,NA,NA,NA,NA,NA,NA,NA,NA,NA,NA,NA,NA,NA,NA,NA,NA,NA,NA,NA,NA,NA,NA,NA,NA,NA,NA,NA,-40.519137,-42.653484,-43.620336,-41.95462,-39.554956,-38.797185,-38.662022,-38.616324,-38.925893,-39.290682,-39.965157,-40.88427,-42.443392,-45.146062,-48.167883,-49.345234,-47.922733,-46.33662,-45.225702,-44.440445,-44.065311,-43.870891,-43.848896,-43.675523,-43.392695,-42.827602,-41.998814,-41.103773,-39.953593,-39.00919,-37.973121,-37.115697,-36.355681,-35.475041,-34.753876,-34.038938,-33.389176,-32.935614,-32.642441,-32.371505,-32.370201,-32.764012,-33.381129,-34.579768,-35.73102,-36.817194,-37.679708,-38.638727,-39.896402,-41.745056,-43.943201,-46.301261,-48.521921,-49.988905,-51.055131,-51.750311,-51.282452,-49.055998,-46.380587,-43.971157,-41.868544,-39.563148,-37.436525,-35.965571,-34.987697,-35.437364,-36.273412,-36.978162,-37.508986,-37.760124,-37.916489,-38.077357,-38.302176,-38.606638,-38.979797,-39.395911,-39.84207,-40.246984,-40.741163,-41.010695,-41.056386,-41.566521,-42.001904,-42.674472,-43.2061,-42.974954,-42.329024,-41.852956,-41.388884,-41.293543,-41.383636,-40.75993,-40.091341,-39.231803,-38.15677,-38.239174,-38.848195,-40.459237,-42.470281,-43.516406,-44.475554,-44.591099,-43.554586,-42.585458,-41.645166,-41.711169,-42.541273,-44.1909,-46.850405,-49.997724,-49.625989,-47.792149,-47.751267,-50.880166,-60.048626,-58.610027,-51.440383,-49.344491,-48.841109,-48.509737,-47.675796,-46.336944,-45.219763,-44.749885,-44.925847,-46.022341,-46.671549,-46.219795,-44.995822,-42.923735,-40.554653,-38.611572,-37.106877,-36.712126,-36.553485,-35.916082,-35.231086,-34.337102,-33.555985,-33.030076,-32.780496,-32.698588,-32.60219,-32.313617,-31.749966,-30.974552,-30.154442,-29.70841,-29.483087,-29.579492,-29.753441,-30.739729,-31.308575,-30.988833,-30.430535,-29.285648,-28.343557,-28.311984,-28.555609,-29.55421,-29.739465,-28.752728,-27.461751,-25.297814,-23.204473,-22.06795,-20.639359,-18.929973,-16.747564,-14.509399,-12.487336,-10.886607,-9.646923,-9.318703,-8.866368
"BUR001",2022-07-24,2022-07-24 11:03:00,2022-07-26,"burbot",271,465,NA,712,204,31,"N","1",1,110,NA,NA,0,"A","MD","Region_6","Region_6_4332"," 15:15:11.3330",-0.0819390000000002,-0.0867999999999998,0.1526,-25.0199530792752,13.953075,-3.4447,2.6529,-0.837483,0.644658,0.260887,0.158926,13.912992,4332,4312,4370,35,-40.415249,13.778829,0.8374,-0.538458,8.505,7.1221,0.020224,15.5,13.744074,14.058643,13.449912,-0.526691,1.388072,1.996764,1.713944,1.408296,2.016987,1.734168,-41.729503,-41.052685,-40.507469,-39.921741,-40.267033,-41.100597,-42.860181,-45.260745,-47.528283,-48.468918,-48.237243,-48.361693,-48.900838,-49.211379,-49.036839,-49.24317,-50.454077,-52.83004,-54.795333,-53.493842,-51.665683,-51.21446,-52.208467,-54.259469,-56.621831,-59.685012,-65.033505,-54.890254,-48.234482,-44.809441,-43.433426,-43.465652,-44.449925,-45.581923,-46.047526,-45.978545,-46.114975,-47.1473,-49.028725,-49.140282,-45.895336,-43.06006,-41.504697,-40.90246,-40.824696,-40.98772,-41.297302,-41.482654,-41.384259,-40.89687,-40.433651,-40.370212,-40.635589,-40.902176,-40.9062,-40.592057,-40.100001,-39.56606,-39.103665,-38.777399,-38.5786,-38.44485,-38.219156,-37.760615,-36.989948,-36.02262,-34.905194,-33.828409,-32.865259,-32.181231,-31.886129,-32.134096,-32.962288,-34.450008,-36.518568,-38.942857,-40.89674,-41.235313,-40.468168,-39.832753,-39.983196,-41.2841,-44.53913,-54.308565,-49.057016,-40.107614,-35.652315,-33.092976,-31.684353,-30.915986,NA,NA,NA,NA,NA,NA,NA,NA,NA,NA,NA,NA,NA,NA,NA,NA,NA,NA,NA,NA,NA,NA,NA,NA,NA,NA,NA,NA,NA,NA,NA,NA,NA,NA,NA,NA,NA,NA,NA,NA,NA,NA,NA,NA,NA,NA,NA,NA,NA,NA,NA,NA,NA,NA,NA,NA,NA,NA,NA,NA,NA,NA,NA,NA,NA,NA,NA,NA,NA,NA,NA,NA,NA,NA,NA,NA,NA,NA,NA,NA,NA,NA,NA,NA,NA,NA,NA,NA,NA,NA,NA,NA,NA,NA,NA,NA,NA,NA,NA,NA,NA,NA,NA,NA,NA,NA,NA,NA,NA,NA,NA,NA,NA,NA,NA,NA,NA,NA,NA,NA,NA,NA,NA,NA,NA,NA,NA,NA,NA,NA,NA,NA,NA,NA,NA,NA,NA,NA,NA,NA,NA,NA,NA,NA,NA,NA,NA,NA,NA,NA,NA,NA,NA,NA,NA,NA,NA,NA,NA,NA,NA,-37.16669,-36.546861,-36.164633,-35.991977,-35.960924,-37.136333,-38.374905,-39.401374,-40.675195,-41.73642,-42.209825,-41.457952,-40.257215,-39.689127,-39.711905,-40.654438,-41.902428,-43.227112,-44.346972,-44.946318,-45.257876,-45.373933,-45.582866,-45.578133,-45.248607,-44.41523,-43.395446,-42.696895,-42.194409,-42.268939,-42.407607,-42.777602,-43.294543,-43.776277,-44.516323,-45.180877,-45.510441,-45.292909,-44.394711,-42.85075,-41.151116,-39.533373,-37.878992,-36.684413,-35.54675,-34.770282,-34.261969,-34.125721,-34.218978,-34.614251,-35.029275,-35.44595,-35.917184,-36.159052,-36.545113,-36.853836,-36.982852,-37.005435,-36.863155,-36.569974,-36.296593,-35.661974,-34.992001,-34.55173,-33.979728,-34.265193,-34.594202,-34.848036,-35.262922,-35.79836,-36.619952,-37.776589,-39.291977,-41.092484,-42.925796,-44.449394,-45.522572,-46.016873,-45.796005,-44.43356,-42.488155,-41.291645,-40.473215,-40.458115,-41.148998,-42.307703,-44.289927,-47.320105,-50.922024,-55.584749,-62.741561,-71.988091,-59.106653,-53.610277,-50.614226,-49.841819,-49.086335,-48.255742,-47.305425,-45.320416,-43.472522,-41.432356,-39.423095,-38.483567,-37.788094,-37.864268,-38.277054,-38.654558,-38.730759,-38.556691,-38.528786,-39.473037,-40.961247,-43.470931,-46.437671,-48.705855,-49.364933,-49.052911,-48.471193,-47.711292,-46.66558,-45.631482,-45.144358,-45.018745,-44.54664,-43.90124,-42.717308,-41.327889,-40.180058,-38.986322,-37.977148,-37.43662,-37.114629,-37.712121,-38.421921,-38.528999,-38.521014,-38.269735,-37.977606,-37.610032,-37.126021,-36.601472,-36.243584,-36.32506,-37.137623,-38.994503,-42.213349,-46.29188,-45.206823,-41.275933,-38.069151,-36.573003,-35.603064,-34.663344,-34.176664,-33.173737,-31.867276,-30.847929,-29.803269,-29.814388,-29.866813,-29.611562,-29.234338,-27.548302,-25.582657,-24.539943,-23.525756,-22.807095,-21.981618,-21.082382,-20.111732,-19.22288,-18.500918,-18.566493,-18.33765
"BUR001",2022-07-24,2022-07-24 11:03:00,2022-07-26,"burbot",271,465,NA,712,204,31,"N","1",1,110,NA,NA,0,"A","MD","Region_6","Region_6_4333"," 15:15:11.4790",-0.0117060000000002,0.0255999999999998,0.0826000000000002,-7.70908918971264,13.871136,-3.5315,2.8055,-0.853406,0.677647,0.130731,0.015992,13.828265,4333,4312,4370,35,-40.415249,13.778829,0.8374,-0.538458,8.505,7.1221,0.020224,15.5,13.744074,14.058643,13.449912,-0.526691,1.388072,1.996764,1.713944,1.408296,2.016987,1.734168,-43.441849,-43.038792,-42.772059,-42.291759,-42.446851,-42.710798,-43.478318,-44.446472,-45.171373,-45.299809,-44.587262,-43.646949,-42.894692,-42.690561,-42.964205,-43.774049,-45.139247,-47.251785,-50.547628,-56.032663,-61.192567,-55.004388,-50.824718,-48.361317,-46.75578,-45.609104,-44.676407,-43.92874,-43.25845,-42.638042,-41.964138,-41.175044,-40.464638,-39.95739,-39.801975,-40.138494,-40.953517,-42.386276,-44.42878,-46.720528,-47.777384,-47.105267,-46.585725,-46.986367,-47.785793,-47.708522,-45.977578,-43.359835,-40.901869,-38.941867,-37.639988,-36.965237,-36.763036,-36.892261,-37.282076,-37.905943,-38.796891,-39.927251,-41.196046,-42.387098,-43.207876,-43.449264,-42.993396,-41.950062,-40.61119,-39.30508,-38.059756,-36.958106,-35.980533,-35.245994,-34.858997,-35.006963,-35.822733,-37.614277,-40.856896,-46.148603,-44.76851,-38.894102,-35.21401,-32.977731,-31.730636,-31.165109,-31.031769,-31.18716,-31.451217,-31.868904,-32.246175,-32.434273,-32.266015,-31.675667,NA,NA,NA,NA,NA,NA,NA,NA,NA,NA,NA,NA,NA,NA,NA,NA,NA,NA,NA,NA,NA,NA,NA,NA,NA,NA,NA,NA,NA,NA,NA,NA,NA,NA,NA,NA,NA,NA,NA,NA,NA,NA,NA,NA,NA,NA,NA,NA,NA,NA,NA,NA,NA,NA,NA,NA,NA,NA,NA,NA,NA,NA,NA,NA,NA,NA,NA,NA,NA,NA,NA,NA,NA,NA,NA,NA,NA,NA,NA,NA,NA,NA,NA,NA,NA,NA,NA,NA,NA,NA,NA,NA,NA,NA,NA,NA,NA,NA,NA,NA,NA,NA,NA,NA,NA,NA,NA,NA,NA,NA,NA,NA,NA,NA,NA,NA,NA,NA,NA,NA,NA,NA,NA,NA,NA,NA,NA,NA,NA,NA,NA,NA,NA,NA,NA,NA,NA,NA,NA,NA,NA,NA,NA,NA,NA,NA,NA,NA,NA,NA,NA,NA,NA,NA,NA,NA,NA,NA,NA,NA,NA,-38.053497,-38.176027,-38.359535,-38.607322,-38.948633,-40.588584,-42.365964,-44.0215,-46.169662,-48.842497,-52.421949,-54.316466,-51.66928,-49.084232,-47.694892,-47.830647,-48.840634,-50.226164,-50.763424,-49.720629,-48.301601,-47.087834,-46.330868,-45.71226,-45.242666,-44.619796,-43.746017,-42.818816,-41.710788,-41.087719,-40.659687,-40.746576,-41.256543,-41.974424,-43.308125,-45.087513,-47.277714,-49.596301,-51.121893,-51.094386,-50.236894,-49.344383,-48.811347,-49.697671,-52.202253,-56.760527,-55.492131,-50.814718,-47.840703,-46.123993,-44.973844,-44.1656,-43.595991,-42.858057,-42.291594,-41.676964,-41.003967,-40.434298,-39.945847,-39.503489,-39.164572,-38.413813,-37.52158,-36.764495,-35.916335,-36.175473,-36.683546,-37.129468,-37.399592,-37.19055,-36.716838,-36.22632,-35.890701,-35.658429,-35.301035,-34.685778,-33.969807,-33.268727,-32.834958,-32.413995,-32.0899,-32.488344,-32.724213,-33.085148,-33.483562,-33.802968,-34.549306,-36.054053,-37.782126,-39.713533,-41.500503,-42.237158,-43.091242,-44.76964,-48.355182,-58.6245,-59.202194,-53.053719,-51.657653,-50.526279,-49.980136,-49.387837,-48.883975,-49.431339,-49.963644,-51.14522,-52.218309,-50.477027,-46.974208,-44.180138,-42.614884,-42.719148,-43.418614,-44.474287,-44.89636,-44.245622,-42.912027,-41.265005,-39.863105,-39.568596,-40.307676,-41.386066,-42.235597,-42.463116,-42.222216,-42.38677,-42.205141,-41.37823,-40.379692,-39.20208,-38.261495,-37.689958,-36.900997,-36.684749,-36.689428,-36.714642,-37.531591,-38.721435,-39.634873,-39.471698,-38.346811,-36.925082,-35.701337,-34.890267,-34.515724,-34.466921,-34.538538,-34.764622,-34.791625,-34.818297,-34.843509,-36.107273,-37.720147,-39.111466,-39.624488,-37.199797,-33.952442,-31.720168,-29.929552,-29.332567,-28.75936,-27.957733,-27.349512,-25.707971,-24.040182,-23.488053,-23.019694,-22.883368,-22.732861,-22.756437,-23.135925,-24.172546,-26.193781,-29.863755,-30.953948
"BUR001",2022-07-24,2022-07-24 11:03:00,2022-07-26,"burbot",271,465,NA,712,204,31,"N","1",1,110,NA,NA,0,"A","MD","Region_6","Region_6_4334"," 15:15:11.6240",NA,NA,NA,NA,13.85943,-3.5059,2.8881,-0.846449,0.697009,0.335679,0.279174,13.815988,4334,4312,4370,35,-40.415249,13.778829,0.8374,-0.538458,8.505,7.1221,0.020224,15.5,13.744074,14.058643,13.449912,-0.526691,1.388072,1.996764,1.713944,1.408296,2.016987,1.734168,-46.399504,-45.808234,-45.237137,-44.30645,-43.853421,-43.324631,-43.081806,-42.852004,-42.419843,-41.866004,-41.129043,-40.500448,-40.03564,-39.948962,-40.139502,-40.640271,-41.37153,-42.253292,-43.068776,-43.432526,-43.091171,-42.239675,-41.284956,-40.460117,-39.852743,-39.483735,-39.300263,-39.313201,-39.352957,-39.319799,-39.109357,-38.703335,-38.298484,-37.971517,-37.80565,-37.861295,-38.000712,-38.167343,-38.15133,-37.870318,-37.517779,-37.371614,-37.585017,-38.185864,-39.021098,-39.960031,-40.987744,-41.859536,-42.318443,-42.036927,-41.365262,-40.845142,-40.69851,-40.968703,-41.684144,-42.862405,-44.494575,-46.30599,-47.74018,-48.641856,-49.672829,-51.279461,-52.394486,-50.951897,-47.870301,-44.77914,-42.030004,-39.788748,-38.051326,-36.897565,-36.357982,-36.519266,-37.352175,-38.772072,-40.044139,-39.619439,-37.353041,-34.744641,-32.581454,-30.989554,-29.957167,-29.355592,-29.015904,-28.847141,-28.724574,-28.770428,-28.906594,-29.143248,-29.41298,-29.600355,NA,NA,NA,NA,NA,NA,NA,NA,NA,NA,NA,NA,NA,NA,NA,NA,NA,NA,NA,NA,NA,NA,NA,NA,NA,NA,NA,NA,NA,NA,NA,NA,NA,NA,NA,NA,NA,NA,NA,NA,NA,NA,NA,NA,NA,NA,NA,NA,NA,NA,NA,NA,NA,NA,NA,NA,NA,NA,NA,NA,NA,NA,NA,NA,NA,NA,NA,NA,NA,NA,NA,NA,NA,NA,NA,NA,NA,NA,NA,NA,NA,NA,NA,NA,NA,NA,NA,NA,NA,NA,NA,NA,NA,NA,NA,NA,NA,NA,NA,NA,NA,NA,NA,NA,NA,NA,NA,NA,NA,NA,NA,NA,NA,NA,NA,NA,NA,NA,NA,NA,NA,NA,NA,NA,NA,NA,NA,NA,NA,NA,NA,NA,NA,NA,NA,NA,NA,NA,NA,NA,NA,NA,NA,NA,NA,NA,NA,NA,NA,NA,NA,NA,NA,NA,NA,NA,NA,NA,NA,NA,NA,-43.730737,-42.247495,-41.342093,-40.920463,-40.884674,-42.302109,-43.893016,-45.260332,-46.75098,-47.787555,-47.893865,-46.398178,-44.215125,-42.478837,-41.16394,-40.708328,-40.576857,-40.722158,-41.079895,-41.453172,-41.983159,-42.397481,-42.679922,-42.489923,-41.973638,-41.101683,-40.094318,-39.346133,-38.723518,-38.761582,-39.02654,-39.741599,-40.724161,-41.633654,-42.722004,-43.657453,-44.354653,-44.816814,-44.89667,-44.412946,-43.723845,-43.049513,-42.380603,-42.333554,-42.485961,-43.148794,-44.234719,-45.93423,-48.145034,-50.777509,-52.979406,-54.049569,-54.05723,-53.349215,-52.939024,-53.157028,-54.411926,-56.926929,-60.458308,-64.528786,-66.56642,-63.215149,-58.739938,-55.023621,-51.840627,-50.123684,-48.732248,-47.269114,-45.765242,-44.131476,-42.617406,-41.326433,-40.296631,-39.473961,-38.751595,-38.076886,-37.514153,-37.029943,-36.806693,-36.568814,-36.395762,-36.906273,-37.212182,-37.651594,-38.226468,-38.908797,-40.283557,-42.744482,-45.818019,-49.527164,-53.100821,-53.614467,-51.239992,-48.498282,-46.398751,-45.899076,-45.384032,-45.067274,-44.674969,-43.118717,-41.720417,-40.298734,-39.20755,-39.471657,-39.662782,-39.646922,-39.333437,-39.138138,-39.301659,-39.835654,-40.655683,-41.963903,-42.361164,-41.987577,-41.227463,-40.579067,-40.795673,-42.196144,-44.627528,-47.377596,-47.231356,-45.017297,-43.780234,-44.099498,-45.898579,-49.63262,-52.507174,-51.583814,-50.011064,-48.479168,-47.331903,-47.375958,-48.365006,-49.013828,-47.344783,-45.358485,-44.57126,-44.635789,-45.570227,-47.427209,-50.047966,-52.15863,-50.4616,-45.662838,-41.260382,-38.091487,-36.12334,-35.430633,-35.569954,-36.411032,-37.228048,-37.95915,-36.697867,-33.835194,-31.125758,-28.347544,-26.190841,-25.243799,-24.729783,-25.453461,-26.278821,-26.981171,-28.077362,-28.424214,-28.933511,-29.782742,-27.918507,-24.435307,-20.818429,-17.569375,-14.673964,-12.147964,-9.96125,-8.797556,-7.831769
"BUR001",2022-07-24,2022-07-24 11:03:00,2022-07-26,"burbot",271,465,NA,712,204,31,"N","1",1,110,NA,NA,0,"A","MD","Region_6","Region_6_4336"," 15:15:11.9160",NA,NA,NA,NA,13.836019,-3.3582,2.7118,-0.809577,0.653502,0.100706,0.082215,13.796845,4336,4312,4370,35,-40.415249,13.778829,0.8374,-0.538458,8.505,7.1221,0.020224,15.5,13.744074,14.058643,13.449912,-0.526691,1.388072,1.996764,1.713944,1.408296,2.016987,1.734168,-43.558103,-42.855422,-42.120232,-41.051004,-40.544624,-40.104471,-40.087226,-40.208937,-40.230656,-40.164694,-39.883174,-39.645057,-39.515914,-39.726686,-40.158686,-40.74966,-41.267382,-41.480171,-41.275543,-40.800017,-40.334427,-40.098368,-40.208258,-40.666903,-41.418006,-42.275203,-42.813056,-42.72409,-42.069911,-41.369938,-40.913279,-40.611083,-40.291859,-39.682117,-38.763166,-37.735803,-36.691397,-35.809763,-35.12008,-34.691908,-34.672358,-35.12315,-35.929309,-36.867926,-37.575493,-37.782725,-37.468835,-36.590256,-35.414612,-34.197429,-33.27459,-32.783152,-32.656708,-32.76083,-32.953276,-33.066625,-32.960199,-32.522629,-31.80567,-30.980937,-30.216991,-29.648732,-29.315769,-29.20074,-29.203381,-29.31762,-29.463661,-29.740548,-30.153323,-30.79723,-31.684332,-32.817287,-33.995808,-34.975274,-35.411432,-35.211716,-34.512716,-33.535712,-32.542143,-31.697788,-31.132171,-30.815627,-30.63447,-30.514889,-30.333865,-30.238597,-30.295304,-30.673214,-31.332253,-32.005412,NA,NA,NA,NA,NA,NA,NA,NA,NA,NA,NA,NA,NA,NA,NA,NA,NA,NA,NA,NA,NA,NA,NA,NA,NA,NA,NA,NA,NA,NA,NA,NA,NA,NA,NA,NA,NA,NA,NA,NA,NA,NA,NA,NA,NA,NA,NA,NA,NA,NA,NA,NA,NA,NA,NA,NA,NA,NA,NA,NA,NA,NA,NA,NA,NA,NA,NA,NA,NA,NA,NA,NA,NA,NA,NA,NA,NA,NA,NA,NA,NA,NA,NA,NA,NA,NA,NA,NA,NA,NA,NA,NA,NA,NA,NA,NA,NA,NA,NA,NA,NA,NA,NA,NA,NA,NA,NA,NA,NA,NA,NA,NA,NA,NA,NA,NA,NA,NA,NA,NA,NA,NA,NA,NA,NA,NA,NA,NA,NA,NA,NA,NA,NA,NA,NA,NA,NA,NA,NA,NA,NA,NA,NA,NA,NA,NA,NA,NA,NA,NA,NA,NA,NA,NA,NA,NA,NA,NA,NA,NA,NA,-34.094347,-34.03802,-34.139309,-34.394333,-34.753203,-36.146477,-37.179312,-37.299842,-36.9769,-36.19751,-35.41919,-34.593364,-34.042184,-34.21109,-34.881403,-36.476107,-38.637164,-41.476536,-45.145027,-49.247834,-50.100861,-46.816417,-43.982821,-41.950079,-40.636217,-39.726556,-39.133975,-38.969534,-38.912271,-39.240382,-39.370888,-39.377504,-39.167947,-38.64127,-38.21234,-37.790508,-37.479675,-37.421672,-37.541746,-37.634398,-37.900353,-38.441895,-39.155603,-40.581215,-42.278339,-44.226404,-45.704936,-46.301318,-46.150617,-45.959219,-45.820824,-45.794001,-45.85614,-45.671561,-45.686653,-45.928638,-46.447303,-47.043925,-47.227251,-46.910645,-46.353122,-45.228426,-43.90442,-42.786119,-41.758841,-41.959,-42.52857,-43.06725,-43.440663,-43.33478,-42.843831,-42.169383,-41.601917,-41.372695,-41.55892,-42.058237,-42.698202,-43.372885,-44.491075,-46.287613,-49.608815,-56.859655,-65.789699,-56.688528,-53.163686,-51.017667,-49.762037,-49.668082,-50.088147,-50.586778,-50.458045,-48.904194,-46.910755,-44.724434,-42.897173,-43.117905,-44.597744,-47.427657,-50.220044,-50.822399,-50.506824,-49.43258,-48.129596,-48.18051,-49.00326,-49.745785,-48.492793,-46.589616,-44.790391,-43.1738,-42.089725,-42.107218,-42.130755,-41.918553,-41.420726,-41.370353,-42.909062,-47.274533,-57.540737,-65.820382,-56.65003,-49.374694,-45.227485,-43.659348,-43.914971,-46.228314,-49.295179,-50.392289,-47.17796,-42.471614,-38.636278,-36.303664,-35.173141,-35.761392,-36.859074,-37.143306,-36.966711,-36.78019,-37.006285,-37.156949,-36.758647,-35.917179,-34.861088,-33.715551,-32.686593,-32.047251,-31.992513,-32.814602,-34.153433,-35.805126,-36.976933,-37.767237,-36.961852,-35.000029,-33.271004,-31.540967,-30.44415,-30.437693,-30.603154,-31.449849,-31.889451,-31.902279,-31.998426,-31.090034,-30.075013,-30.030779,-29.681266,-28.816789,-27.184979,-25.210219,-23.074064,-20.985151,-19.028826,-17.935916,-16.805642
"BUR001",2022-07-24,2022-07-24 11:03:00,2022-07-26,"burbot",271,465,NA,712,204,31,"N","1",1,110,NA,NA,0,"A","MD","Region_6","Region_6_4338"," 15:15:12.2150",-0.140467000000001,0.7849,-0.0678999999999998,-10.109363658458,13.917958,-2.7455,2.0926,-0.666229,0.507632,0.165737,0.134175,13.892732,4338,4312,4370,35,-40.415249,13.778829,0.8374,-0.538458,8.505,7.1221,0.020224,15.5,13.744074,14.058643,13.449912,-0.526691,1.388072,1.996764,1.713944,1.408296,2.016987,1.734168,-42.516744,-42.501264,-42.796644,-42.943307,-43.246574,-43.139115,-43.578168,-44.925486,-46.749194,-46.820167,-44.958628,-43.963719,-44.334191,-45.358412,-45.277683,-44.121957,-43.172646,-42.92277,-43.35129,-44.212211,-44.77884,-44.105436,-42.372802,-40.575103,-39.32365,-38.84483,-39.201896,-40.465962,-42.453217,-44.919039,-46.645903,-45.615348,-43.506511,-41.732026,-40.091764,-38.321693,-36.482727,-34.980106,-34.080261,-33.91734,-34.181047,-33.802773,-32.641328,-31.689539,-31.214665,-31.004591,-30.91096,-30.667431,-30.32479,-30.106706,-30.459205,-31.501641,-32.744758,-33.369227,-33.142776,-32.560427,-32.070711,-31.80728,-31.810814,-32.140363,-32.997381,-34.56302,-36.212984,-36.251119,-34.977322,-33.908908,-33.285,-33.080901,-33.274142,-34.085158,-35.77329,-38.786223,-43.786965,-51.27293,-50.573665,-47.493528,-46.254698,-45.12243,-43.858817,-43.109475,-42.323894,-40.040182,-37.157861,-35.036334,-33.94787,-33.94699,-34.486749,-33.936806,-32.21498,-30.728987,NA,NA,NA,NA,NA,NA,NA,NA,NA,NA,NA,NA,NA,NA,NA,NA,NA,NA,NA,NA,NA,NA,NA,NA,NA,NA,NA,NA,NA,NA,NA,NA,NA,NA,NA,NA,NA,NA,NA,NA,NA,NA,NA,NA,NA,NA,NA,NA,NA,NA,NA,NA,NA,NA,NA,NA,NA,NA,NA,NA,NA,NA,NA,NA,NA,NA,NA,NA,NA,NA,NA,NA,NA,NA,NA,NA,NA,NA,NA,NA,NA,NA,NA,NA,NA,NA,NA,NA,NA,NA,NA,NA,NA,NA,NA,NA,NA,NA,NA,NA,NA,NA,NA,NA,NA,NA,NA,NA,NA,NA,NA,NA,NA,NA,NA,NA,NA,NA,NA,NA,NA,NA,NA,NA,NA,NA,NA,NA,NA,NA,NA,NA,NA,NA,NA,NA,NA,NA,NA,NA,NA,NA,NA,NA,NA,NA,NA,NA,NA,NA,NA,NA,NA,NA,NA,NA,NA,NA,NA,NA,NA,-38.207668,-38.455983,-38.690916,-38.678768,-38.232875,-38.493869,-39.14225,-40.108021,-41.892732,-44.166171,-46.133852,-46.370612,-45.524501,-45.151471,-45.527334,-47.136713,-50.342746,-55.077726,-52.666628,-47.735537,-44.702607,-42.850573,-41.799633,-41.211654,-41.126,-41.529942,-42.603333,-44.712921,-47.971455,-51.578294,-51.477949,-49.613327,-47.70435,-45.497814,-43.785079,-42.950877,-42.97694,-43.679068,-44.439964,-44.200239,-42.824398,-41.239308,-39.786808,-38.896553,-38.42276,-38.681693,-39.869109,-41.832293,-42.981341,-41.909342,-40.051252,-38.5442,-37.505957,-36.592461,-36.027166,-35.826043,-36.051011,-36.866675,-38.009487,-39.116328,-39.927056,-39.813183,-39.087586,-38.574679,-38.495033,-39.745121,-41.637178,-43.349567,-44.404251,-44.626315,-44.442788,-44.323996,-44.54182,-45.283722,-46.799004,-49.588596,-54.744795,-58.709161,-52.316336,-48.038763,-45.344881,-43.881017,-42.691502,-41.738012,-41.115684,-40.627347,-40.532622,-40.893144,-41.048883,-41.309744,-41.622589,-41.575911,-41.796904,-41.795012,-40.85802,-39.876107,-39.011152,-38.958627,-39.20144,-38.741816,-38.384616,-37.786864,-36.973225,-36.244535,-35.166473,-34.944816,-35.183428,-35.609717,-35.214456,-33.918077,-32.776142,-32.374101,-32.567726,-33.646385,-34.909206,-35.768453,-35.76783,-35.271388,-34.60948,-34.246266,-34.445403,-35.042715,-36.44882,-38.670332,-41.821299,-45.832459,-45.835072,-42.594917,-39.901327,-37.917726,-36.580979,-35.945609,-35.828991,-36.604908,-37.859581,-39.663622,-43.187127,-47.553266,-43.894978,-40.110477,-38.67249,-38.910332,-40.395531,-42.394857,-42.760908,-40.44585,-37.551066,-35.4721,-34.157506,-33.549538,-33.576549,-34.768733,-36.248903,-37.952278,-40.278817,-41.211315,-38.091647,-34.622022,-32.245885,-31.466956,-31.328595,-31.570307,-32.127034,-32.338336,-32.483046,-32.853018,-32.256456,-31.262243,-30.485825,-30.260563,-30.387691,-30.904556,-31.344817,-31.243535,-29.663664
"BUR001",2022-07-24,2022-07-24 11:03:00,2022-07-26,"burbot",271,465,NA,712,204,31,"N","1",1,110,NA,NA,0,"A","MD","Region_6","Region_6_4339"," 15:15:12.3620",-0.0117049999999992,-0.1029,0.195,-3.03884476020964,13.777491,-1.9606,2.0247,-0.471073,0.486478,0.060169,0.070295,13.760839,4339,4312,4370,35,-40.415249,13.778829,0.8374,-0.538458,8.505,7.1221,0.020224,15.5,13.744074,14.058643,13.449912,-0.526691,1.388072,1.996764,1.713944,1.408296,2.016987,1.734168,-43.269912,-44.779367,-46.881812,-48.913556,-50.679018,-50.833161,-50.442037,-50.646436,-52.087232,-54.90174,-54.943107,-50.516954,-46.915273,-44.793338,-43.71782,-43.421242,-43.688047,-44.217956,-44.504194,-44.055826,-42.930293,-41.708442,-40.787697,-40.272727,-40.189721,-40.4834,-40.963252,-41.338936,-41.100205,-40.210048,-39.04884,-37.859155,-36.811572,-35.916761,-35.201371,-34.76304,-34.574971,-34.717667,-35.167502,-35.780737,-36.201571,-36.017693,-35.34198,-34.695177,-34.310775,-34.183892,-34.411354,-34.944787,-35.878179,-37.02364,-37.883257,-37.931013,-37.433689,-36.978597,-36.844495,-37.114444,-37.87133,-39.281585,-41.881578,-47.383063,-57.381746,-44.126031,-38.997592,-36.485429,-35.355037,-35.203423,-35.820432,-37.279925,-39.673579,-42.911395,-44.376193,-42.01109,-39.513219,-38.067614,-37.554576,-37.885896,-38.88663,-39.984523,-39.697161,-37.711425,-35.60636,-34.13113,-33.465793,-33.74609,-35.060418,-37.771764,-41.653791,-40.243453,-35.988629,-33.39872,NA,NA,NA,NA,NA,NA,NA,NA,NA,NA,NA,NA,NA,NA,NA,NA,NA,NA,NA,NA,NA,NA,NA,NA,NA,NA,NA,NA,NA,NA,NA,NA,NA,NA,NA,NA,NA,NA,NA,NA,NA,NA,NA,NA,NA,NA,NA,NA,NA,NA,NA,NA,NA,NA,NA,NA,NA,NA,NA,NA,NA,NA,NA,NA,NA,NA,NA,NA,NA,NA,NA,NA,NA,NA,NA,NA,NA,NA,NA,NA,NA,NA,NA,NA,NA,NA,NA,NA,NA,NA,NA,NA,NA,NA,NA,NA,NA,NA,NA,NA,NA,NA,NA,NA,NA,NA,NA,NA,NA,NA,NA,NA,NA,NA,NA,NA,NA,NA,NA,NA,NA,NA,NA,NA,NA,NA,NA,NA,NA,NA,NA,NA,NA,NA,NA,NA,NA,NA,NA,NA,NA,NA,NA,NA,NA,NA,NA,NA,NA,NA,NA,NA,NA,NA,NA,NA,NA,NA,NA,NA,NA,-37.485872,-37.529414,-37.901811,-38.721309,-40.123895,-42.815577,-46.352399,-50.304885,-53.02971,-51.737531,-50.268301,-50.85325,-54.267321,-55.350995,-48.511553,-44.036363,-41.317682,-39.756507,-39.071757,-39.123754,-39.798369,-40.989576,-42.591674,-44.207765,-45.120546,-44.737905,-43.682763,-42.78067,-42.295738,-42.355566,-42.926724,-44.046641,-45.568422,-47.074626,-48.07267,-48.572017,-48.952482,-49.673161,-51.11797,-53.956233,-60.245984,-61.517666,-52.292097,-47.424171,-44.308995,-42.215952,-40.932437,-40.288362,-40.177474,-40.596872,-41.31642,-42.188284,-42.989161,-43.23241,-43.049752,-42.8507,-43.038337,-44.053795,-46.023384,-49.645104,-59.45081,-55.204244,-45.757593,-41.218243,-38.464357,-37.261241,-36.913871,-36.809926,-37.040485,-37.67537,-38.70102,-40.321306,-42.722242,-45.435618,-45.807886,-43.365721,-40.770697,-38.744565,-37.24349,-36.093878,-35.432319,-35.632556,-36.134055,-36.636715,-37.068324,-36.94202,-36.514434,-36.26545,-35.997043,-36.198909,-36.54141,-36.580298,-36.705058,-36.591206,-36.4714,-37.048613,-37.80622,-39.0507,-40.283971,-40.838401,-41.281726,-41.016172,-40.104385,-39.270215,-38.828506,-39.980531,-41.834356,-44.200896,-45.546758,-44.796395,-43.285192,-42.147834,-42.010359,-43.590967,-46.914431,-52.90454,-64.616366,-56.647295,-48.37622,-44.569641,-43.465459,-43.390448,-43.185476,-42.481409,-42.7527,-46.049686,-57.217071,-52.266617,-46.450438,-45.097787,-42.816891,-39.179944,-37.030195,-37.483757,-40.929764,-48.370278,-46.563136,-44.918074,-51.320701,-52.069316,-43.03056,-40.936377,-42.196151,-47.507753,-59.860168,-47.306614,-44.004973,-44.380286,-47.634698,-56.14204,-51.710344,-44.494208,-40.699477,-38.591937,-37.987932,-38.851973,-41.052282,-40.799511,-37.610378,-36.205712,-36.638355,-38.0879,-37.606713,-35.722553,-35.154008,-35.992625,-34.406885,-31.301216,-29.090327,-27.832301,-27.068341,-26.908467,-26.741197,-26.62597,-26.025317
"BUR001",2022-07-24,2022-07-24 11:03:00,2022-07-26,"burbot",271,465,NA,712,204,31,"N","1",1,110,NA,NA,0,"A","MD","Region_6","Region_6_4340"," 15:15:12.5070",0,-0.4496,0.3365,0,13.765786,-2.0635,2.2197,-0.495286,0.532824,0.060454,0.04517,13.74655,4340,4312,4370,35,-40.415249,13.778829,0.8374,-0.538458,8.505,7.1221,0.020224,15.5,13.744074,14.058643,13.449912,-0.526691,1.388072,1.996764,1.713944,1.408296,2.016987,1.734168,-47.408968,-50.933569,-55.206405,-55.986692,-53.681745,-51.781659,-51.443635,-52.977687,-57.912982,-65.909188,-53.714043,-48.521667,-45.674111,-44.177588,-43.50646,-43.415055,-43.662014,-43.904037,-43.743945,-43.053504,-42.046966,-41.07886,-40.344264,-39.863965,-39.616401,-39.504704,-39.339389,-39.004535,-38.348621,-37.475792,-36.558449,-35.662051,-34.912643,-34.313216,-33.877054,-33.67958,-33.673034,-33.928326,-34.422129,-35.061738,-35.637156,-35.844654,-35.64518,-35.382832,-35.274722,-35.365176,-35.790327,-36.527227,-37.666007,-38.917546,-39.576439,-39.210544,-38.47102,-38.027874,-38.103028,-38.760477,-40.112958,-42.383865,-45.976823,-48.588188,-44.349274,-40.195756,-37.726285,-36.57984,-36.389482,-36.955298,-38.003755,-39.183037,-39.604848,-38.723709,-37.141799,-35.702233,-34.685551,-34.184621,-34.147975,-34.556358,-35.253779,-35.891781,-35.824711,-34.742535,-33.283449,-32.04476,-31.302433,-31.181833,-31.652309,-32.92761,-35.649628,-41.496467,-50.3298,-41.219179,NA,NA,NA,NA,NA,NA,NA,NA,NA,NA,NA,NA,NA,NA,NA,NA,NA,NA,NA,NA,NA,NA,NA,NA,NA,NA,NA,NA,NA,NA,NA,NA,NA,NA,NA,NA,NA,NA,NA,NA,NA,NA,NA,NA,NA,NA,NA,NA,NA,NA,NA,NA,NA,NA,NA,NA,NA,NA,NA,NA,NA,NA,NA,NA,NA,NA,NA,NA,NA,NA,NA,NA,NA,NA,NA,NA,NA,NA,NA,NA,NA,NA,NA,NA,NA,NA,NA,NA,NA,NA,NA,NA,NA,NA,NA,NA,NA,NA,NA,NA,NA,NA,NA,NA,NA,NA,NA,NA,NA,NA,NA,NA,NA,NA,NA,NA,NA,NA,NA,NA,NA,NA,NA,NA,NA,NA,NA,NA,NA,NA,NA,NA,NA,NA,NA,NA,NA,NA,NA,NA,NA,NA,NA,NA,NA,NA,NA,NA,NA,NA,NA,NA,NA,NA,NA,NA,NA,NA,NA,NA,NA,-45.304312,-45.691302,-46.767702,-48.88523,-52.813344,-60.977555,-58.828011,-52.768481,-49.807943,-48.499178,-48.629958,-50.491026,-53.881295,-52.310814,-47.18567,-43.845147,-41.905543,-40.96282,-40.77462,-41.22972,-42.331343,-44.104966,-46.600564,-49.241301,-49.994836,-48.240346,-46.327972,-45.288715,-45.309451,-46.889935,-51.278015,-66.062018,-50.54947,-44.550517,-41.472337,-39.742408,-38.768129,-38.344719,-38.33987,-38.70361,-39.481512,-40.784883,-42.251936,-43.697034,-44.589857,-45.039088,-45.633921,-47.034064,-49.936493,-55.357321,-59.260635,-54.232846,-51.073709,-49.365465,-48.687235,-49.090542,-50.886558,-52.72069,-50.068721,-46.23717,-43.267472,-40.680572,-38.48822,-37.000082,-36.077736,-36.296857,-37.175755,-38.237659,-39.646646,-41.643222,-44.624815,-49.387176,-52.226751,-47.180213,-43.455237,-41.183144,-39.708835,-38.766819,-38.231862,-37.859906,-37.706247,-38.105183,-38.422307,-38.475241,-38.340889,-37.768266,-37.210841,-37.192897,-37.42661,-38.245752,-39.161104,-39.498111,-39.53754,-38.880957,-37.785711,-37.278783,-37.146442,-37.955034,-39.19563,-39.930948,-40.545097,-40.359945,-39.520777,-38.742804,-38.128694,-38.959525,-40.706384,-43.573314,-46.633629,-48.869328,-50.24967,-50.56824,-49.948713,-49.527862,-49.341833,-49.226106,-48.634851,-47.932363,-47.533203,-47.878791,-49.16377,-51.003844,-53.01654,-53.462575,-52.545841,-51.192718,-48.60122,-46.16698,-44.794215,-44.785548,-46.319364,-48.713149,-47.871707,-44.464836,-41.396451,-39.141115,-38.127417,-38.202875,-39.484533,-40.487115,-39.570759,-38.18329,-37.657506,-38.298326,-40.248783,-43.667153,-47.90046,-49.856425,-49.672278,-47.534409,-43.018628,-39.641422,-37.494576,-36.463203,-36.392691,-36.299371,-35.266305,-33.513475,-31.761529,-31.010344,-30.823728,-31.151163,-31.681147,-31.33858,-29.974174,-29.018484,-28.391325,-28.111767,-28.018715,-27.830263,-27.016835,-25.951084,-25.148377,-25.994561,-28.106408
"BUR001",2022-07-24,2022-07-24 11:03:00,2022-07-26,"burbot",271,465,NA,712,204,31,"N","1",1,110,NA,NA,0,"A","MD","Region_6","Region_6_4341"," 15:15:12.6550",NA,NA,NA,NA,13.765786,-2.5131,2.5562,-0.602997,0.613365,0.106829,0.156545,13.738887,4341,4312,4370,35,-40.415249,13.778829,0.8374,-0.538458,8.505,7.1221,0.020224,15.5,13.744074,14.058643,13.449912,-0.526691,1.388072,1.996764,1.713944,1.408296,2.016987,1.734168,-46.471457,-47.591249,-49.502227,-51.965725,-56.212062,-59.047054,-56.03188,-54.01477,-54.199817,-56.744574,-58.48237,-52.865045,-48.113139,-45.302387,-43.75875,-43.147447,-43.228285,-43.771249,-44.334978,-44.190813,-43.050564,-41.571806,-40.365735,-39.615531,-39.325786,-39.37334,-39.429056,-39.129549,-38.287094,-37.304034,-36.533372,-35.953283,-35.477234,-34.929337,-34.293865,-33.729424,-33.299041,-33.172091,-33.387988,-33.920239,-34.56182,-34.794452,-34.376665,-33.7602,-33.301257,-33.08657,-33.223427,-33.638101,-34.356484,-35.075105,-35.379961,-35.164849,-34.821343,-34.714341,-34.972806,-35.606356,-36.627695,-38.053219,-40.057273,-43.161497,-49.002445,-51.420859,-43.475571,-39.610758,-37.93605,-37.677123,-38.416091,-40.0597,-42.180637,-42.844882,-40.625091,-38.063713,-36.311505,-35.423777,-35.206553,-35.529797,-36.171259,-36.639966,-36.177478,-34.718695,-33.12367,-31.890156,-31.130644,-30.890006,-31.102788,-31.847981,-33.02827,-34.285772,-35.182807,-35.819026,NA,NA,NA,NA,NA,NA,NA,NA,NA,NA,NA,NA,NA,NA,NA,NA,NA,NA,NA,NA,NA,NA,NA,NA,NA,NA,NA,NA,NA,NA,NA,NA,NA,NA,NA,NA,NA,NA,NA,NA,NA,NA,NA,NA,NA,NA,NA,NA,NA,NA,NA,NA,NA,NA,NA,NA,NA,NA,NA,NA,NA,NA,NA,NA,NA,NA,NA,NA,NA,NA,NA,NA,NA,NA,NA,NA,NA,NA,NA,NA,NA,NA,NA,NA,NA,NA,NA,NA,NA,NA,NA,NA,NA,NA,NA,NA,NA,NA,NA,NA,NA,NA,NA,NA,NA,NA,NA,NA,NA,NA,NA,NA,NA,NA,NA,NA,NA,NA,NA,NA,NA,NA,NA,NA,NA,NA,NA,NA,NA,NA,NA,NA,NA,NA,NA,NA,NA,NA,NA,NA,NA,NA,NA,NA,NA,NA,NA,NA,NA,NA,NA,NA,NA,NA,NA,NA,NA,NA,NA,NA,NA,-42.514968,-42.135101,-41.767016,-41.431703,-41.107556,-41.59436,-42.156031,-42.528004,-43.175638,-43.947136,-44.925311,-46.160383,-47.97966,-51.046827,-55.469595,-58.060992,-53.940167,-50.155986,-47.732647,-46.221332,-45.395428,-45.009862,-45.059072,-45.432643,-46.239657,-47.389961,-48.860003,-50.590315,-51.972923,-52.365117,-51.100345,-48.792077,-46.273079,-44.066935,-42.454476,-41.232611,-40.235941,-39.4868,-38.954564,-38.589195,-38.484898,-38.660094,-38.753172,-38.812572,-38.411871,-37.756356,-37.107563,-36.693164,-36.527681,-36.684359,-36.97475,-37.451191,-38.209606,-39.13676,-40.60098,-42.48964,-44.401915,-45.881277,-46.450954,-46.274459,-45.80874,-44.699943,-43.000488,-41.228054,-39.679476,-39.356531,-39.553277,-39.698125,-39.826187,-40.069543,-40.666449,-41.852568,-43.845586,-46.908241,-51.597812,-60.192041,-62.078094,-53.564757,-49.665451,-47.388363,-46.144853,-46.011949,-45.773904,-44.936871,-43.464096,-41.379306,-39.410705,-38.247001,-37.668719,-37.970744,-38.68781,-38.964892,-39.138787,-38.722437,-37.729712,-37.340267,-37.257943,-38.151365,-39.538869,-40.334917,-41.12664,-41.300118,-41.154375,-41.639596,-42.307327,-43.901466,-45.857991,-48.173382,-50.024905,-51.021133,-52.396265,-55.5562,-59.839414,-58.006599,-54.458521,-52.915758,-53.042952,-53.91755,-53.52364,-53.214701,-55.266755,-59.600015,-58.02888,-54.971115,-55.33551,-58.396085,-54.607027,-50.396321,-49.027221,-50.189266,-55.025982,-73.520967,-63.056888,-60.442225,-51.993524,-46.105253,-43.165247,-41.969925,-42.178919,-42.783436,-42.38367,-40.974921,-39.742169,-39.341224,-39.956042,-41.518552,-43.611475,-45.665334,-46.24566,-44.173358,-41.13823,-39.533849,-38.729528,-38.279499,-37.964085,-36.748206,-34.751895,-32.752183,-30.881917,-30.119699,-29.710657,-29.231469,-28.459936,-26.784667,-25.000979,-24.389972,-24.270538,-24.611564,-24.976803,-24.520772,-22.689444,-20.656891,-19.198912,-19.526229,-20.917687
"BUR001",2022-07-24,2022-07-24 11:03:00,2022-07-26,"burbot",271,465,NA,712,204,31,"N","1",1,110,NA,NA,0,"A","MD","Region_6","Region_6_4346"," 15:15:13.3870",-0.0117059999999984,0.482,-0.244,-1.24129758023331,13.695552,-3.6435,2.556,-0.869471,0.609533,0.148017,0.07709,13.654326,4346,4312,4370,35,-40.415249,13.778829,0.8374,-0.538458,8.505,7.1221,0.020224,15.5,13.744074,14.058643,13.449912,-0.526691,1.388072,1.996764,1.713944,1.408296,2.016987,1.734168,-38.698023,-38.776461,-38.560085,-37.87276,-37.591983,-37.133918,-36.868012,-36.617539,-36.3015,-36.080199,-35.875632,-35.869216,-35.98055,-36.320112,-36.74069,-37.262696,-37.817342,-38.375896,-38.879597,-39.250609,-39.426485,-39.402537,-39.264845,-39.103025,-39.013517,-39.070706,-39.276292,-39.690274,-40.193971,-40.775572,-41.432646,-42.213161,-43.360122,-45.041359,-47.519035,-50.705105,-51.235847,-47.547065,-43.919075,-41.181577,-39.251565,-38.035048,-37.449702,-37.445468,-37.864246,-38.609341,-39.796359,-41.544911,-44.434095,-49.678302,-56.391511,-48.499835,-43.887784,-41.375608,-39.86161,-38.851617,-38.112852,-37.480104,-36.841316,-36.100328,-35.169874,-34.083168,-32.975179,-32.024464,-31.316326,-30.948929,-30.854946,-31.093235,-31.601474,-32.396842,-33.40754,-34.532107,-35.465855,-36.013103,-36.163075,-36.222629,-36.508188,-37.242834,-38.728282,-41.475349,-47.049457,-56.818726,-45.561746,-40.531447,-37.629121,-35.605527,-33.793548,-32.088216,-30.669997,-29.69641,NA,NA,NA,NA,NA,NA,NA,NA,NA,NA,NA,NA,NA,NA,NA,NA,NA,NA,NA,NA,NA,NA,NA,NA,NA,NA,NA,NA,NA,NA,NA,NA,NA,NA,NA,NA,NA,NA,NA,NA,NA,NA,NA,NA,NA,NA,NA,NA,NA,NA,NA,NA,NA,NA,NA,NA,NA,NA,NA,NA,NA,NA,NA,NA,NA,NA,NA,NA,NA,NA,NA,NA,NA,NA,NA,NA,NA,NA,NA,NA,NA,NA,NA,NA,NA,NA,NA,NA,NA,NA,NA,NA,NA,NA,NA,NA,NA,NA,NA,NA,NA,NA,NA,NA,NA,NA,NA,NA,NA,NA,NA,NA,NA,NA,NA,NA,NA,NA,NA,NA,NA,NA,NA,NA,NA,NA,NA,NA,NA,NA,NA,NA,NA,NA,NA,NA,NA,NA,NA,NA,NA,NA,NA,NA,NA,NA,NA,NA,NA,NA,NA,NA,NA,NA,NA,NA,NA,NA,NA,NA,NA,-38.643681,-39.406134,-39.665112,-39.295154,-38.547984,-38.967436,-39.539061,-40.030665,-40.98152,-42.290559,-44.511501,-47.492093,-48.470767,-44.852602,-41.362854,-39.449797,-38.393117,-37.98497,-38.021817,-38.1934,-38.579378,-38.959782,-39.481804,-39.955549,-40.566485,-41.159378,-41.707546,-42.346844,-42.713746,-43.226085,-43.501946,-43.937073,-44.517541,-44.981371,-45.694501,-46.653079,-48.225934,-50.876531,-54.856551,-57.796403,-54.18654,-49.869392,-46.585234,-44.76641,-43.933646,-44.334945,-45.694791,-48.041354,-51.417347,-56.056276,-56.788627,-52.551547,-49.198459,-46.482332,-44.386389,-42.578219,-41.106219,-40.12166,-39.423636,-38.771982,-38.133396,-37.005592,-35.743404,-34.759716,-33.838811,-34.076062,-34.480058,-34.707804,-34.804764,-34.64359,-34.463096,-34.420317,-34.656646,-35.227626,-36.055078,-36.966818,-37.865686,-38.689597,-39.611068,-40.273819,-40.658083,-41.423878,-41.740155,-41.881768,-41.905983,-42.046884,-43.079072,-45.476281,-48.799426,-53.185821,-57.459369,-54.651406,-49.626283,-46.230509,-44.408661,-45.036719,-46.525996,-48.156248,-48.307819,-46.014375,-43.51574,-41.129368,-39.295137,-39.116132,-39.520187,-40.453035,-40.918809,-40.668741,-40.230744,-40.084333,-40.433791,-41.679042,-42.682775,-43.243992,-42.716625,-41.137073,-39.428346,-38.217819,-37.559658,-37.473484,-37.383223,-36.91248,-36.518104,-36.459398,-36.623777,-37.537962,-38.358866,-38.52831,-38.162927,-37.292714,-36.708554,-37.048904,-38.064407,-40.178163,-41.997616,-42.352005,-41.958953,-41.00049,-39.83677,-38.663989,-37.616659,-36.783761,-36.169228,-35.702535,-35.344691,-35.151436,-35.114047,-35.170014,-34.581368,-33.631205,-32.735322,-33.257005,-34.22106,-35.158556,-36.56115,-37.328226,-37.486989,-37.650789,-37.750761,-39.013031,-40.302188,-41.373422,-43.033785,-44.672014,-45.725469,-43.215891,-41.163265,-42.283638,-41.566878,-34.502296,-29.040757,-24.980101,-21.507828,-18.836056,-16.324015
"BUR001",2022-07-24,2022-07-24 11:03:00,2022-07-26,"burbot",271,465,NA,712,204,31,"N","1",1,110,NA,NA,0,"A","MD","Region_6","Region_6_4347"," 15:15:13.5440",0,0.5597,-0.3189,0,13.683846,-3.1615,2.312,-0.754061,0.551178,0.203517,0.153823,13.651932,4347,4312,4370,35,-40.415249,13.778829,0.8374,-0.538458,8.505,7.1221,0.020224,15.5,13.744074,14.058643,13.449912,-0.526691,1.388072,1.996764,1.713944,1.408296,2.016987,1.734168,-37.407332,-37.663226,-37.726787,-37.332298,-37.235589,-36.870287,-36.600936,-36.297446,-35.948577,-35.737906,-35.604843,-35.704267,-35.891719,-36.222337,-36.53831,-36.868353,-37.222009,-37.645942,-38.162092,-38.748259,-39.270636,-39.555454,-39.504319,-39.160308,-38.720314,-38.390135,-38.292555,-38.585874,-39.197815,-40.007807,-40.727794,-41.108025,-41.302277,-41.499145,-41.875734,-42.527205,-43.230734,-43.579465,-42.919742,-41.301244,-39.489582,-38.022101,-37.02101,-36.470765,-36.220413,-36.145723,-36.316587,-36.734915,-37.669374,-39.373983,-42.349732,-47.45985,-53.591728,-48.580618,-44.319864,-41.848303,-40.320583,-39.369732,-38.885666,-38.875075,-39.397844,-40.422656,-41.312498,-40.761856,-38.847773,-36.898172,-35.380067,-34.400901,-33.85776,-33.737505,-33.972381,-34.538228,-35.270177,-36.005202,-36.489234,-36.698734,-36.821237,-37.154789,-38.046613,-39.924705,-43.873752,-55.183367,-47.991355,-40.436279,-36.637552,-34.337344,-32.773329,-31.573046,-30.521923,-29.536801,NA,NA,NA,NA,NA,NA,NA,NA,NA,NA,NA,NA,NA,NA,NA,NA,NA,NA,NA,NA,NA,NA,NA,NA,NA,NA,NA,NA,NA,NA,NA,NA,NA,NA,NA,NA,NA,NA,NA,NA,NA,NA,NA,NA,NA,NA,NA,NA,NA,NA,NA,NA,NA,NA,NA,NA,NA,NA,NA,NA,NA,NA,NA,NA,NA,NA,NA,NA,NA,NA,NA,NA,NA,NA,NA,NA,NA,NA,NA,NA,NA,NA,NA,NA,NA,NA,NA,NA,NA,NA,NA,NA,NA,NA,NA,NA,NA,NA,NA,NA,NA,NA,NA,NA,NA,NA,NA,NA,NA,NA,NA,NA,NA,NA,NA,NA,NA,NA,NA,NA,NA,NA,NA,NA,NA,NA,NA,NA,NA,NA,NA,NA,NA,NA,NA,NA,NA,NA,NA,NA,NA,NA,NA,NA,NA,NA,NA,NA,NA,NA,NA,NA,NA,NA,NA,NA,NA,NA,NA,NA,NA,-38.943567,-38.654282,-38.829683,-39.489569,-40.685493,-43.364242,-45.989948,-46.635354,-45.135157,-42.85563,-40.898673,-39.295541,-38.135606,-37.648531,-37.448516,-37.647626,-37.766708,-37.743132,-37.5784,-37.25619,-36.984948,-36.716322,-36.585232,-36.444062,-36.435859,-36.484315,-36.663634,-37.213867,-38.044382,-39.571041,-41.453813,-43.283147,-43.651804,-42.281763,-40.634835,-39.194176,-38.053027,-37.241069,-36.670878,-36.189105,-35.978526,-36.194069,-36.686844,-37.852967,-39.309552,-41.173945,-43.162173,-44.741651,-45.248536,-45.185041,-44.968781,-44.777691,-44.658187,-44.404552,-44.48667,-44.803985,-44.986447,-44.891774,-44.591703,-44.144566,-43.568921,-42.412283,-41.035836,-39.974101,-39.115133,-39.331556,-39.762237,-40.001505,-40.218864,-40.455853,-40.858894,-41.478434,-42.297692,-43.221239,-44.078476,-44.677032,-44.937537,-44.934716,-45.031215,-45.357741,-46.438275,-49.414589,-54.903414,-77.68935,-56.205268,-49.567792,-45.975183,-44.368573,-43.921636,-44.473046,-45.331699,-45.328252,-45.099947,-44.940852,-44.956236,-45.500458,-45.369821,-45.331186,-45.009352,-43.286257,-41.445247,-39.608467,-38.291533,-38.414607,-39.118679,-40.483892,-41.454702,-42.147313,-42.914022,-43.976806,-45.426719,-46.947884,-47.278954,-46.431389,-44.540916,-42.634564,-41.700251,-42.36083,-44.635375,-47.297291,-47.644754,-47.45831,-48.244163,-48.69049,-47.962687,-47.736749,-48.03589,-48.714117,-49.925939,-51.589221,-51.70593,-49.234713,-48.045181,-50.918217,-56.373121,-47.871939,-43.231712,-41.525519,-41.840492,-43.309067,-44.099462,-42.561121,-40.277181,-38.621734,-37.852356,-37.849242,-38.241266,-38.717593,-38.540805,-37.726897,-36.561357,-36.338982,-36.467602,-36.773129,-37.523607,-37.753981,-37.594476,-37.551781,-37.129377,-37.001371,-36.505286,-35.782381,-35.09459,-33.367336,-31.018801,-28.99722,-26.996479,-25.764086,-25.281646,-25.666797,-26.568274,-27.268449,-26.520939,-24.73132,-22.405706
"BUR001",2022-07-24,2022-07-24 11:03:00,2022-07-26,"burbot",271,465,NA,712,204,31,"N","1",1,110,NA,NA,0,"A","MD","Region_6","Region_6_4348"," 15:15:13.6890",-0.011705000000001,0.1556,-0.0778000000000001,-3.8492434393174,13.683846,-2.6018,1.9931,-0.62079,0.475413,0.108541,0.082885,13.661488,4348,4312,4370,35,-40.415249,13.778829,0.8374,-0.538458,8.505,7.1221,0.020224,15.5,13.744074,14.058643,13.449912,-0.526691,1.388072,1.996764,1.713944,1.408296,2.016987,1.734168,-37.736057,-37.95751,-38.165587,-37.993629,-38.060659,-37.808386,-37.582308,-37.267933,-36.877457,-36.579613,-36.33476,-36.324765,-36.421115,-36.682073,-36.943637,-37.195854,-37.458627,-37.785141,-38.227355,-38.817689,-39.432541,-39.872529,-39.939705,-39.595705,-39.05293,-38.570259,-38.329776,-38.543385,-39.181718,-40.115496,-40.97104,-41.349335,-41.373453,-41.337743,-41.493382,-41.968319,-42.578007,-43.011941,-42.696719,-41.454243,-39.835715,-38.430208,-37.435153,-36.849699,-36.515285,-36.280482,-36.209121,-36.292499,-36.770101,-37.824656,-39.670427,-42.190547,-44.297669,-44.20434,-42.589778,-40.923962,-39.603912,-38.612636,-37.951789,-37.668288,-37.921365,-38.983312,-41.211364,-45.151022,-49.666302,-46.573011,-42.299657,-39.599413,-37.915861,-36.991449,-36.647537,-36.80851,-37.290651,-37.929507,-38.475645,-38.862557,-39.201794,-39.838957,-41.263385,-44.2158,-50.939701,-53.088821,-43.449519,-38.471216,-35.135846,-32.777055,-31.23904,-30.432488,-30.101406,-29.863188,NA,NA,NA,NA,NA,NA,NA,NA,NA,NA,NA,NA,NA,NA,NA,NA,NA,NA,NA,NA,NA,NA,NA,NA,NA,NA,NA,NA,NA,NA,NA,NA,NA,NA,NA,NA,NA,NA,NA,NA,NA,NA,NA,NA,NA,NA,NA,NA,NA,NA,NA,NA,NA,NA,NA,NA,NA,NA,NA,NA,NA,NA,NA,NA,NA,NA,NA,NA,NA,NA,NA,NA,NA,NA,NA,NA,NA,NA,NA,NA,NA,NA,NA,NA,NA,NA,NA,NA,NA,NA,NA,NA,NA,NA,NA,NA,NA,NA,NA,NA,NA,NA,NA,NA,NA,NA,NA,NA,NA,NA,NA,NA,NA,NA,NA,NA,NA,NA,NA,NA,NA,NA,NA,NA,NA,NA,NA,NA,NA,NA,NA,NA,NA,NA,NA,NA,NA,NA,NA,NA,NA,NA,NA,NA,NA,NA,NA,NA,NA,NA,NA,NA,NA,NA,NA,NA,NA,NA,NA,NA,NA,-48.865497,-45.755685,-43.993504,-43.187162,-43.26321,-45.044689,-47.942516,-51.478172,-51.889335,-47.418957,-43.511213,-40.736443,-38.843791,-37.899708,-37.589458,-37.887267,-38.442922,-39.089849,-39.668139,-40.064386,-40.31701,-40.410454,-40.4458,-40.351536,-40.240732,-40.071025,-39.895335,-39.875157,-40.002072,-40.582056,-41.636337,-43.372353,-45.287426,-45.470106,-43.518007,-41.184518,-39.173056,-37.584409,-36.3796,-35.476543,-34.917574,-34.788503,-34.812889,-35.190814,-35.698932,-36.436417,-37.397824,-38.498454,-39.51636,-40.397601,-40.933799,-41.173939,-41.270253,-41.125144,-41.101303,-41.238201,-41.500333,-42.095275,-42.966595,-43.995327,-45.154745,-45.951896,-46.515811,-47.447048,-48.947157,-51.713867,-54.107991,-54.302674,-53.385444,-52.251848,-50.924047,-49.571489,-48.452446,-47.686402,-47.252515,-47.1045,-47.252823,-47.734876,-48.496424,-49.169574,-49.551957,-49.689091,-48.865095,-47.474465,-46.118411,-44.806112,-43.826616,-43.320718,-42.821429,-42.747524,-42.938237,-42.893072,-43.118808,-43.254299,-42.94512,-42.569803,-41.789801,-41.565157,-41.768359,-41.599714,-41.697588,-41.40955,-40.504033,-39.497283,-38.474993,-38.682235,-39.640519,-41.40834,-43.070763,-43.807396,-44.057588,-44.455652,-45.163644,-46.443445,-47.524027,-48.071779,-47.636808,-46.567687,-45.98961,-47.208604,-51.256781,-59.741864,-62.527112,-62.347771,-60.738128,-50.050532,-44.844843,-42.357089,-41.763218,-42.841567,-45.802764,-49.731809,-49.064271,-47.30908,-46.945384,-47.026482,-47.13555,-46.973876,-46.738025,-46.468805,-46.558447,-47.242097,-48.33817,-49.309465,-49.671406,-49.577918,-49.61488,-50.485002,-51.797631,-52.385642,-50.817095,-47.990903,-44.613463,-41.554568,-39.404169,-37.899332,-37.200546,-37.256398,-37.207399,-36.966103,-35.708077,-33.79597,-31.823571,-29.685548,-27.778668,-26.784822,-26.124903,-25.881885,-25.849828,-26.036969,-26.146616,-26.017723,-25.242874,-24.540402,-23.578878
"BUR001",2022-07-24,2022-07-24 11:03:00,2022-07-26,"burbot",271,465,NA,712,204,31,"N","1",1,110,NA,NA,0,"A","MD","Region_6","Region_6_4349"," 15:15:13.8370",0,-0.0753999999999997,-0.0847,0,13.672141,-2.4462,1.9153,-0.583225,0.456528,0.1467,0.125359,13.652064,4349,4312,4370,35,-40.415249,13.778829,0.8374,-0.538458,8.505,7.1221,0.020224,15.5,13.744074,14.058643,13.449912,-0.526691,1.388072,1.996764,1.713944,1.408296,2.016987,1.734168,-38.501848,-38.84454,-39.138338,-39.048474,-39.167242,-38.913974,-38.619297,-38.191029,-37.673273,-37.243557,-36.859732,-36.692532,-36.611404,-36.697468,-36.826107,-37.012405,-37.289999,-37.698038,-38.25169,-38.919848,-39.484914,-39.701247,-39.460659,-38.888261,-38.272139,-37.846354,-37.743356,-38.130994,-38.947171,-40.052044,-41.117714,-41.827362,-42.332494,-42.890997,-43.705335,-44.824192,-45.814209,-45.906748,-44.619993,-42.603519,-40.671141,-39.179507,-38.12716,-37.437371,-36.954457,-36.555648,-36.33938,-36.320279,-36.742853,-37.766595,-39.501683,-41.512246,-42.393612,-41.458804,-39.92285,-38.603214,-37.668422,-37.089624,-36.881345,-37.086412,-37.865774,-39.543129,-42.701333,-48.602058,-50.860741,-44.350362,-40.612226,-38.530815,-37.410253,-37.044209,-37.303129,-38.164941,-39.490088,-41.068562,-42.397261,-43.101505,-43.420463,-44.194229,-46.506427,-52.822292,-54.313875,-44.457916,-39.499436,-36.313845,-33.976044,-32.205478,-30.949993,-30.179005,-29.755782,-29.457194,NA,NA,NA,NA,NA,NA,NA,NA,NA,NA,NA,NA,NA,NA,NA,NA,NA,NA,NA,NA,NA,NA,NA,NA,NA,NA,NA,NA,NA,NA,NA,NA,NA,NA,NA,NA,NA,NA,NA,NA,NA,NA,NA,NA,NA,NA,NA,NA,NA,NA,NA,NA,NA,NA,NA,NA,NA,NA,NA,NA,NA,NA,NA,NA,NA,NA,NA,NA,NA,NA,NA,NA,NA,NA,NA,NA,NA,NA,NA,NA,NA,NA,NA,NA,NA,NA,NA,NA,NA,NA,NA,NA,NA,NA,NA,NA,NA,NA,NA,NA,NA,NA,NA,NA,NA,NA,NA,NA,NA,NA,NA,NA,NA,NA,NA,NA,NA,NA,NA,NA,NA,NA,NA,NA,NA,NA,NA,NA,NA,NA,NA,NA,NA,NA,NA,NA,NA,NA,NA,NA,NA,NA,NA,NA,NA,NA,NA,NA,NA,NA,NA,NA,NA,NA,NA,NA,NA,NA,NA,NA,NA,-48.331762,-46.164323,-45.070539,-44.829096,-45.468184,-47.894045,-51.538883,-53.521063,-50.194141,-46.375774,-43.614382,-41.803856,-40.854676,-41.068505,-42.40801,-45.119705,-49.635637,-59.738811,-57.953117,-49.333481,-45.547616,-43.425619,-42.205306,-41.414804,-40.954859,-40.739003,-40.836946,-41.401829,-42.367096,-43.690263,-44.544266,-43.856147,-41.862154,-39.806329,-38.274179,-37.188306,-36.320448,-35.59241,-35.005732,-34.589255,-34.450849,-34.734555,-35.161457,-35.860514,-36.610913,-37.493805,-38.539775,-39.625302,-40.479343,-41.017118,-41.101574,-40.886419,-40.593527,-40.143125,-39.826822,-39.646352,-39.577137,-39.891217,-40.5268,-41.339496,-42.364859,-43.293378,-44.291296,-45.502364,-46.036489,-45.801854,-44.796716,-43.411593,-42.154187,-41.137259,-40.336917,-39.842466,-39.74764,-40.09142,-40.792114,-41.623644,-42.333631,-42.837449,-43.06919,-42.769519,-42.111833,-41.740684,-41.251262,-40.559555,-39.758997,-38.744686,-38.054586,-38.134742,-38.537876,-39.42998,-40.323533,-40.515865,-40.288018,-39.312475,-37.89365,-37.16238,-36.861112,-37.468193,-38.455972,-38.753396,-38.629506,-37.476606,-35.801501,-34.656383,-34.07042,-35.00405,-36.591103,-38.412308,-39.28436,-39.263518,-39.607964,-40.67933,-42.304467,-44.419901,-45.801709,-45.860968,-45.136652,-45.240001,-47.232989,-52.270635,-59.034338,-57.653938,-53.031322,-46.677816,-42.083363,-39.78755,-38.993743,-39.80383,-41.99955,-44.063872,-42.905708,-40.99318,-40.532557,-42.22739,-45.955099,-51.119002,-54.297108,-56.045425,-53.428529,-48.81633,-47.113534,-48.125567,-51.224088,-50.719673,-46.913026,-44.828782,-44.360706,-45.291937,-47.081849,-48.888513,-47.282255,-43.766665,-41.046185,-39.469515,-38.899024,-38.463944,-37.540026,-35.985636,-34.055081,-32.762438,-31.789344,-31.223014,-30.929768,-30.149562,-28.750109,-27.557537,-26.506953,-25.950607,-25.79369,-25.862372,-25.503647,-24.793371,-24.163317,-24.791545,-26.244397
"BUR001",2022-07-24,2022-07-24 11:03:00,2022-07-26,"burbot",271,465,NA,712,204,31,"N","1",1,110,NA,NA,0,"A","MD","Region_6","Region_6_4350"," 15:15:13.9820",NA,NA,NA,NA,13.672141,-2.5216,1.8306,-0.601205,0.436336,0.106028,0.089205,13.651945,4350,4312,4370,35,-40.415249,13.778829,0.8374,-0.538458,8.505,7.1221,0.020224,15.5,13.744074,14.058643,13.449912,-0.526691,1.388072,1.996764,1.713944,1.408296,2.016987,1.734168,-40.437991,-41.152325,-41.63657,-41.417514,-41.138226,-40.437384,-39.829738,-39.254747,-38.686353,-38.208768,-37.713717,-37.363262,-37.078061,-37.010043,-37.079946,-37.308155,-37.702466,-38.253867,-38.892638,-39.459591,-39.648917,-39.348103,-38.738414,-38.076929,-37.592867,-37.422486,-37.623265,-38.289959,-39.254022,-40.278294,-41.11985,-41.774789,-42.633205,-44.01121,-46.17919,-49.271386,-51.771303,-50.262388,-47.181257,-44.653046,-42.753636,-41.334748,-40.260999,-39.513319,-39.030831,-38.753611,-38.812977,-39.24924,-40.336478,-42.196108,-44.32363,-44.517891,-42.65419,-40.83347,-39.625608,-38.966628,-38.775018,-39.004556,-39.736659,-41.169815,-43.783352,-48.067473,-48.173047,-43.128048,-39.771641,-37.860654,-36.819279,-36.443779,-36.595647,-37.329055,-38.688148,-40.803335,-43.636007,-46.648279,-47.952344,-47.291651,-46.705673,-47.306587,-49.848245,-55.94649,-55.295887,-47.730523,-43.247979,-40.092649,-37.549896,-35.496611,-34.048744,-33.310789,-33.177445,-33.348082,NA,NA,NA,NA,NA,NA,NA,NA,NA,NA,NA,NA,NA,NA,NA,NA,NA,NA,NA,NA,NA,NA,NA,NA,NA,NA,NA,NA,NA,NA,NA,NA,NA,NA,NA,NA,NA,NA,NA,NA,NA,NA,NA,NA,NA,NA,NA,NA,NA,NA,NA,NA,NA,NA,NA,NA,NA,NA,NA,NA,NA,NA,NA,NA,NA,NA,NA,NA,NA,NA,NA,NA,NA,NA,NA,NA,NA,NA,NA,NA,NA,NA,NA,NA,NA,NA,NA,NA,NA,NA,NA,NA,NA,NA,NA,NA,NA,NA,NA,NA,NA,NA,NA,NA,NA,NA,NA,NA,NA,NA,NA,NA,NA,NA,NA,NA,NA,NA,NA,NA,NA,NA,NA,NA,NA,NA,NA,NA,NA,NA,NA,NA,NA,NA,NA,NA,NA,NA,NA,NA,NA,NA,NA,NA,NA,NA,NA,NA,NA,NA,NA,NA,NA,NA,NA,NA,NA,NA,NA,NA,NA,-59.496927,-59.166808,-53.462639,-48.515752,-44.844413,-42.882879,-41.676482,-40.644633,-40.021944,-39.582154,-39.437038,-39.680669,-40.254011,-41.197674,-42.032196,-42.625798,-42.849679,-42.902211,-43.014397,-43.361501,-44.068308,-45.124221,-46.622428,-48.587679,-51.227032,-53.713338,-52.784641,-49.421167,-46.33824,-44.01148,-42.211001,-40.989786,-40.337628,-40.145971,-40.308562,-40.620063,-40.940852,-41.28659,-41.668465,-42.037693,-42.423687,-42.954641,-43.409279,-43.977063,-44.349579,-44.426763,-44.184839,-43.731459,-43.1743,-42.72404,-42.282182,-41.859304,-41.545211,-41.219776,-41.250515,-41.730023,-42.533628,-43.589212,-44.515293,-45.004804,-45.060546,-44.44867,-43.490663,-42.639519,-41.757033,-41.573351,-41.762095,-41.93751,-42.166025,-42.392853,-42.699857,-43.426745,-44.818311,-46.61339,-47.381672,-45.767809,-42.928626,-40.258279,-38.246189,-36.787849,-35.923243,-35.970136,-36.281559,-36.728889,-37.343473,-37.746878,-37.999425,-38.126909,-37.687923,-37.291511,-36.956107,-36.297358,-35.747207,-34.941114,-33.995651,-33.933484,-34.412354,-35.78788,-37.452852,-38.305653,-38.609589,-37.742833,-36.282021,-35.384619,-35.077246,-36.270789,-38.138672,-40.179072,-40.626628,-39.53116,-38.794567,-39.155381,-40.804446,-44.099813,-46.62261,-45.833318,-45.2857,-46.863569,-48.568095,-47.237355,-46.430814,-46.707367,-45.69102,-42.695449,-40.184002,-39.363683,-39.781865,-41.58413,-44.150844,-45.810541,-46.959504,-52.020298,-57.073098,-44.758066,-40.849176,-39.658664,-39.742894,-38.745971,-37.0057,-36.134212,-36.58597,-38.273823,-40.936563,-43.803449,-45.325247,-45.238695,-44.888676,-45.462605,-46.893999,-47.302512,-44.35066,-41.512964,-39.804224,-39.368053,-40.283775,-41.321977,-40.264589,-38.060382,-36.605726,-36.776005,-37.886392,-39.817035,-42.317403,-43.796802,-42.10886,-39.57953,-38.012579,-38.033482,-39.661242,-42.851444,-44.284908,-42.768915,-42.431779,-42.387384,-39.864871
"BUR001",2022-07-24,2022-07-24 11:03:00,2022-07-26,"burbot",271,465,NA,712,204,31,"N","1",1,110,NA,NA,0,"A","MD","Region_6","Region_6_4352"," 15:15:14.2770",-0.011705000000001,-0.4947,0.0418000000000001,-1.35060039292532,13.683846,-3.5728,1.8757,-0.852281,0.447019,0.252821,0.158507,13.649961,4352,4312,4370,35,-40.415249,13.778829,0.8374,-0.538458,8.505,7.1221,0.020224,15.5,13.744074,14.058643,13.449912,-0.526691,1.388072,1.996764,1.713944,1.408296,2.016987,1.734168,-45.186321,-45.526266,-44.847951,-43.360093,-42.300434,-41.283995,-40.669532,-40.177971,-39.607249,-39.023056,-38.373452,-37.934565,-37.718782,-37.87136,-38.21759,-38.670755,-39.036595,-39.157325,-38.949283,-38.497936,-37.960867,-37.480906,-37.141831,-36.944214,-36.899751,-37.013171,-37.243723,-37.639665,-38.107115,-38.70421,-39.505189,-40.582426,-42.143793,-44.234512,-46.800004,-49.309919,-50.350428,-49.777129,-48.920441,-48.689644,-49.691157,-52.679654,-59.666889,-64.653268,-54.470889,-49.572376,-46.204776,-43.477894,-41.330843,-39.800023,-39.015321,-38.926268,-39.280031,-39.737658,-39.974005,-39.76206,-39.105655,-38.134851,-37.015444,-35.86567,-34.771939,-33.853223,-33.228847,-33.007488,-33.179192,-33.738736,-34.518477,-35.478174,-36.483463,-37.518281,-38.539421,-39.563765,-40.470437,-41.158114,-41.446419,-41.37584,-41.152718,-41.036739,-41.267569,-41.910696,-42.922926,-44.100963,-45.229451,-46.132167,-46.527533,-46.476468,-46.060741,-45.270727,-43.88974,-41.9187,NA,NA,NA,NA,NA,NA,NA,NA,NA,NA,NA,NA,NA,NA,NA,NA,NA,NA,NA,NA,NA,NA,NA,NA,NA,NA,NA,NA,NA,NA,NA,NA,NA,NA,NA,NA,NA,NA,NA,NA,NA,NA,NA,NA,NA,NA,NA,NA,NA,NA,NA,NA,NA,NA,NA,NA,NA,NA,NA,NA,NA,NA,NA,NA,NA,NA,NA,NA,NA,NA,NA,NA,NA,NA,NA,NA,NA,NA,NA,NA,NA,NA,NA,NA,NA,NA,NA,NA,NA,NA,NA,NA,NA,NA,NA,NA,NA,NA,NA,NA,NA,NA,NA,NA,NA,NA,NA,NA,NA,NA,NA,NA,NA,NA,NA,NA,NA,NA,NA,NA,NA,NA,NA,NA,NA,NA,NA,NA,NA,NA,NA,NA,NA,NA,NA,NA,NA,NA,NA,NA,NA,NA,NA,NA,NA,NA,NA,NA,NA,NA,NA,NA,NA,NA,NA,NA,NA,NA,NA,NA,NA,-40.066463,-41.002259,-42.645689,-45.438302,-50.857138,-77.06185,-53.176775,-47.90061,-45.267778,-43.434861,-42.247703,-41.475019,-41.37632,-42.405422,-44.254474,-47.192418,-50.546752,-52.382364,-50.52743,-47.70191,-45.496027,-43.748605,-42.408947,-41.170556,-40.175058,-39.359979,-38.815884,-38.813024,-39.166614,-40.298318,-41.882776,-44.197013,-47.31679,-51.358376,-56.874478,-59.514369,-55.77261,-52.775385,-50.96048,-49.76771,-49.122049,-48.826307,-48.266082,-47.717718,-47.036487,-46.76035,-46.852976,-47.345014,-47.863903,-48.123042,-47.639787,-46.581634,-45.373699,-43.932523,-42.7866,-41.987539,-41.597297,-41.616394,-41.73182,-41.743498,-41.846696,-41.862255,-42.321987,-43.638284,-44.66481,-44.654748,-43.246098,-41.563002,-40.24925,-39.357514,-39.063559,-39.41404,-40.364824,-41.681717,-42.843016,-43.195189,-42.535008,-41.25751,-40.016651,-38.901087,-38.144924,-38.371575,-38.701572,-39.14039,-39.35448,-39.141509,-39.107375,-39.845606,-41.066841,-42.785591,-44.438343,-44.504457,-43.264336,-41.363574,-39.697603,-39.824758,-40.792857,-42.487039,-43.646164,-42.358535,-40.038809,-37.398218,-35.27511,-34.890729,-35.568764,-37.52958,-39.398386,-40.202691,-40.357844,-40.321801,-40.001763,-39.896676,-39.94378,-40.444815,-40.241265,-39.094798,-38.245328,-38.656681,-40.547399,-43.981112,-47.468773,-46.711941,-43.460003,-41.086607,-39.963171,-40.622273,-42.340987,-44.130596,-44.226302,-42.784991,-41.912521,-42.473204,-44.137539,-47.219442,-50.260324,-47.241323,-41.694568,-38.037786,-36.374411,-36.405078,-37.787005,-39.655489,-40.293444,-39.806962,-39.90146,-41.027193,-41.910493,-41.338017,-40.476884,-40.599262,-41.31047,-42.435159,-42.584921,-42.283695,-42.636872,-42.726543,-42.089166,-40.384457,-37.394602,-35.017298,-33.070761,-31.755686,-31.308481,-30.438851,-29.737162,-29.651661,-29.052742,-28.324615,-27.327042,-26.564227,-25.676987,-23.682355,-20.599259,-17.983001,-15.663849
"BUR001",2022-07-24,2022-07-24 11:03:00,2022-07-26,"burbot",271,465,NA,712,204,31,"N","1",1,110,NA,NA,0,"A","MD","Region_6","Region_6_4353"," 15:15:14.4220",NA,NA,NA,NA,13.672141,-4.0675,1.9175,-0.969236,0.45633,0.092976,0.062366,13.630105,4353,4312,4370,35,-40.415249,13.778829,0.8374,-0.538458,8.505,7.1221,0.020224,15.5,13.744074,14.058643,13.449912,-0.526691,1.388072,1.996764,1.713944,1.408296,2.016987,1.734168,-46.623047,-45.590696,-44.413329,-42.993399,-42.167218,-41.287754,-40.693373,-40.154572,-39.54312,-39.01626,-38.532768,-38.318815,-38.316871,-38.596619,-38.914576,-39.171372,-39.195945,-38.97008,-38.565939,-38.116442,-37.73456,-37.464105,-37.321304,-37.267885,-37.288724,-37.389429,-37.558592,-37.913104,-38.432642,-39.212452,-40.260597,-41.502896,-42.907979,-44.174215,-45.005843,-45.328664,-45.239529,-45.075938,-45.019687,-45.29314,-46.023349,-46.47346,-45.390652,-43.46203,-41.667673,-40.160101,-38.937417,-37.877042,-37.117531,-36.708118,-36.708312,-36.940083,-37.046472,-36.776671,-36.139813,-35.269114,-34.339987,-33.46079,-32.71145,-32.157412,-31.810241,-31.684868,-31.780998,-32.086331,-32.518722,-33.047046,-33.523589,-34.004989,-34.484402,-35.064521,-35.792045,-36.738242,-37.83076,-39.024473,-40.088915,-40.827468,-41.173498,-41.229355,-41.217216,-41.174801,-41.021293,-40.662394,-40.126886,-39.601659,-39.204014,-39.132661,-39.055319,-38.585993,-37.543881,-36.166616,NA,NA,NA,NA,NA,NA,NA,NA,NA,NA,NA,NA,NA,NA,NA,NA,NA,NA,NA,NA,NA,NA,NA,NA,NA,NA,NA,NA,NA,NA,NA,NA,NA,NA,NA,NA,NA,NA,NA,NA,NA,NA,NA,NA,NA,NA,NA,NA,NA,NA,NA,NA,NA,NA,NA,NA,NA,NA,NA,NA,NA,NA,NA,NA,NA,NA,NA,NA,NA,NA,NA,NA,NA,NA,NA,NA,NA,NA,NA,NA,NA,NA,NA,NA,NA,NA,NA,NA,NA,NA,NA,NA,NA,NA,NA,NA,NA,NA,NA,NA,NA,NA,NA,NA,NA,NA,NA,NA,NA,NA,NA,NA,NA,NA,NA,NA,NA,NA,NA,NA,NA,NA,NA,NA,NA,NA,NA,NA,NA,NA,NA,NA,NA,NA,NA,NA,NA,NA,NA,NA,NA,NA,NA,NA,NA,NA,NA,NA,NA,NA,NA,NA,NA,NA,NA,NA,NA,NA,NA,NA,NA,-42.098135,-40.165554,-38.53337,-37.269235,-36.371646,-37.181913,-38.242263,-39.182152,-40.441327,-41.724147,-43.51444,-45.73473,-48.974375,-52.321703,-50.527019,-47.900343,-46.285195,-45.476087,-45.164234,-45.038665,-45.281836,-45.700958,-46.485935,-47.388181,-48.577377,-49.685196,-50.113909,-49.668303,-48.616908,-48.300033,-48.465876,-49.119307,-49.437602,-48.495125,-46.879185,-45.032493,-43.410674,-42.162008,-41.187239,-40.162809,-39.358119,-38.958364,-38.909528,-39.977261,-41.828044,-45.06689,-50.008896,-54.703673,-50.617374,-47.192788,-45.408414,-44.569312,-44.390985,-44.289395,-44.597846,-45.072895,-45.542,-45.71775,-45.247303,-44.148945,-42.809935,-40.993348,-39.215997,-38.006311,-37.119537,-37.778706,-38.912524,-40.237356,-41.870649,-43.631511,-45.650051,-47.690048,-49.28119,-50.138944,-50.456735,-50.467893,-50.321506,-50.072225,-49.997888,-49.907785,-50.002322,-51.141244,-52.411794,-53.609023,-53.553108,-52.395629,-51.229449,-50.233653,-49.039918,-48.158536,-47.604779,-45.875588,-43.309252,-40.556951,-38.365805,-38.475785,-39.81846,-42.513566,-45.608067,-46.299945,-44.861768,-42.594807,-40.964379,-41.482771,-43.153799,-45.797747,-47.1636,-45.34095,-42.602638,-40.598332,-39.618135,-40.242419,-41.276456,-42.374291,-42.850942,-42.855892,-43.043796,-43.08181,-42.312515,-41.131667,-39.877458,-38.836998,-38.490851,-39.053621,-40.175598,-42.164927,-43.857706,-44.136286,-42.971779,-40.722732,-38.681666,-37.785559,-37.803427,-39.220014,-40.513622,-40.290366,-40.178105,-41.132832,-42.639759,-42.622927,-41.274303,-40.314211,-39.904249,-39.444533,-38.594154,-37.783069,-37.591703,-38.605848,-40.292775,-41.62451,-40.740266,-39.47998,-37.792106,-35.430425,-33.348725,-30.962538,-29.073595,-28.333894,-27.942758,-28.707359,-29.247934,-29.227996,-28.88767,-26.706301,-24.22836,-22.758768,-21.487955,-21.035427,-20.795343,-20.938918,-21.121195,-20.817505,-20.20372,-19.863019,-18.820754
"BUR001",2022-07-24,2022-07-24 11:03:00,2022-07-26,"burbot",271,465,NA,712,204,31,"N","1",1,110,NA,NA,0,"A","MD","Region_6","Region_6_4358"," 15:15:15.1560",NA,NA,NA,NA,13.56679,-4.0173,2.289,-0.949713,0.540535,0.153839,0.150946,13.522709,4358,4312,4370,35,-40.415249,13.778829,0.8374,-0.538458,8.505,7.1221,0.020224,15.5,13.744074,14.058643,13.449912,-0.526691,1.388072,1.996764,1.713944,1.408296,2.016987,1.734168,-44.965896,-44.01363,-43.427941,-42.705783,-42.551632,-42.321769,-42.428554,-42.676619,-42.864264,-42.967571,-42.721408,-42.255446,-41.625303,-41.135203,-40.76985,-40.612598,-40.60232,-40.735704,-40.995617,-41.350336,-41.744484,-42.086725,-42.327866,-42.431987,-42.395245,-42.181933,-41.669444,-40.904584,-39.987067,-39.251318,-38.889744,-38.939989,-39.53644,-40.717258,-42.655976,-45.613954,-49.142372,-49.161182,-45.43682,-42.147542,-39.714248,-37.911092,-36.578452,-35.649184,-34.938994,-34.282294,-33.643795,-32.873059,-32.047815,-31.181055,-30.440001,-29.951117,-29.730573,-29.732583,-29.907023,-30.18951,-30.553151,-30.919012,-31.169811,-31.184949,-30.925705,-30.581998,-30.405947,-30.542995,-30.983836,-31.747779,-32.694424,-33.790319,-34.841684,-35.748609,-36.442795,-37.009065,-37.479561,-37.959798,-38.406207,-38.796347,-39.116442,-39.358458,-39.616699,-39.943054,-40.429088,-41.133335,-42.020259,-43.021011,-43.960249,-44.747865,-45.08822,-45.872373,-48.765217,-55.913685,NA,NA,NA,NA,NA,NA,NA,NA,NA,NA,NA,NA,NA,NA,NA,NA,NA,NA,NA,NA,NA,NA,NA,NA,NA,NA,NA,NA,NA,NA,NA,NA,NA,NA,NA,NA,NA,NA,NA,NA,NA,NA,NA,NA,NA,NA,NA,NA,NA,NA,NA,NA,NA,NA,NA,NA,NA,NA,NA,NA,NA,NA,NA,NA,NA,NA,NA,NA,NA,NA,NA,NA,NA,NA,NA,NA,NA,NA,NA,NA,NA,NA,NA,NA,NA,NA,NA,NA,NA,NA,NA,NA,NA,NA,NA,NA,NA,NA,NA,NA,NA,NA,NA,NA,NA,NA,NA,NA,NA,NA,NA,NA,NA,NA,NA,NA,NA,NA,NA,NA,NA,NA,NA,NA,NA,NA,NA,NA,NA,NA,NA,NA,NA,NA,NA,NA,NA,NA,NA,NA,NA,NA,NA,NA,NA,NA,NA,NA,NA,NA,NA,NA,NA,NA,NA,NA,NA,NA,NA,NA,NA,-39.857485,-39.979849,-39.98054,-39.686944,-39.050059,-39.54826,-39.958595,-40.026572,-40.165281,-39.958927,-39.699079,-39.100435,-38.608467,-38.795183,-39.270241,-40.413751,-41.599311,-42.883037,-44.29684,-45.614983,-46.894759,-47.757076,-48.372694,-48.614889,-48.725602,-48.410539,-47.527093,-46.445653,-45.19823,-44.61904,-44.247845,-44.254306,-44.43286,-44.560494,-45.123897,-45.862702,-46.72143,-47.599912,-48.170954,-47.839816,-46.747601,-45.25335,-43.572938,-42.563457,-41.842915,-41.852528,-42.419426,-43.64598,-45.173481,-46.784698,-47.726984,-47.731133,-47.124801,-45.976863,-45.111907,-44.668354,-44.840535,-45.561128,-46.36579,-46.990398,-47.712744,-48.396046,-49.671429,-51.870674,-54.25563,-57.975667,-59.233802,-55.585896,-52.656214,-50.477737,-48.259196,-45.814231,-43.644055,-42.076771,-41.084422,-40.451107,-40.00422,-39.621779,-39.589791,-39.764386,-40.301208,-41.840698,-43.1636,-44.012215,-43.545076,-41.901313,-40.343844,-39.664093,-39.470338,-39.579884,-39.600853,-38.403183,-37.043005,-35.994791,-35.254448,-36.023009,-36.901562,-37.854585,-38.294342,-37.083339,-35.982102,-35.174198,-35.094071,-37.026974,-39.769687,-42.70061,-44.487321,-45.156652,-45.040111,-44.316715,-43.659198,-44.448121,-46.332019,-50.267308,-57.756021,-66.013319,-55.736059,-51.74194,-47.136489,-42.255077,-38.655823,-36.28622,-35.030941,-34.736305,-34.935355,-35.943797,-36.767063,-36.884891,-36.886881,-36.789997,-37.124449,-38.355491,-40.176719,-43.151685,-44.640293,-42.963427,-42.155619,-44.241321,-52.63128,-52.284518,-44.821276,-42.83369,-42.924965,-43.794894,-44.902186,-46.899933,-49.521915,-48.242888,-45.901534,-45.750103,-46.371568,-46.630867,-46.933149,-50.003547,-57.178491,-44.443991,-38.842039,-37.14307,-37.620916,-40.72178,-43.573731,-44.226159,-45.143541,-44.217735,-39.932613,-36.835539,-35.70223,-37.439499,-43.177707,-48.560212,-39.157356,-36.91787,-41.645242,-36.034092,-27.80136
"BUR001",2022-07-24,2022-07-24 11:03:00,2022-07-26,"burbot",271,465,NA,712,204,31,"N","1",1,110,NA,NA,0,"A","MD","Region_6","Region_6_4360"," 15:15:15.4460",-0.0117060000000002,0.0339,-0.4219,-1.58421267137403,13.555085,-3.865,1.7582,-0.913265,0.414947,0.129992,0.078493,13.517917,4360,4312,4370,35,-40.415249,13.778829,0.8374,-0.538458,8.505,7.1221,0.020224,15.5,13.744074,14.058643,13.449912,-0.526691,1.388072,1.996764,1.713944,1.408296,2.016987,1.734168,-44.707691,-43.911013,-43.578811,-43.157708,-43.37293,-43.624627,-44.200621,-44.723244,-44.88785,-44.738877,-44.252527,-43.721959,-43.14986,-42.684441,-42.219492,-41.830002,-41.534206,-41.42345,-41.582077,-42.077161,-42.859127,-43.665488,-44.0089,-43.490942,-42.321933,-41.000942,-39.856883,-39.164708,-38.951396,-39.277187,-40.095044,-41.367063,-43.3665,-46.595916,-52.838724,-63.891814,-50.450682,-45.483584,-42.772528,-41.110906,-40.013334,-39.08758,-38.050083,-36.922202,-35.774274,-34.654639,-33.670988,-32.763788,-32.066353,-31.596088,-31.416218,-31.460798,-31.562251,-31.585501,-31.493522,-31.293936,-31.048499,-30.798001,-30.603985,-30.549574,-30.71085,-31.169875,-31.936449,-32.919814,-33.876428,-34.605503,-34.899031,-34.91203,-34.807215,-34.799374,-34.960662,-35.344804,-35.8696,-36.529584,-37.219851,-37.915273,-38.626159,-39.383898,-40.266159,-41.234397,-42.222132,-43.13824,-43.994361,-45.061663,-46.702788,-49.081645,-50.203323,-48.854373,-46.889742,-44.980939,NA,NA,NA,NA,NA,NA,NA,NA,NA,NA,NA,NA,NA,NA,NA,NA,NA,NA,NA,NA,NA,NA,NA,NA,NA,NA,NA,NA,NA,NA,NA,NA,NA,NA,NA,NA,NA,NA,NA,NA,NA,NA,NA,NA,NA,NA,NA,NA,NA,NA,NA,NA,NA,NA,NA,NA,NA,NA,NA,NA,NA,NA,NA,NA,NA,NA,NA,NA,NA,NA,NA,NA,NA,NA,NA,NA,NA,NA,NA,NA,NA,NA,NA,NA,NA,NA,NA,NA,NA,NA,NA,NA,NA,NA,NA,NA,NA,NA,NA,NA,NA,NA,NA,NA,NA,NA,NA,NA,NA,NA,NA,NA,NA,NA,NA,NA,NA,NA,NA,NA,NA,NA,NA,NA,NA,NA,NA,NA,NA,NA,NA,NA,NA,NA,NA,NA,NA,NA,NA,NA,NA,NA,NA,NA,NA,NA,NA,NA,NA,NA,NA,NA,NA,NA,NA,NA,NA,NA,NA,NA,NA,-40.703508,-42.664882,-45.016712,-47.94602,-51.91509,-58.803822,-64.270155,-60.546542,-56.417697,-52.595001,-49.259704,-46.172499,-43.575708,-41.874844,-40.686883,-40.401896,-40.530139,-41.021418,-41.711058,-42.287179,-42.812056,-43.078033,-43.257868,-43.140579,-42.909805,-42.439915,-41.771642,-41.195658,-40.488945,-40.151833,-39.756921,-39.535624,-39.398874,-39.161759,-39.207297,-39.379097,-39.720099,-40.271201,-41.002115,-41.710576,-42.614597,-43.665667,-44.220114,-44.331872,-43.657064,-43.055911,-42.684689,-42.628061,-42.619077,-42.944232,-43.623924,-44.798439,-46.667748,-49.086873,-53.297608,-62.288338,-55.170307,-48.940418,-45.87827,-44.019595,-42.761803,-41.444837,-40.456072,-40.398124,-41.136749,-43.801144,-47.299271,-51.09253,-54.088312,-52.815538,-49.705264,-47.338053,-45.835579,-44.974282,-44.659343,-44.942688,-45.712332,-46.061096,-45.250599,-43.809797,-42.87709,-43.301069,-43.625558,-43.354865,-42.590491,-41.96405,-42.191195,-43.509393,-45.239371,-47.097909,-48.383936,-47.420851,-45.361658,-43.706592,-43.276185,-45.709886,-50.137766,-54.751305,-54.246144,-51.83963,-50.576465,-50.006395,-50.083444,-51.814045,-52.614534,-49.230623,-45.528834,-43.218213,-41.975942,-41.506452,-41.346185,-41.487088,-41.243934,-41.320215,-41.38902,-41.183662,-41.516033,-43.673994,-49.924673,-62.66953,-50.98123,-48.71856,-44.904763,-40.770206,-38.27364,-37.908737,-38.575114,-38.735869,-37.461251,-35.613654,-34.722653,-35.547348,-37.796716,-41.524444,-43.814167,-41.609325,-37.676705,-34.68836,-33.252177,-33.16582,-33.900114,-34.62787,-34.745009,-34.615897,-34.981243,-36.343635,-39.085734,-44.077719,-51.300808,-52.146334,-49.18588,-48.943901,-49.602115,-50.263682,-49.855657,-45.971708,-41.853903,-39.555887,-38.669186,-40.149292,-42.507937,-42.88503,-41.076106,-39.1918,-39.741747,-42.7093,-39.083227,-36.645147,-39.042093,-40.763624,-31.756325,-27.741638,-27.513405,-33.073607,-36.089515
"BUR001",2022-07-24,2022-07-24 11:03:00,2022-07-26,"burbot",271,465,NA,712,204,31,"N","1",1,110,NA,NA,0,"A","MD","Region_6","Region_6_4361"," 15:15:15.5930",0,-0.2592,-0.2339,0,13.543379,-3.8311,1.3363,-0.90467,0.315133,0.178252,0.107314,13.509455,4361,4312,4370,35,-40.415249,13.778829,0.8374,-0.538458,8.505,7.1221,0.020224,15.5,13.744074,14.058643,13.449912,-0.526691,1.388072,1.996764,1.713944,1.408296,2.016987,1.734168,-44.606967,-44.27481,-44.378534,-44.422579,-44.956624,-45.211916,-45.476449,-45.604254,-45.600935,-45.651628,-45.603556,-45.429702,-44.881628,-44.150358,-43.364962,-42.772133,-42.448973,-42.464641,-42.845081,-43.572462,-44.423445,-44.87963,-44.457335,-43.310007,-42.011837,-40.947172,-40.262075,-40.134626,-40.559449,-41.59856,-43.207308,-45.318119,-48.089527,-51.180618,-51.632556,-48.475602,-45.344359,-43.146815,-41.735975,-40.946026,-40.590503,-40.263102,-39.51776,-38.40856,-37.212136,-36.107345,-35.248607,-34.584795,-34.229697,-34.127264,-34.16761,-34.084998,-33.708024,-33.131388,-32.54627,-32.06761,-31.786511,-31.753791,-32.031732,-32.663567,-33.6061,-34.703556,-35.681492,-36.345702,-36.681724,-36.876126,-36.950772,-37.00988,-37.041179,-37.141816,-37.383001,-37.917956,-38.808645,-40.154518,-41.809389,-43.446665,-44.570603,-44.963997,-44.960381,-45.138837,-46.309792,-49.440725,-56.015848,-58.039721,-54.164557,-55.470215,-61.485071,-54.477419,-45.8071,-40.078049,NA,NA,NA,NA,NA,NA,NA,NA,NA,NA,NA,NA,NA,NA,NA,NA,NA,NA,NA,NA,NA,NA,NA,NA,NA,NA,NA,NA,NA,NA,NA,NA,NA,NA,NA,NA,NA,NA,NA,NA,NA,NA,NA,NA,NA,NA,NA,NA,NA,NA,NA,NA,NA,NA,NA,NA,NA,NA,NA,NA,NA,NA,NA,NA,NA,NA,NA,NA,NA,NA,NA,NA,NA,NA,NA,NA,NA,NA,NA,NA,NA,NA,NA,NA,NA,NA,NA,NA,NA,NA,NA,NA,NA,NA,NA,NA,NA,NA,NA,NA,NA,NA,NA,NA,NA,NA,NA,NA,NA,NA,NA,NA,NA,NA,NA,NA,NA,NA,NA,NA,NA,NA,NA,NA,NA,NA,NA,NA,NA,NA,NA,NA,NA,NA,NA,NA,NA,NA,NA,NA,NA,NA,NA,NA,NA,NA,NA,NA,NA,NA,NA,NA,NA,NA,NA,NA,NA,NA,NA,NA,NA,-39.653246,-40.565841,-41.499636,-42.746749,-44.731833,-48.806561,-51.395092,-49.510291,-47.09788,-44.952915,-43.130282,-41.3637,-40.070871,-39.83563,-40.244255,-41.389175,-42.580035,-43.76879,-44.869194,-45.554349,-45.79706,-45.439279,-44.805927,-43.901827,-43.074863,-42.291628,-41.587317,-41.211629,-40.944918,-41.263299,-41.752216,-42.543248,-43.482756,-44.385483,-45.545992,-46.658751,-47.486776,-47.82564,-47.665234,-47.051526,-46.45257,-46.007417,-45.180936,-44.301488,-43.367217,-43.144866,-43.539933,-44.439647,-45.569767,-47.356695,-50.028051,-53.940451,-58.008179,-55.935842,-51.955782,-48.854737,-46.782948,-45.957823,-46.155269,-46.935617,-47.880038,-47.554042,-45.413384,-42.627375,-39.953239,-38.849473,-38.41746,-38.218818,-38.290421,-38.467971,-38.928997,-39.798369,-41.199747,-43.177262,-45.542028,-47.614049,-48.445252,-47.894063,-46.745668,-45.335884,-44.133344,-43.980764,-44.059763,-44.448178,-44.664362,-44.392989,-44.152235,-44.526269,-45.314297,-46.654369,-48.361527,-49.301206,-49.885164,-50.559139,-52.561343,-58.665298,-59.968511,-56.278425,-55.440644,-54.79355,-54.339896,-53.509527,-52.223006,-50.338776,-47.462363,-45.428754,-44.028774,-42.547917,-40.750213,-39.179252,-38.332749,-38.845244,-40.041126,-41.900636,-43.349156,-44.113043,-45.271409,-46.876407,-46.344597,-44.800834,-44.401792,-43.927701,-42.136318,-40.256638,-39.168521,-39.62018,-40.909171,-42.28641,-42.811218,-41.556196,-39.651516,-38.32115,-37.72572,-38.774372,-40.951003,-42.587516,-42.299454,-41.195625,-40.773036,-40.926755,-41.476396,-42.218065,-41.711599,-39.407679,-37.297832,-36.45618,-37.15733,-39.893558,-43.901479,-45.46647,-43.961875,-44.403771,-46.355997,-49.532808,-54.890604,-58.054251,-56.476441,-57.031422,-50.754592,-45.298354,-42.297612,-41.089092,-41.581933,-42.265944,-43.699699,-45.113389,-44.684353,-43.266595,-40.378076,-37.5739,-35.17419,-32.441385,-29.354042,-26.950795,-24.936276
"BUR001",2022-07-24,2022-07-24 11:03:00,2022-07-26,"burbot",271,465,NA,712,204,31,"N","1",1,110,NA,NA,0,"A","MD","Region_6","Region_6_4362"," 15:15:15.7390",-0.0117049999999992,-0.2025,-0.20209,-2.34288799816786,13.543379,-4.0903,1.1024,-0.965863,0.259902,0.052508,0.058389,13.506394,4362,4312,4370,35,-40.415249,13.778829,0.8374,-0.538458,8.505,7.1221,0.020224,15.5,13.744074,14.058643,13.449912,-0.526691,1.388072,1.996764,1.713944,1.408296,2.016987,1.734168,-44.74673,-44.650391,-44.932751,-45.02453,-45.561102,-45.850123,-46.207438,-46.448171,-46.544612,-46.680451,-46.678243,-46.445926,-45.708582,-44.752757,-43.809555,-43.153256,-42.832751,-42.902317,-43.370549,-44.168469,-44.950183,-45.072243,-44.261049,-42.973503,-41.766571,-40.921926,-40.54021,-40.788987,-41.632249,-43.050001,-44.819161,-46.574818,-47.941265,-48.11063,-46.774408,-44.811264,-42.975467,-41.651215,-40.858296,-40.55057,-40.575144,-40.472566,-39.784069,-38.713426,-37.64865,-36.775023,-36.21888,-35.897509,-35.858617,-35.880893,-35.646795,-34.968842,-34.069993,-33.258675,-32.685081,-32.366757,-32.328546,-32.58053,-33.153301,-34.082632,-35.324463,-36.707599,-37.860207,-38.429974,-38.40147,-38.131622,-37.823217,-37.713776,-37.855297,-38.351312,-39.236616,-40.569363,-42.224168,-43.969911,-45.245851,-45.828793,-46.18053,-46.86989,-48.224887,-50.124744,-51.322749,-49.88994,-47.750656,-47.004835,-48.369585,-51.198771,-47.936241,-43.109106,-39.455664,-36.623803,NA,NA,NA,NA,NA,NA,NA,NA,NA,NA,NA,NA,NA,NA,NA,NA,NA,NA,NA,NA,NA,NA,NA,NA,NA,NA,NA,NA,NA,NA,NA,NA,NA,NA,NA,NA,NA,NA,NA,NA,NA,NA,NA,NA,NA,NA,NA,NA,NA,NA,NA,NA,NA,NA,NA,NA,NA,NA,NA,NA,NA,NA,NA,NA,NA,NA,NA,NA,NA,NA,NA,NA,NA,NA,NA,NA,NA,NA,NA,NA,NA,NA,NA,NA,NA,NA,NA,NA,NA,NA,NA,NA,NA,NA,NA,NA,NA,NA,NA,NA,NA,NA,NA,NA,NA,NA,NA,NA,NA,NA,NA,NA,NA,NA,NA,NA,NA,NA,NA,NA,NA,NA,NA,NA,NA,NA,NA,NA,NA,NA,NA,NA,NA,NA,NA,NA,NA,NA,NA,NA,NA,NA,NA,NA,NA,NA,NA,NA,NA,NA,NA,NA,NA,NA,NA,NA,NA,NA,NA,NA,NA,-37.91577,-38.730438,-40.138565,-42.239121,-44.753325,-47.753503,-48.551165,-47.589674,-46.240817,-44.646617,-43.54648,-42.871301,-42.918772,-43.994714,-45.406806,-47.270188,-48.644909,-49.140267,-48.939071,-48.379121,-47.875377,-47.322104,-46.996513,-46.712701,-46.634598,-46.546375,-46.458928,-46.796936,-47.456229,-48.96524,-50.550586,-52.242971,-54.401835,-57.251026,-60.212523,-60.684127,-58.608891,-55.429049,-52.484049,-50.039889,-48.11999,-46.326386,-44.23698,-42.834496,-42.052788,-42.254441,-42.977835,-44.250866,-46.098474,-48.765994,-50.78213,-50.264027,-48.804671,-47.478006,-46.812558,-46.381011,-45.91014,-45.287645,-44.26385,-42.781412,-41.150389,-39.052274,-36.893352,-35.229595,-33.880846,-34.109077,-34.816609,-35.529079,-36.247584,-36.839675,-37.671091,-38.980954,-40.942713,-43.56882,-46.579631,-49.389906,-51.193183,-50.838964,-49.035248,-47.078363,-45.617886,-45.36834,-45.333221,-45.778455,-46.288595,-46.463516,-46.581141,-47.280437,-48.702039,-51.320023,-55.620853,-60.791149,-58.755912,-53.855389,-50.470055,-48.851627,-47.877456,-48.049534,-48.918483,-48.829975,-48.580979,-47.521328,-45.63871,-44.441474,-43.543291,-43.52181,-43.767171,-42.96028,-41.064739,-39.382592,-38.570118,-39.413249,-41.038437,-43.196921,-44.183734,-43.107331,-41.210045,-39.67412,-39.109285,-40.007038,-41.826462,-42.810188,-42.672914,-42.907662,-43.674425,-45.048708,-45.9233,-45.949945,-45.104181,-42.871891,-40.671502,-39.904382,-40.616267,-43.73666,-48.650105,-52.698928,-51.338852,-46.390284,-42.477196,-40.479597,-40.13083,-40.928039,-41.705107,-40.95917,-39.438775,-38.618579,-39.119599,-41.732348,-46.425963,-46.799277,-42.167655,-40.499163,-40.271592,-40.503378,-41.523744,-41.55215,-40.036375,-38.129162,-36.299257,-35.949168,-36.008555,-36.37083,-37.245335,-37.07496,-37.385687,-39.36308,-41.748846,-42.884929,-38.437259,-33.099798,-29.313926,-26.71495,-25.561955,-26.516262,-28.280414
"BUR001",2022-07-24,2022-07-24 11:03:00,2022-07-26,"burbot",271,465,NA,712,204,31,"N","1",1,110,NA,NA,0,"A","MD","Region_6","Region_6_4363"," 15:15:15.8840",NA,NA,NA,NA,13.531674,-4.2928,0.90031,-1.012765,0.212024,0.086195,0.06933,13.492055,4363,4312,4370,35,-40.415249,13.778829,0.8374,-0.538458,8.505,7.1221,0.020224,15.5,13.744074,14.058643,13.449912,-0.526691,1.388072,1.996764,1.713944,1.408296,2.016987,1.734168,-44.983397,-45.16004,-45.568923,-45.706138,-46.156692,-46.176635,-46.221231,-46.301118,-46.477577,-46.892268,-47.181094,-47.000561,-46.06695,-44.909299,-43.878507,-43.240744,-42.9984,-43.166651,-43.698888,-44.451103,-45.033727,-44.908422,-44.0088,-42.785695,-41.686196,-40.933867,-40.595851,-40.81222,-41.533128,-42.767701,-44.34688,-45.954848,-47.251247,-47.530866,-46.499998,-44.793255,-43.049989,-41.679017,-40.729139,-40.173877,-39.897708,-39.585522,-38.961614,-38.13538,-37.289288,-36.550433,-36.068137,-35.800312,-35.836669,-35.988401,-35.930253,-35.379162,-34.485476,-33.596108,-32.923726,-32.516825,-32.414155,-32.634543,-33.216421,-34.217184,-35.591354,-37.086209,-38.152724,-38.435181,-38.194122,-37.915222,-37.724562,-37.760163,-38.010534,-38.55499,-39.433516,-40.728384,-42.383212,-44.326724,-46.078053,-46.96016,-46.916561,-46.693686,-47.04007,-48.252904,-49.663932,-48.815643,-46.386768,-44.811992,-44.679912,-46.302094,-49.414815,-48.741414,-42.274459,-37.603009,NA,NA,NA,NA,NA,NA,NA,NA,NA,NA,NA,NA,NA,NA,NA,NA,NA,NA,NA,NA,NA,NA,NA,NA,NA,NA,NA,NA,NA,NA,NA,NA,NA,NA,NA,NA,NA,NA,NA,NA,NA,NA,NA,NA,NA,NA,NA,NA,NA,NA,NA,NA,NA,NA,NA,NA,NA,NA,NA,NA,NA,NA,NA,NA,NA,NA,NA,NA,NA,NA,NA,NA,NA,NA,NA,NA,NA,NA,NA,NA,NA,NA,NA,NA,NA,NA,NA,NA,NA,NA,NA,NA,NA,NA,NA,NA,NA,NA,NA,NA,NA,NA,NA,NA,NA,NA,NA,NA,NA,NA,NA,NA,NA,NA,NA,NA,NA,NA,NA,NA,NA,NA,NA,NA,NA,NA,NA,NA,NA,NA,NA,NA,NA,NA,NA,NA,NA,NA,NA,NA,NA,NA,NA,NA,NA,NA,NA,NA,NA,NA,NA,NA,NA,NA,NA,NA,NA,NA,NA,NA,NA,-38.020706,-39.019479,-40.373667,-42.097116,-44.137406,-47.49765,-49.187915,-48.393405,-47.14505,-45.982837,-45.512157,-45.371063,-45.797223,-47.238464,-49.229356,-51.813443,-52.89694,-52.069745,-50.750611,-49.479971,-48.635585,-48.050723,-47.890035,-47.745284,-47.669106,-47.45688,-47.237072,-47.503246,-48.026295,-49.34485,-50.834756,-52.799629,-55.21116,-57.565358,-59.362215,-59.204638,-57.405541,-55.311244,-53.550913,-51.782953,-49.9341,-47.951893,-45.866995,-44.667704,-43.929206,-43.91347,-44.254421,-45.214523,-46.678734,-48.580934,-49.900403,-50.076933,-49.750955,-49.112702,-48.744968,-48.319792,-47.690179,-46.823122,-45.530294,-43.785962,-41.940854,-39.699423,-37.519243,-35.930016,-34.650026,-34.994036,-35.779877,-36.649037,-37.687959,-38.747405,-40.203643,-42.278459,-45.159746,-48.792754,-52.381092,-54.526348,-54.749547,-53.19907,-51.286715,-49.702785,-48.709745,-48.903228,-48.95714,-48.789214,-47.878241,-46.650014,-46.197708,-47.19705,-49.337651,-52.556712,-57.313784,-67.895597,-58.536945,-49.849518,-45.471883,-44.505559,-44.791714,-45.739953,-46.599794,-46.135279,-45.935852,-45.70635,-45.004546,-44.72879,-43.704883,-42.091655,-40.511225,-39.330885,-38.767676,-39.04174,-39.816913,-41.306639,-42.099432,-42.472423,-42.142433,-40.964394,-39.878438,-39.490445,-39.718433,-40.202258,-40.269334,-40.109378,-40.314944,-41.131954,-42.024778,-43.290495,-44.004123,-43.562219,-42.724256,-41.749806,-41.472015,-42.730131,-45.33438,-49.974883,-54.645166,-53.738643,-48.529123,-44.738482,-42.85626,-42.163279,-41.432607,-39.989405,-38.516164,-37.780162,-38.182559,-40.102621,-44.215948,-49.448944,-45.467249,-42.180106,-40.757461,-41.588058,-42.960641,-44.011114,-45.017124,-43.749249,-41.141903,-39.601412,-39.200637,-41.341139,-45.162941,-51.10583,-56.823009,-55.052948,-51.09755,-45.706146,-42.158099,-42.222117,-45.861308,-50.274872,-49.062189,-56.875382,-37.286135,-30.58081,-27.46725
"BUR001",2022-07-24,2022-07-24 11:03:00,2022-07-26,"burbot",271,465,NA,712,204,31,"N","1",1,110,NA,NA,0,"A","MD","Region_6","Region_6_4368"," 15:15:16.6170",-0.0117059999999984,0.2797,-0.29004,-1.66408608486601,13.496557,-4.3949,0.58125,-1.034185,0.136515,0.018362,0.064049,13.456183,4368,4312,4370,35,-40.415249,13.778829,0.8374,-0.538458,8.505,7.1221,0.020224,15.5,13.744074,14.058643,13.449912,-0.526691,1.388072,1.996764,1.713944,1.408296,2.016987,1.734168,-42.539865,-42.213372,-41.814493,-41.000817,-40.598181,-40.005492,-39.647534,-39.376021,-39.100954,-38.943363,-38.763625,-38.673934,-38.567535,-38.559785,-38.546194,-38.605892,-38.706942,-38.881989,-39.119456,-39.384878,-39.599487,-39.665831,-39.570119,-39.348411,-39.120084,-39.01814,-39.110704,-39.506151,-40.009653,-40.411242,-40.493015,-40.288525,-40.121921,-40.111036,-40.346556,-40.874301,-41.596845,-42.588946,-43.877192,-45.606609,-47.419485,-46.670562,-43.482762,-40.740122,-38.821241,-37.447306,-36.482041,-35.72864,-35.219557,-34.823956,-34.394681,-33.743775,-32.84964,-31.855045,-30.903876,-30.047202,-29.341776,-28.817814,-28.505786,-28.444438,-28.597679,-28.886827,-29.183412,-29.376539,-29.433265,-29.497137,-29.586074,-29.841292,-30.256011,-30.897695,-31.797347,-33.050884,-34.670299,-36.806778,-39.570594,-43.277939,-48.095658,-49.373636,-45.33628,-42.149356,-40.126912,-38.914637,-38.235387,-37.883857,-37.57028,-37.210824,-36.49513,-35.558509,-34.714552,-34.27986,NA,NA,NA,NA,NA,NA,NA,NA,NA,NA,NA,NA,NA,NA,NA,NA,NA,NA,NA,NA,NA,NA,NA,NA,NA,NA,NA,NA,NA,NA,NA,NA,NA,NA,NA,NA,NA,NA,NA,NA,NA,NA,NA,NA,NA,NA,NA,NA,NA,NA,NA,NA,NA,NA,NA,NA,NA,NA,NA,NA,NA,NA,NA,NA,NA,NA,NA,NA,NA,NA,NA,NA,NA,NA,NA,NA,NA,NA,NA,NA,NA,NA,NA,NA,NA,NA,NA,NA,NA,NA,NA,NA,NA,NA,NA,NA,NA,NA,NA,NA,NA,NA,NA,NA,NA,NA,NA,NA,NA,NA,NA,NA,NA,NA,NA,NA,NA,NA,NA,NA,NA,NA,NA,NA,NA,NA,NA,NA,NA,NA,NA,NA,NA,NA,NA,NA,NA,NA,NA,NA,NA,NA,NA,NA,NA,NA,NA,NA,NA,NA,NA,NA,NA,NA,NA,NA,NA,NA,NA,NA,NA,-38.458114,-38.599171,-39.035252,-39.855561,-41.128557,-44.404737,-48.001418,-51.406331,-54.641317,-56.518089,-56.876392,-55.561014,-53.427747,-51.315552,-49.04974,-47.544653,-46.458931,-45.842425,-45.524102,-45.138547,-44.812635,-44.318952,-43.935637,-43.449696,-43.139621,-42.884385,-42.725371,-43.039573,-43.5699,-45.035885,-46.869465,-48.852223,-49.674863,-48.701718,-47.262459,-45.748644,-44.46894,-43.529916,-42.903579,-42.246474,-41.811057,-41.69881,-41.671844,-42.347061,-42.96982,-43.552454,-43.488386,-43.084755,-42.502199,-42.248513,-42.21518,-42.376389,-42.849007,-43.168748,-43.734705,-44.228921,-44.479091,-44.442565,-44.103718,-43.51291,-42.919067,-41.86512,-40.727503,-40.095799,-39.884669,-41.73678,-44.642995,-48.253859,-51.572843,-51.63886,-49.350752,-46.866354,-44.697071,-42.915251,-41.507121,-40.337484,-39.189092,-37.799427,-36.436536,-35.050673,-33.945315,-34.051182,-34.383366,-35.236791,-35.839428,-35.758986,-35.549808,-35.873629,-36.491242,-37.241465,-37.927251,-37.332334,-36.424618,-35.677667,-34.878873,-35.507614,-36.508211,-38.226141,-40.232269,-40.832796,-41.156343,-40.819056,-39.71811,-39.075326,-38.096905,-37.554385,-37.861489,-38.788966,-40.396993,-42.877145,-45.369626,-46.602274,-44.301266,-41.038385,-38.145376,-35.588571,-33.899753,-33.250633,-33.424965,-34.144901,-34.430988,-33.952385,-33.319535,-33.062989,-32.844534,-33.244861,-33.652456,-33.512376,-33.059779,-31.695958,-30.098555,-29.430282,-29.755623,-32.33178,-37.118066,-44.580472,-45.118815,-42.203927,-44.19629,-53.080981,-51.780384,-43.690506,-39.461332,-36.317771,-33.988866,-32.508842,-31.84652,-32.25371,-33.183374,-34.72804,-36.482821,-40.050288,-45.038241,-49.220752,-43.312031,-37.757306,-34.268329,-32.846803,-32.2663,-33.346975,-34.452794,-35.067248,-35.151882,-32.742423,-29.841749,-28.038354,-26.539754,-26.195084,-26.143607,-26.469622,-26.238682,-23.543939,-19.30597,-16.224513,-14.021666
"BUR001",2022-07-24,2022-07-24 11:03:00,2022-07-26,"burbot",271,465,NA,712,204,31,"N","1",1,110,NA,NA,0,"A","MD","Region_6","Region_6_4369"," 15:15:16.7620",0,0.2573,-0.016,0,13.484851,-4.1152,0.29121,-0.967683,0.068361,0.11009,0.014336,13.449912,4369,4312,4370,35,-40.415249,13.778829,0.8374,-0.538458,8.505,7.1221,0.020224,15.5,13.744074,14.058643,13.449912,-0.526691,1.388072,1.996764,1.713944,1.408296,2.016987,1.734168,-40.9839,-40.623702,-40.184679,-39.439069,-39.190548,-38.788854,-38.540002,-38.236442,-37.807384,-37.427635,-37.056888,-36.897386,-36.878291,-37.091491,-37.37245,-37.714593,-38.03431,-38.312987,-38.515937,-38.634194,-38.648484,-38.557095,-38.397979,-38.188422,-37.989126,-37.864296,-37.841608,-38.052395,-38.449285,-39.073571,-39.861073,-40.68554,-41.565159,-42.389329,-43.101164,-43.665309,-43.974323,-44.172931,-44.418545,-45.030289,-46.580571,-50.136911,-59.609243,-55.898433,-47.975256,-43.964203,-41.39059,-39.53064,-38.290157,-37.611437,-37.512707,-37.800555,-37.979841,-37.528008,-36.384862,-34.866656,-33.308228,-31.885277,-30.703059,-29.844098,-29.339317,-29.188967,-29.327512,-29.644114,-29.985286,-30.321814,-30.556573,-30.785711,-31.007982,-31.303459,-31.701262,-32.293567,-33.088565,-34.206888,-35.679898,-37.653482,-40.411777,-44.628464,-53.218317,-57.010774,-46.285179,-41.784746,-38.935219,-36.879323,-35.226562,-33.95814,-32.88072,-32.019018,-31.40994,-31.038594,NA,NA,NA,NA,NA,NA,NA,NA,NA,NA,NA,NA,NA,NA,NA,NA,NA,NA,NA,NA,NA,NA,NA,NA,NA,NA,NA,NA,NA,NA,NA,NA,NA,NA,NA,NA,NA,NA,NA,NA,NA,NA,NA,NA,NA,NA,NA,NA,NA,NA,NA,NA,NA,NA,NA,NA,NA,NA,NA,NA,NA,NA,NA,NA,NA,NA,NA,NA,NA,NA,NA,NA,NA,NA,NA,NA,NA,NA,NA,NA,NA,NA,NA,NA,NA,NA,NA,NA,NA,NA,NA,NA,NA,NA,NA,NA,NA,NA,NA,NA,NA,NA,NA,NA,NA,NA,NA,NA,NA,NA,NA,NA,NA,NA,NA,NA,NA,NA,NA,NA,NA,NA,NA,NA,NA,NA,NA,NA,NA,NA,NA,NA,NA,NA,NA,NA,NA,NA,NA,NA,NA,NA,NA,NA,NA,NA,NA,NA,NA,NA,NA,NA,NA,NA,NA,NA,NA,NA,NA,NA,NA,-35.164783,-36.039249,-36.997279,-37.885455,-38.493738,-40.018472,-41.034236,-41.379177,-41.698125,-41.796034,-42.186719,-42.717806,-43.770105,-46.009402,-49.429717,-54.936461,-57.658885,-54.082429,-51.68941,-50.541946,-50.308745,-50.509934,-51.242087,-52.414197,-54.675537,-59.008484,-70.099125,-63.009077,-56.778918,-54.557906,-53.917966,-54.551415,-56.162161,-57.442849,-55.786856,-52.228576,-49.077317,-46.592013,-44.59753,-42.690212,-40.992049,-39.563988,-38.143297,-37.327691,-36.699768,-36.62149,-36.839001,-37.397156,-37.967693,-38.655672,-39.224498,-39.622761,-39.969457,-39.882127,-39.82083,-39.726124,-39.669156,-39.819899,-40.15962,-40.603526,-41.314631,-41.890639,-42.609395,-43.677911,-44.22949,-44.981368,-45.110841,-44.904507,-44.930573,-45.214625,-45.995633,-47.184156,-48.262801,-48.329929,-47.209489,-45.537443,-43.826391,-42.287354,-41.214077,-40.44003,-40.097059,-40.862704,-41.691938,-42.745113,-43.731431,-44.787986,-46.594008,-49.220057,-51.011489,-51.352841,-51.157718,-49.637345,-47.370382,-45.351335,-44.497668,-46.869977,-52.441636,-60.201092,-55.960534,-53.263542,-53.665898,-54.451989,-50.105729,-46.667192,-45.215886,-45.252383,-44.724124,-42.461699,-39.684071,-37.335922,-35.520859,-34.836557,-34.522911,-34.927734,-35.528386,-35.694323,-35.324002,-34.550819,-33.8076,-33.808028,-34.777239,-36.71718,-40.013611,-45.271784,-51.484359,-55.260677,-56.16381,-44.953,-38.186014,-33.753585,-30.942484,-29.769569,-29.575071,-30.584433,-31.398587,-30.659715,-29.601582,-28.939906,-28.751346,-28.999914,-29.588782,-30.428661,-31.459795,-32.676792,-34.188923,-36.278379,-39.00953,-39.846404,-36.570664,-33.770316,-32.132718,-32.505085,-33.355769,-33.730148,-33.957883,-33.236465,-32.70204,-33.353987,-34.255587,-34.911077,-33.424383,-31.332078,-29.81247,-27.28685,-24.799323,-22.909016,-20.531849,-18.615346,-16.818633,-15.497511,-14.146815,-11.979763,-9.472437,-7.778367,-6.221605
"BUR001",2022-07-24,2022-07-24 11:03:00,2022-07-26,"burbot",271,465,NA,712,204,31,"N","1",1,110,NA,NA,0,"A","MD","Region_6","Region_6_4370"," 15:15:16.9110",NA,NA,NA,NA,13.484851,-3.8579,0.27521,-0.907288,0.064626,0.15953,0.017336,13.454139,4370,4312,4370,35,-40.415249,13.778829,0.8374,-0.538458,8.505,7.1221,0.020224,15.5,13.744074,14.058643,13.449912,-0.526691,1.388072,1.996764,1.713944,1.408296,2.016987,1.734168,-39.849031,-39.700509,-39.375501,-38.646292,-38.353188,-37.960272,-37.810469,-37.66279,-37.366364,-37.011116,-36.549718,-36.246118,-36.114042,-36.313692,-36.71243,-37.286074,-37.923432,-38.529575,-38.961347,-39.122798,-38.998521,-38.706142,-38.399341,-38.143224,-37.987968,-37.946003,-37.975742,-38.140532,-38.372341,-38.768007,-39.400711,-40.304413,-41.648476,-43.44593,-45.627106,-47.686767,-48.346972,-47.387837,-45.859353,-44.445023,-43.411836,-42.880994,-42.845303,-43.258738,-43.954079,-44.755007,-45.5259,-45.734403,-44.972261,-43.440209,-41.981649,-41.098473,-40.824082,-40.971157,-41.258604,-41.271812,-40.615159,-39.232458,-37.501558,-35.821689,-34.399655,-33.317131,-32.580305,-32.179947,-32.045165,-32.172471,-32.428051,-32.81629,-33.239099,-33.69528,-34.14711,-34.637948,-35.142192,-35.750032,-36.467273,-37.382762,-38.596969,-40.241223,-42.570512,-46.060328,-52.351743,-54.914972,-45.659185,-40.310881,-36.666017,-34.219241,-32.723133,-32.041069,-31.814647,-31.574928,NA,NA,NA,NA,NA,NA,NA,NA,NA,NA,NA,NA,NA,NA,NA,NA,NA,NA,NA,NA,NA,NA,NA,NA,NA,NA,NA,NA,NA,NA,NA,NA,NA,NA,NA,NA,NA,NA,NA,NA,NA,NA,NA,NA,NA,NA,NA,NA,NA,NA,NA,NA,NA,NA,NA,NA,NA,NA,NA,NA,NA,NA,NA,NA,NA,NA,NA,NA,NA,NA,NA,NA,NA,NA,NA,NA,NA,NA,NA,NA,NA,NA,NA,NA,NA,NA,NA,NA,NA,NA,NA,NA,NA,NA,NA,NA,NA,NA,NA,NA,NA,NA,NA,NA,NA,NA,NA,NA,NA,NA,NA,NA,NA,NA,NA,NA,NA,NA,NA,NA,NA,NA,NA,NA,NA,NA,NA,NA,NA,NA,NA,NA,NA,NA,NA,NA,NA,NA,NA,NA,NA,NA,NA,NA,NA,NA,NA,NA,NA,NA,NA,NA,NA,NA,NA,NA,NA,NA,NA,NA,NA,-34.204223,-33.714971,-33.455376,-33.48684,-33.857048,-35.785409,-37.937048,-39.911315,-42.123044,-44.204754,-46.120332,-46.821647,-46.232059,-45.627726,-45.254948,-45.510718,-45.805435,-45.941088,-45.757514,-45.172478,-44.470868,-43.630775,-42.887687,-42.078392,-41.416353,-40.837312,-40.41038,-40.46261,-40.874106,-42.216785,-44.253117,-47.198538,-50.745677,-53.900178,-54.260364,-51.650011,-49.224792,-47.741112,-47.082393,-46.830927,-46.943717,-47.329472,-47.532197,-47.739933,-47.081809,-45.823905,-44.438193,-43.4447,-42.67487,-42.233926,-41.951208,-41.842224,-42.067697,-42.296732,-42.88984,-43.640973,-44.230462,-44.36451,-43.855222,-42.876757,-41.871974,-40.62723,-39.518551,-39.035456,-38.853542,-39.904259,-41.09287,-41.879191,-42.388438,-42.658592,-43.06802,-43.889111,-45.276618,-47.074659,-48.462562,-48.377348,-47.184015,-45.857087,-45.002817,-44.633735,-45.056584,-47.106077,-49.821801,-51.596419,-50.359052,-48.149321,-46.457237,-45.718526,-45.703892,-46.601547,-48.342639,-50.00731,-51.852573,-52.373695,-50.05439,-47.73504,-46.206933,-46.179632,-47.203389,-47.780668,-48.321277,-47.519671,-45.640337,-44.853609,-44.914401,-46.082834,-47.727948,-49.68425,-51.336864,-50.53669,-48.032567,-46.807023,-46.677916,-47.0272,-45.68297,-42.803135,-39.990691,-37.87497,-36.468777,-35.989113,-36.433807,-37.422819,-38.670385,-39.518034,-39.429261,-39.638453,-40.453588,-42.18264,-44.673677,-44.074976,-41.133243,-39.706944,-39.758698,-40.403562,-38.840015,-35.640032,-33.182572,-31.806625,-31.32721,-31.52322,-32.096861,-32.713226,-33.124635,-33.270628,-33.2002,-32.94492,-32.533575,-32.451027,-32.538495,-33.102662,-34.112357,-36.468336,-38.729025,-39.512699,-38.486955,-35.578624,-32.643707,-30.909535,-30.082825,-31.072556,-32.801562,-34.651194,-35.313338,-33.383618,-31.294306,-29.961421,-27.488792,-24.375813,-21.240311,-18.986985,-17.352571,-15.599818,-13.557613,-11.770121,-9.768958
"BUR001",2022-07-24,2022-07-24 11:03:00,2022-07-26,"burbot",271,465,NA,712,204,31,"N","1",1,110,NA,NA,0,"A","MD","Region_11","Region_11_5628"," 15:18:24.7710",0.0117059999999984,-0.3646,0.5099,1.06984887410805,13.683846,1.3868,-4.2592,0.330261,-1.01598,0.07732,0.016337,13.642081,5628,5628,5715,52,-40.388465,14.267776,1.2169,0.608691,13.065,15.8993,0.020224,15.5,14.236092,14.556295,13.598013,0.613635,0.896437,1.856296,1.197125,0.916661,1.87652,1.217349,-56.949357,-54.98144,-53.280547,-52.576442,-53.56259,-54.758775,-54.255007,-51.563252,-48.731439,-46.890243,-46.262671,-47.29211,-50.283605,-56.244835,-66.838694,-65.382769,-58.843906,-52.209718,-47.313645,-44.051447,-42.062677,-41.068537,-40.88975,-41.443117,-42.797923,-45.377823,-50.63137,-76.917519,-50.070453,-44.116839,-40.975294,-39.189584,-38.437564,-38.556333,-39.548342,-41.656571,-45.446551,-53.861967,-55.60841,-46.87044,-44.010336,-43.6052,-44.335139,-44.897408,-44.698785,-44.178242,-43.638956,-42.649978,-40.900826,-38.802165,-37.278984,-36.662447,-36.700798,-36.990729,-37.240481,-37.360782,-37.446613,-37.576473,-37.84152,-38.316865,-38.993767,-39.839338,-40.895056,-42.588987,-45.145399,-45.543688,-41.680172,-38.13658,-35.677523,-34.098704,-33.150199,-32.6478,-32.303318,-31.918441,-31.359516,-30.688114,-30.064789,-29.600559,-29.467483,-29.732907,-30.440621,-31.541948,-32.930398,-34.578758,-36.250792,-37.750869,-38.764953,-39.846869,-40.925382,-41.090384,NA,NA,NA,NA,NA,NA,NA,NA,NA,NA,NA,NA,NA,NA,NA,NA,NA,NA,NA,NA,NA,NA,NA,NA,NA,NA,NA,NA,NA,NA,NA,NA,NA,NA,NA,NA,NA,NA,NA,NA,NA,NA,NA,NA,NA,NA,NA,NA,NA,NA,NA,NA,NA,NA,NA,NA,NA,NA,NA,NA,NA,NA,NA,NA,NA,NA,NA,NA,NA,NA,NA,NA,NA,NA,NA,NA,NA,NA,NA,NA,NA,NA,NA,NA,NA,NA,NA,NA,NA,NA,NA,NA,NA,NA,NA,NA,NA,NA,NA,NA,NA,NA,NA,NA,NA,NA,NA,NA,NA,NA,NA,NA,NA,NA,NA,NA,NA,NA,NA,NA,NA,NA,NA,NA,NA,NA,NA,NA,NA,NA,NA,NA,NA,NA,NA,NA,NA,NA,NA,NA,NA,NA,NA,NA,NA,NA,NA,NA,NA,NA,NA,NA,NA,NA,NA,NA,NA,NA,NA,NA,NA,-32.109405,-32.738451,-33.97483,-35.91603,-38.693693,-43.4893,-50.288767,-62.650279,-50.179798,-44.47222,-41.707074,-40.678707,-41.849862,-47.241421,-54.290065,-42.530479,-38.010575,-35.696665,-34.509494,-33.874088,-33.744585,-33.81198,-33.920695,-33.733809,-33.233648,-32.280702,-31.059676,-29.830964,-28.549838,-27.78229,-27.254072,-27.361282,-28.071577,-29.28001,-31.602229,-35.49771,-43.489596,-47.032243,-37.948217,-34.166308,-32.28151,-31.381473,-31.05003,-31.46539,-31.873166,-32.42453,-33.12694,-33.942511,-34.445289,-34.32984,-33.64193,-33.042666,-32.655483,-32.34398,-32.565318,-33.332198,-35.159024,-38.509924,-41.945761,-40.343353,-36.878085,-33.930943,-31.982987,-31.037419,-30.783721,-31.915322,-32.425724,-32.096482,-31.545821,-31.11643,-31.195769,-31.870201,-33.214908,-35.299788,-38.170017,-41.597262,-43.714869,-42.133806,-39.660195,-37.36402,-35.402614,-34.486328,-33.507018,-32.82247,-32.256035,-31.581041,-31.556408,-32.684112,-34.476052,-37.247366,-40.382166,-42.513129,-43.834602,-43.299068,-41.978577,-42.414094,-43.384887,-44.808373,-45.37618,-44.1909,-43.206329,-42.260004,-42.11328,-43.943164,-43.914157,-41.767364,-40.117279,-39.25613,-39.254476,-40.090854,-41.579639,-43.846835,-43.223719,-40.771787,-38.04107,-34.866559,-31.893339,-29.138216,-26.535233,-24.985944,-23.942376,-23.162326,-22.955037,-23.365728,-24.476367,-27.435861,-32.112078,-39.905216,-37.784947,-31.899232,-28.944189,-28.064164,-28.656924,-32.620799,-39.996608,-47.314261,-37.52564,-33.269452,-31.220489,-30.2002,-29.458401,-28.463318,-27.207994,-26.077108,-25.42237,-25.440705,-26.220395,-27.615919,-29.595924,-32.385304,-34.733589,-38.121953,-41.102106,-41.181986,-37.879312,-33.141093,-28.802078,-26.270663,-24.424419,-24.580103,-25.123339,-25.240552,-25.999802,-25.899107,-24.923156,-25.203121,-25.36585,-25.917623,-27.17708,-27.429181,-25.501997,-22.650433,-19.798985,-19.739969,-19.869252
"BUR001",2022-07-24,2022-07-24 11:03:00,2022-07-26,"burbot",271,465,NA,712,204,31,"N","1",1,110,NA,NA,0,"A","MD","Region_11","Region_11_5629"," 15:18:24.9160",-0.0351169999999996,-0.78141,0.2092,-2.48574745490779,13.695552,1.0222,-3.7493,0.243793,-0.895429,0.08918,0.048806,13.664074,5629,5628,5715,52,-40.388465,14.267776,1.2169,0.608691,13.065,15.8993,0.020224,15.5,14.236092,14.556295,13.598013,0.613635,0.896437,1.856296,1.197125,0.916661,1.87652,1.217349,-56.623101,-54.994799,-54.018366,-54.012023,-54.888804,-53.78625,-51.187194,-48.8473,-47.319743,-46.967397,-48.034954,-51.37434,-58.625604,-61.454879,-54.843505,-50.972444,-47.438474,-44.253859,-41.835113,-40.314728,-39.681246,-39.895103,-40.943836,-42.906501,-46.06538,-50.231785,-49.242979,-44.587988,-41.25525,-39.166826,-38.04415,-37.720618,-38.230793,-39.580334,-41.857093,-45.150967,-48.14585,-47.530933,-45.521617,-44.766448,-45.768957,-48.301816,-50.801521,-50.833124,-48.331656,-44.783773,-41.335125,-38.343351,-36.115827,-34.804464,-34.553529,-35.164636,-36.112579,-36.901351,-37.356026,-37.576845,-37.730901,-37.855263,-37.947191,-38.001583,-38.148312,-38.800606,-40.527109,-43.444485,-43.193457,-39.010422,-35.68825,-33.548012,-32.163552,-31.304775,-30.733874,-30.292759,-29.796895,-29.223192,-28.579019,-27.967539,-27.510985,-27.341447,-27.662184,-28.622574,-30.400413,-33.070656,-36.694491,-41.453756,-47.671061,-61.237234,-50.828474,-42.47868,-38.370016,-36.156701,NA,NA,NA,NA,NA,NA,NA,NA,NA,NA,NA,NA,NA,NA,NA,NA,NA,NA,NA,NA,NA,NA,NA,NA,NA,NA,NA,NA,NA,NA,NA,NA,NA,NA,NA,NA,NA,NA,NA,NA,NA,NA,NA,NA,NA,NA,NA,NA,NA,NA,NA,NA,NA,NA,NA,NA,NA,NA,NA,NA,NA,NA,NA,NA,NA,NA,NA,NA,NA,NA,NA,NA,NA,NA,NA,NA,NA,NA,NA,NA,NA,NA,NA,NA,NA,NA,NA,NA,NA,NA,NA,NA,NA,NA,NA,NA,NA,NA,NA,NA,NA,NA,NA,NA,NA,NA,NA,NA,NA,NA,NA,NA,NA,NA,NA,NA,NA,NA,NA,NA,NA,NA,NA,NA,NA,NA,NA,NA,NA,NA,NA,NA,NA,NA,NA,NA,NA,NA,NA,NA,NA,NA,NA,NA,NA,NA,NA,NA,NA,NA,NA,NA,NA,NA,NA,NA,NA,NA,NA,NA,NA,-30.912957,-31.281104,-32.525695,-34.755917,-37.072796,-37.67457,-36.835354,-36.435646,-37.347203,-39.720842,-44.399817,-56.525921,-46.861086,-39.437512,-35.130937,-32.549799,-31.024958,-30.379398,-30.475108,-31.115739,-32.29353,-33.720602,-34.958684,-35.243254,-34.35327,-32.610941,-30.666154,-28.977133,-27.648339,-27.118279,-27.284928,-28.489579,-30.770624,-34.035547,-37.702536,-37.919149,-35.355322,-33.53066,-32.756931,-32.883853,-33.87696,-34.938366,-34.389627,-32.99079,-31.935044,-31.436214,-30.641866,-29.332222,-28.217911,-27.827273,-28.019956,-28.840011,-30.190216,-32.107753,-35.678372,-43.142364,-41.317142,-34.976456,-32.211245,-30.9733,-30.5302,-30.085002,-29.759249,-29.516685,-29.124161,-29.679848,-30.59897,-31.848968,-33.304232,-34.544556,-35.345546,-35.9168,-36.854053,-38.40997,-39.398085,-37.954132,-35.606018,-33.574338,-32.060282,-30.575971,-29.183223,-28.616931,-28.10186,-27.866488,-27.863093,-27.82658,-28.365904,-29.906791,-31.939242,-34.803772,-37.961847,-40.371714,-41.98843,-41.744128,-40.981851,-41.231455,-40.350926,-39.443326,-38.885684,-37.730666,-36.777875,-35.201959,-33.349974,-32.553329,-32.289071,-33.703069,-36.300437,-39.447388,-41.784073,-42.832605,-42.675577,-38.587236,-33.466821,-29.930327,-27.445022,-25.402128,-24.108217,-23.682863,-24.042384,-25.692283,-27.914068,-29.969614,-31.951268,-33.859125,-35.588278,-36.208107,-34.0853,-31.634063,-30.077049,-29.09074,-29.191147,-31.019675,-35.584072,-40.942276,-33.576924,-29.365797,-27.391217,-26.159776,-25.825802,-26.081827,-26.767919,-27.904911,-29.718355,-32.721617,-37.617053,-38.246401,-32.703307,-28.975753,-26.569121,-25.249614,-24.246054,-24.523151,-24.561019,-23.960879,-23.459923,-22.540445,-21.89873,-22.637709,-24.089063,-27.580397,-32.539502,-39.748399,-40.723424,-35.837275,-33.836303,-34.086153,-31.160187,-26.440092,-22.357996,-18.529647,-15.443355,-13.696222,-12.484386,-13.555383,-14.839947
"BUR001",2022-07-24,2022-07-24 11:03:00,2022-07-26,"burbot",271,465,NA,712,204,31,"N","1",1,110,NA,NA,0,"A","MD","Region_11","Region_11_5630"," 15:18:25.0650",-0.0351169999999996,-1.19782,0.0399999999999996,-1.67834878594304,13.660435,0.24079,-3.5401,0.0573,-0.843488,0.067676,0.207153,13.634249,5630,5628,5715,52,-40.388465,14.267776,1.2169,0.608691,13.065,15.8993,0.020224,15.5,14.236092,14.556295,13.598013,0.613635,0.896437,1.856296,1.197125,0.916661,1.87652,1.217349,-55.320299,-58.54713,-59.325032,-56.769799,-53.191956,-50.017827,-48.059833,-47.086811,-46.982025,-47.972333,-50.23681,-54.105716,-56.486706,-53.341822,-49.557031,-46.261917,-43.446306,-41.202411,-39.635832,-38.81945,-38.779764,-39.539411,-41.080167,-43.181475,-44.828073,-44.344716,-42.412268,-40.557885,-39.090123,-38.061426,-37.573191,-37.698271,-38.587274,-40.253678,-42.544966,-44.671068,-45.109775,-44.579657,-44.786022,-46.625011,-50.123938,-51.856563,-49.862977,-46.424415,-42.72961,-39.576507,-37.12307,-35.224967,-34.007435,-33.560383,-34.002807,-35.141979,-36.47473,-37.489404,-37.94593,-37.908751,-37.583567,-37.139349,-36.806112,-36.864862,-37.731088,-40.119736,-44.975488,-44.836728,-38.775096,-35.061531,-32.727034,-31.195227,-30.090636,-29.273708,-28.595044,-27.99305,-27.36701,-26.73824,-26.134995,-25.6854,-25.533387,-25.857057,-26.901297,-28.89344,-32.185632,-37.23403,-44.438341,-45.22105,-40.758374,-37.266852,-34.31338,-32.379705,-31.737577,-32.139557,NA,NA,NA,NA,NA,NA,NA,NA,NA,NA,NA,NA,NA,NA,NA,NA,NA,NA,NA,NA,NA,NA,NA,NA,NA,NA,NA,NA,NA,NA,NA,NA,NA,NA,NA,NA,NA,NA,NA,NA,NA,NA,NA,NA,NA,NA,NA,NA,NA,NA,NA,NA,NA,NA,NA,NA,NA,NA,NA,NA,NA,NA,NA,NA,NA,NA,NA,NA,NA,NA,NA,NA,NA,NA,NA,NA,NA,NA,NA,NA,NA,NA,NA,NA,NA,NA,NA,NA,NA,NA,NA,NA,NA,NA,NA,NA,NA,NA,NA,NA,NA,NA,NA,NA,NA,NA,NA,NA,NA,NA,NA,NA,NA,NA,NA,NA,NA,NA,NA,NA,NA,NA,NA,NA,NA,NA,NA,NA,NA,NA,NA,NA,NA,NA,NA,NA,NA,NA,NA,NA,NA,NA,NA,NA,NA,NA,NA,NA,NA,NA,NA,NA,NA,NA,NA,NA,NA,NA,NA,NA,NA,-32.328223,-33.129669,-33.743969,-33.98394,-33.969813,-34.699109,-35.759508,-36.996063,-39.114446,-42.549946,-45.136191,-40.343119,-35.50493,-32.43133,-30.623231,-29.971777,-30.056124,-30.688296,-31.709138,-32.977275,-34.572579,-36.500318,-38.379033,-38.409205,-36.126942,-33.458262,-31.374594,-30.044511,-29.387063,-29.622389,-30.604916,-32.374474,-34.112064,-34.248308,-33.115869,-32.03848,-31.573942,-32.030414,-33.380616,-35.686154,-38.375008,-37.911825,-34.743237,-32.39156,-30.926462,-30.10568,-29.589697,-29.1641,-28.939319,-29.163191,-29.798193,-31.050561,-32.982724,-35.489486,-37.237734,-34.999783,-31.997719,-30.296705,-29.489463,-29.16476,-29.150758,-29.019371,-29.147587,-29.782549,-30.742122,-32.6171,-34.312972,-35.454384,-36.36524,-37.504178,-39.264045,-41.356124,-41.130583,-37.857048,-34.653779,-32.33575,-30.778735,-29.610976,-28.724866,-27.751533,-26.905216,-26.97881,-27.34231,-28.129583,-29.290766,-30.446399,-32.044275,-34.38571,-36.83177,-39.58844,-42.068359,-43.672829,-45.066001,-44.588047,-41.308193,-38.156152,-35.621362,-34.528354,-34.12775,-33.352965,-33.08101,-32.831197,-33.201803,-35.380476,-38.461795,-40.319874,-39.07757,-38.737952,-39.68276,-38.870247,-34.543126,-31.063408,-28.646924,-27.46957,-26.903693,-26.470571,-26.270049,-26.377263,-26.880962,-28.725635,-32.201013,-38.67546,-53.046993,-37.240666,-32.421428,-30.650301,-30.107837,-30.723732,-32.74257,-36.973956,-50.843398,-35.893237,-29.263089,-26.598746,-25.317947,-24.794185,-25.198622,-25.785068,-26.882501,-28.011246,-28.881644,-29.875104,-31.866577,-36.415888,-50.022643,-37.235011,-31.597459,-28.99066,-27.590959,-26.847024,-25.891901,-25.565568,-24.775428,-23.642796,-23.115078,-23.005377,-24.090891,-27.642007,-33.385565,-34.973929,-31.050366,-28.303762,-26.761352,-25.191521,-23.208403,-22.291222,-21.277506,-20.262292,-19.655323,-19.090889,-19.38523,-21.699736,-25.033784,-25.743803,-23.884684
"BUR001",2022-07-24,2022-07-24 11:03:00,2022-07-26,"burbot",271,465,NA,712,204,31,"N","1",1,110,NA,NA,0,"A","MD","Region_11","Region_11_5631"," 15:18:25.2260",0.0234120000000004,-0.14667,-0.0596999999999999,8.40999498517985,13.625318,-0.95703,-3.5001,-0.227152,-0.831705,0.182181,0.239403,13.598013,5631,5628,5715,52,-40.388465,14.267776,1.2169,0.608691,13.065,15.8993,0.020224,15.5,14.236092,14.556295,13.598013,0.613635,0.896437,1.856296,1.197125,0.916661,1.87652,1.217349,-45.632608,-46.581788,-47.302933,-47.348638,-47.167475,-46.741968,-47.073023,-48.165052,-49.732609,-51.4355,-52.871385,-54.356508,-54.131365,-50.227198,-46.036041,-42.912154,-40.731985,-39.309429,-38.564479,-38.472568,-39.006157,-40.131664,-41.693597,-43.075266,-43.00926,-41.278182,-39.14478,-37.463195,-36.40149,-36.028848,-36.378661,-37.428432,-39.224674,-41.541403,-43.692538,-44.779756,-44.881505,-45.001829,-45.627498,-46.867209,-48.117596,-47.08132,-44.070441,-41.286211,-39.075757,-37.25305,-35.782221,-34.567117,-33.75095,-33.379498,-33.556608,-34.238526,-35.233278,-36.279916,-37.085612,-37.423765,-37.299791,-36.954854,-36.840412,-37.424737,-39.259146,-43.444154,-49.33482,-41.736445,-36.43525,-33.364422,-31.351134,-29.921239,-28.727709,-27.678786,-26.728242,-25.946495,-25.332606,-24.925552,-24.6847,-24.632379,-24.816361,-25.344567,-26.413728,-28.203606,-30.895532,-33.856411,-34.266727,-32.256099,-30.688196,-30.580802,-32.231525,-35.183589,-34.863018,-31.585932,NA,NA,NA,NA,NA,NA,NA,NA,NA,NA,NA,NA,NA,NA,NA,NA,NA,NA,NA,NA,NA,NA,NA,NA,NA,NA,NA,NA,NA,NA,NA,NA,NA,NA,NA,NA,NA,NA,NA,NA,NA,NA,NA,NA,NA,NA,NA,NA,NA,NA,NA,NA,NA,NA,NA,NA,NA,NA,NA,NA,NA,NA,NA,NA,NA,NA,NA,NA,NA,NA,NA,NA,NA,NA,NA,NA,NA,NA,NA,NA,NA,NA,NA,NA,NA,NA,NA,NA,NA,NA,NA,NA,NA,NA,NA,NA,NA,NA,NA,NA,NA,NA,NA,NA,NA,NA,NA,NA,NA,NA,NA,NA,NA,NA,NA,NA,NA,NA,NA,NA,NA,NA,NA,NA,NA,NA,NA,NA,NA,NA,NA,NA,NA,NA,NA,NA,NA,NA,NA,NA,NA,NA,NA,NA,NA,NA,NA,NA,NA,NA,NA,NA,NA,NA,NA,NA,NA,NA,NA,NA,NA,-33.675313,-34.147823,-34.39041,-34.471516,-34.616066,-35.7829,-37.467292,-39.527309,-42.697564,-46.092555,-43.312853,-38.335898,-34.744782,-32.509593,-31.178062,-30.664477,-30.56904,-30.850592,-31.574993,-32.824128,-34.875769,-37.948437,-41.999098,-42.828496,-38.819803,-35.247971,-32.78677,-31.323344,-30.672851,-30.993308,-31.982361,-33.503847,-34.835631,-35.133228,-34.7807,-34.563473,-34.959409,-36.288902,-38.422178,-40.774667,-41.082736,-38.486725,-35.456851,-33.195143,-31.425093,-30.153861,-29.328476,-28.916253,-28.999806,-29.729392,-30.974336,-32.824327,-35.027179,-36.463415,-35.598942,-33.069362,-30.887808,-29.835178,-29.622914,-29.960003,-30.678549,-31.257921,-31.91623,-32.708258,-33.322415,-34.570907,-35.931635,-37.457444,-39.289947,-40.841216,-40.423438,-38.117382,-35.834876,-34.281203,-33.404847,-32.880859,-32.361839,-31.679323,-31.184743,-30.788272,-30.638776,-31.328799,-32.173797,-33.419983,-34.963508,-35.862281,-36.086202,-36.540588,-37.217461,-38.340571,-39.228938,-39.151127,-38.540544,-36.52004,-33.697418,-32.126948,-31.434036,-32.164399,-33.412695,-33.921761,-34.490453,-34.774645,-35.500953,-37.292621,-37.807156,-37.783525,-38.078689,-39.050037,-39.868813,-37.924733,-33.941257,-31.252305,-29.629619,-29.125754,-28.75798,-27.853961,-27.028715,-27.153374,-28.743535,-32.750562,-39.022875,-42.735885,-38.849029,-35.529624,-33.925422,-34.783592,-37.70696,-41.704654,-38.619736,-33.75796,-29.958517,-26.865032,-24.376816,-23.772194,-24.181351,-25.44032,-27.490896,-28.424215,-28.407085,-28.871435,-30.639363,-33.88366,-38.791277,-47.301942,-47.804924,-38.607315,-34.304265,-32.085261,-31.025985,-30.741334,-30.030574,-29.215286,-27.680684,-26.203775,-25.937319,-26.801281,-30.018037,-38.14464,-35.305653,-30.719908,-28.736455,-27.38389,-27.024833,-27.269217,-28.648085,-32.958081,-33.404838,-29.136015,-27.040712,-27.54626,-34.464776,-29.883344,-22.287597,-21.857365,-25.613451
"BUR001",2022-07-24,2022-07-24 11:03:00,2022-07-26,"burbot",271,465,NA,712,204,31,"N","1",1,110,NA,NA,0,"A","MD","Region_11","Region_11_5632"," 15:18:25.3750",0.128760999999999,0.76227,0.2108,9.24702938869364,13.64873,-1.1037,-3.5598,-0.262393,-0.847289,0.179583,0.232403,13.619878,5632,5628,5715,52,-40.388465,14.267776,1.2169,0.608691,13.065,15.8993,0.020224,15.5,14.236092,14.556295,13.598013,0.613635,0.896437,1.856296,1.197125,0.916661,1.87652,1.217349,-45.268723,-46.173419,-46.874984,-46.922542,-46.846159,-46.577133,-47.040253,-48.220469,-49.821937,-51.503522,-52.904318,-54.276812,-53.543721,-49.508348,-45.491783,-42.527983,-40.473003,-39.155373,-38.505227,-38.497104,-39.091589,-40.199845,-41.522155,-42.274534,-41.606451,-39.894134,-38.067817,-36.683827,-35.855891,-35.655015,-36.103842,-37.14285,-38.741447,-40.579616,-42.110833,-43.029174,-43.553891,-44.294582,-45.587978,-47.580104,-49.307885,-47.50453,-43.93696,-41.03888,-38.834987,-37.053574,-35.634526,-34.468142,-33.685013,-33.317913,-33.466837,-34.089543,-34.989429,-35.897402,-36.527489,-36.694694,-36.477135,-36.171499,-36.249928,-37.2163,-39.754446,-45.477722,-47.753541,-39.473319,-34.961194,-32.265317,-30.44963,-29.129509,-27.998303,-26.989774,-26.07438,-25.327818,-24.746866,-24.367939,-24.150157,-24.119327,-24.335027,-24.915353,-26.071086,-27.984407,-30.788592,-33.630264,-33.723757,-31.839885,-30.554951,-30.82212,-33.123049,-37.172642,-35.887473,-31.923743,NA,NA,NA,NA,NA,NA,NA,NA,NA,NA,NA,NA,NA,NA,NA,NA,NA,NA,NA,NA,NA,NA,NA,NA,NA,NA,NA,NA,NA,NA,NA,NA,NA,NA,NA,NA,NA,NA,NA,NA,NA,NA,NA,NA,NA,NA,NA,NA,NA,NA,NA,NA,NA,NA,NA,NA,NA,NA,NA,NA,NA,NA,NA,NA,NA,NA,NA,NA,NA,NA,NA,NA,NA,NA,NA,NA,NA,NA,NA,NA,NA,NA,NA,NA,NA,NA,NA,NA,NA,NA,NA,NA,NA,NA,NA,NA,NA,NA,NA,NA,NA,NA,NA,NA,NA,NA,NA,NA,NA,NA,NA,NA,NA,NA,NA,NA,NA,NA,NA,NA,NA,NA,NA,NA,NA,NA,NA,NA,NA,NA,NA,NA,NA,NA,NA,NA,NA,NA,NA,NA,NA,NA,NA,NA,NA,NA,NA,NA,NA,NA,NA,NA,NA,NA,NA,NA,NA,NA,NA,NA,NA,-33.553506,-34.0527,-34.319912,-34.402768,-34.508643,-35.625892,-37.214426,-39.086899,-41.821374,-44.553563,-42.798582,-38.384591,-34.883208,-32.662143,-31.335695,-30.846814,-30.762122,-31.030984,-31.718007,-32.899889,-34.872362,-37.873998,-42.117344,-43.784251,-39.470618,-35.536457,-32.841285,-31.212407,-30.422526,-30.639625,-31.550508,-33.101082,-34.696845,-35.386536,-35.186752,-34.856526,-35.041422,-36.144048,-38.104967,-40.70764,-42.240592,-39.901877,-36.383259,-33.783749,-31.875704,-30.623272,-29.888614,-29.58885,-29.780944,-30.622872,-31.998489,-34.03111,-36.47432,-37.911064,-36.405397,-33.367551,-30.968603,-29.79033,-29.450482,-29.622392,-30.127045,-30.458637,-30.932897,-31.745512,-32.697594,-34.546167,-36.43578,-38.18055,-39.906689,-41.464558,-41.998511,-40.64569,-38.518371,-36.760827,-35.595428,-34.840587,-34.30209,-33.86436,-33.805642,-33.875219,-34.032535,-34.785793,-35.559269,-36.69472,-37.581295,-36.881962,-35.748777,-35.6494,-36.179883,-37.333361,-38.393518,-38.566083,-38.306849,-36.786423,-34.527383,-33.490932,-33.203481,-34.172682,-35.434737,-35.695854,-35.908658,-35.816744,-35.966893,-36.861462,-37.172572,-38.112591,-39.102285,-39.538015,-38.775106,-35.807459,-32.066694,-29.822138,-28.592701,-28.465682,-28.371379,-27.442834,-26.405468,-26.278505,-27.604206,-31.339758,-37.659144,-48.07233,-48.497886,-42.656271,-41.051898,-43.637326,-50.431178,-43.379088,-37.92703,-34.487027,-31.519469,-28.720214,-26.358126,-25.937292,-26.558946,-27.987013,-30.117056,-31.121419,-31.458356,-32.499163,-34.872433,-38.135717,-41.04412,-44.800433,-62.492171,-43.463822,-36.83733,-33.645073,-32.1565,-32.045015,-31.825564,-30.804823,-28.639164,-26.720485,-26.161262,-26.542906,-28.347622,-31.640555,-32.297283,-30.646371,-28.718895,-27.071752,-26.757189,-27.402883,-29.655448,-37.550989,-36.840874,-27.742007,-23.639898,-21.656237,-22.087667,-26.412926,-35.659585,-39.711542,-37.219716
"BUR001",2022-07-24,2022-07-24 11:03:00,2022-07-26,"burbot",271,465,NA,712,204,31,"N","1",1,110,NA,NA,0,"A","MD","Region_11","Region_11_5633"," 15:18:25.5230",0.0468229999999998,1.08784,-0.5695,2.18378696228843,13.777491,-0.34143,-3.349,-0.08196,-0.804825,0.09829,0.032897,13.75372,5633,5628,5715,52,-40.388465,14.267776,1.2169,0.608691,13.065,15.8993,0.020224,15.5,14.236092,14.556295,13.598013,0.613635,0.896437,1.856296,1.197125,0.916661,1.87652,1.217349,-57.303102,-53.724304,-52.004321,-51.106923,-50.577577,-49.159257,-47.726871,-46.779915,-46.551789,-47.37092,-49.307089,-51.683042,-51.03101,-48.280451,-45.694145,-43.449315,-41.524284,-40.029334,-39.10334,-38.835806,-39.207238,-40.111562,-41.241361,-41.99794,-41.838471,-40.905366,-39.748268,-38.816697,-38.20405,-37.963165,-38.105294,-38.540565,-39.216207,-39.933591,-40.55726,-41.212711,-42.108199,-43.747613,-46.725944,-51.367533,-52.651616,-49.897848,-46.997477,-43.479233,-40.327848,-37.868498,-36.083538,-34.836478,-34.280232,-34.489411,-35.452874,-36.705927,-37.526296,-37.619596,-37.243756,-36.767939,-36.473651,-36.522144,-37.123206,-38.602892,-41.796418,-50.178647,-48.972623,-40.072136,-36.04013,-33.711752,-32.156506,-31.054518,-30.156894,-29.372884,-28.561936,-27.70733,-26.833365,-26.102134,-25.608119,-25.466453,-25.766196,-26.65436,-28.370906,-31.192619,-35.499707,-40.354371,-40.351506,-38.221508,-36.951287,-36.210847,-35.608175,-35.40279,-35.944075,-37.170443,NA,NA,NA,NA,NA,NA,NA,NA,NA,NA,NA,NA,NA,NA,NA,NA,NA,NA,NA,NA,NA,NA,NA,NA,NA,NA,NA,NA,NA,NA,NA,NA,NA,NA,NA,NA,NA,NA,NA,NA,NA,NA,NA,NA,NA,NA,NA,NA,NA,NA,NA,NA,NA,NA,NA,NA,NA,NA,NA,NA,NA,NA,NA,NA,NA,NA,NA,NA,NA,NA,NA,NA,NA,NA,NA,NA,NA,NA,NA,NA,NA,NA,NA,NA,NA,NA,NA,NA,NA,NA,NA,NA,NA,NA,NA,NA,NA,NA,NA,NA,NA,NA,NA,NA,NA,NA,NA,NA,NA,NA,NA,NA,NA,NA,NA,NA,NA,NA,NA,NA,NA,NA,NA,NA,NA,NA,NA,NA,NA,NA,NA,NA,NA,NA,NA,NA,NA,NA,NA,NA,NA,NA,NA,NA,NA,NA,NA,NA,NA,NA,NA,NA,NA,NA,NA,NA,NA,NA,NA,NA,NA,-36.371999,-37.001911,-36.303902,-35.290928,-34.839277,-35.889571,-37.879241,-40.447117,-44.029779,-48.59628,-49.832187,-43.814401,-38.669682,-35.292219,-33.281465,-32.52123,-32.568823,-33.034828,-33.486533,-33.761378,-34.259426,-35.489735,-37.888182,-40.699608,-39.446172,-35.737409,-33.005151,-31.418186,-30.702379,-30.800734,-31.202929,-31.506779,-31.553113,-31.740629,-32.541585,-33.953787,-35.783784,-37.812781,-39.257791,-39.552439,-39.18105,-38.830602,-38.095909,-36.297316,-33.699932,-31.562868,-30.352163,-29.979051,-30.299371,-31.181419,-32.304949,-33.723253,-35.525818,-37.750071,-39.214562,-36.59313,-33.256745,-31.342552,-30.354853,-29.772896,-29.391944,-28.851041,-28.585264,-28.979961,-30.000951,-32.313131,-34.883434,-36.878897,-38.272479,-39.440475,-40.363563,-40.514103,-39.778923,-38.737034,-37.811141,-37.11646,-36.702442,-36.494755,-36.481496,-36.230618,-35.803452,-35.934188,-36.175346,-36.667875,-37.268708,-37.302055,-37.168632,-37.648821,-38.643572,-40.645321,-43.025111,-44.69993,-44.98014,-42.237382,-38.426084,-36.107021,-34.849735,-35.120232,-36.122455,-36.874238,-38.178636,-39.342687,-39.855679,-39.299077,-37.900631,-37.90602,-38.934167,-40.713787,-41.642731,-39.538831,-35.942245,-33.138849,-30.933081,-29.706242,-29.027214,-28.683842,-28.839796,-29.636944,-30.963993,-33.169115,-35.710383,-37.76985,-39.236445,-39.861257,-40.143412,-41.279306,-43.005394,-45.878567,-48.633328,-44.353574,-38.549251,-34.336684,-31.352181,-30.238315,-29.858158,-29.923672,-30.577507,-31.119163,-32.040169,-33.283149,-34.822586,-36.629072,-38.584175,-40.328457,-41.266904,-41.159028,-40.394138,-39.327658,-37.87946,-36.184029,-34.19469,-33.174369,-32.276618,-31.51711,-31.483572,-31.756579,-32.228058,-32.0273,-30.094443,-28.813453,-28.094119,-27.850519,-28.925725,-31.467736,-36.91583,-36.686167,-29.741412,-25.711839,-23.288454,-21.417459,-20.254609,-20.248969,-20.506114,-22.461806,-24.317161
"BUR001",2022-07-24,2022-07-24 11:03:00,2022-07-26,"burbot",271,465,NA,712,204,31,"N","1",1,110,NA,NA,0,"A","MD","Region_11","Region_11_5634"," 15:18:25.6760",NA,NA,NA,NA,13.824314,0.74641,-3.9185,0.179667,-0.944642,0.087277,0.02299,13.790831,5634,5628,5715,52,-40.388465,14.267776,1.2169,0.608691,13.065,15.8993,0.020224,15.5,14.236092,14.556295,13.598013,0.613635,0.896437,1.856296,1.197125,0.916661,1.87652,1.217349,-52.572601,-51.281133,-51.098883,-50.902901,-49.847886,-47.778164,-46.271186,-45.492299,-45.397211,-46.228891,-47.955421,-49.910492,-49.516734,-47.424155,-45.319688,-43.426602,-41.704969,-40.294479,-39.387831,-39.09736,-39.460644,-40.421136,-41.758265,-42.89896,-43.004358,-41.97743,-40.573055,-39.43953,-38.722358,-38.451089,-38.58041,-38.964288,-39.49194,-39.965929,-40.368937,-40.948795,-41.92917,-43.784806,-47.140355,-53.099905,-56.503343,-52.493205,-49.055147,-45.169949,-41.76505,-39.123765,-37.176879,-35.769807,-35.058134,-35.109726,-35.922753,-37.050983,-37.823207,-37.969392,-37.66228,-37.171308,-36.753178,-36.582013,-36.885007,-38.003368,-40.627606,-46.823921,-50.650756,-41.503614,-37.330134,-34.998329,-33.422348,-32.264213,-31.297088,-30.462514,-29.6403,-28.79399,-27.906343,-27.114545,-26.506594,-26.187541,-26.261844,-26.840858,-28.145978,-30.403237,-34.003266,-39.541264,-45.863105,-43.297141,-40.428035,-39.403433,-39.030514,-38.938477,-39.737925,-41.940837,NA,NA,NA,NA,NA,NA,NA,NA,NA,NA,NA,NA,NA,NA,NA,NA,NA,NA,NA,NA,NA,NA,NA,NA,NA,NA,NA,NA,NA,NA,NA,NA,NA,NA,NA,NA,NA,NA,NA,NA,NA,NA,NA,NA,NA,NA,NA,NA,NA,NA,NA,NA,NA,NA,NA,NA,NA,NA,NA,NA,NA,NA,NA,NA,NA,NA,NA,NA,NA,NA,NA,NA,NA,NA,NA,NA,NA,NA,NA,NA,NA,NA,NA,NA,NA,NA,NA,NA,NA,NA,NA,NA,NA,NA,NA,NA,NA,NA,NA,NA,NA,NA,NA,NA,NA,NA,NA,NA,NA,NA,NA,NA,NA,NA,NA,NA,NA,NA,NA,NA,NA,NA,NA,NA,NA,NA,NA,NA,NA,NA,NA,NA,NA,NA,NA,NA,NA,NA,NA,NA,NA,NA,NA,NA,NA,NA,NA,NA,NA,NA,NA,NA,NA,NA,NA,NA,NA,NA,NA,NA,NA,-34.174402,-35.227271,-35.642752,-35.254077,-34.537461,-34.880805,-35.767826,-36.9984,-39.200722,-42.821537,-49.170402,-54.665764,-46.552327,-40.924747,-36.562456,-33.759219,-32.232551,-31.82036,-32.25326,-33.083597,-34.075213,-35.047878,-36.307272,-37.904259,-38.615313,-36.410048,-33.230078,-30.756846,-29.10465,-28.541555,-28.662091,-29.357535,-30.013043,-30.25872,-30.686472,-31.58241,-33.153215,-35.553775,-37.848292,-38.401388,-37.700422,-37.225934,-36.996344,-36.057852,-33.575894,-31.087848,-29.281541,-28.189548,-27.772962,-28.05927,-28.813357,-30.175411,-32.15029,-34.848798,-38.979471,-41.344574,-37.249974,-33.781515,-31.578413,-30.134834,-29.181516,-28.129856,-27.334923,-26.95689,-26.884473,-28.18136,-29.973935,-32.120319,-34.459388,-36.678008,-38.634669,-40.215983,-41.567026,-42.726084,-43.0107,-41.725534,-39.725174,-37.794698,-36.410983,-35.254098,-34.429466,-34.663873,-35.017958,-35.626423,-36.240452,-36.45352,-36.866924,-38.008083,-39.566703,-42.171095,-45.644134,-49.20764,-49.197371,-43.674202,-38.939907,-36.535526,-35.117517,-35.156774,-35.766194,-35.706054,-36.03887,-36.154261,-36.414546,-37.860439,-39.393828,-41.768586,-43.983413,-45.165952,-45.150167,-43.072495,-39.116864,-36.013078,-33.450736,-31.875324,-30.829391,-29.787137,-29.242488,-29.356873,-30.031259,-31.715108,-33.467097,-34.821196,-36.518008,-39.047651,-41.959802,-41.273372,-37.648268,-34.92507,-33.353025,-32.122678,-31.502759,-31.558526,-31.685122,-32.759426,-33.232102,-33.108164,-33.328595,-33.558966,-34.672159,-36.981364,-41.282048,-48.413212,-43.101006,-37.704616,-34.823826,-33.215989,-32.080641,-30.648675,-28.82005,-27.426773,-26.261349,-26.674339,-27.057828,-26.904575,-27.002568,-26.735501,-26.824431,-28.393086,-30.348049,-33.23236,-34.684698,-33.64573,-31.337603,-27.531398,-23.417061,-21.594775,-20.538535,-20.011087,-20.124451,-20.169412,-20.992701,-23.569861,-25.424243,-24.157029,-22.269386
"BUR001",2022-07-24,2022-07-24 11:03:00,2022-07-26,"burbot",271,465,NA,712,204,31,"N","1",1,110,NA,NA,0,"A","MD","Region_11","Region_11_5641"," 15:18:26.7270",0.0117049999999992,-0.42904,0.7365,0.786767986219264,13.999898,1.1822,-4.1837,0.288065,-1.021144,0.019546,0.215239,13.959635,5641,5628,5715,52,-40.388465,14.267776,1.2169,0.608691,13.065,15.8993,0.020224,15.5,14.236092,14.556295,13.598013,0.613635,0.896437,1.856296,1.197125,0.916661,1.87652,1.217349,-54.87881,-56.443384,-55.042606,-51.78201,-49.44959,-47.798331,-46.993095,-46.451881,-45.535921,-44.077879,-42.266345,-40.838579,-40.06268,-40.182022,-41.01958,-42.502669,-44.450381,-46.597124,-48.216204,-47.834407,-45.617401,-43.226244,-41.400101,-40.244387,-39.734424,-39.911253,-40.901045,-43.135818,-47.51823,-57.271505,-53.021804,-46.733184,-43.619356,-41.687132,-40.401028,-39.68698,-39.477845,-39.964481,-41.336085,-43.885335,-46.692402,-45.425305,-42.632808,-40.936932,-40.104684,-39.797805,-39.929798,-40.380664,-41.228074,-42.29174,-43.291378,-43.815165,-43.667396,-43.030141,-42.142265,-41.112463,-40.033334,-38.970586,-38.046566,-37.372742,-36.977389,-36.867166,-36.954607,-37.148507,-37.377047,-37.766114,-38.421572,-39.64584,-41.687712,-45.12704,-50.993927,-53.194919,-47.147456,-43.455532,-41.086622,-39.276502,-37.653291,-36.002497,-34.346285,-32.766075,-31.427576,-30.413085,-29.696704,-29.29464,-29.144772,-29.537572,-30.509483,-32.280182,-34.874336,-37.653208,NA,NA,NA,NA,NA,NA,NA,NA,NA,NA,NA,NA,NA,NA,NA,NA,NA,NA,NA,NA,NA,NA,NA,NA,NA,NA,NA,NA,NA,NA,NA,NA,NA,NA,NA,NA,NA,NA,NA,NA,NA,NA,NA,NA,NA,NA,NA,NA,NA,NA,NA,NA,NA,NA,NA,NA,NA,NA,NA,NA,NA,NA,NA,NA,NA,NA,NA,NA,NA,NA,NA,NA,NA,NA,NA,NA,NA,NA,NA,NA,NA,NA,NA,NA,NA,NA,NA,NA,NA,NA,NA,NA,NA,NA,NA,NA,NA,NA,NA,NA,NA,NA,NA,NA,NA,NA,NA,NA,NA,NA,NA,NA,NA,NA,NA,NA,NA,NA,NA,NA,NA,NA,NA,NA,NA,NA,NA,NA,NA,NA,NA,NA,NA,NA,NA,NA,NA,NA,NA,NA,NA,NA,NA,NA,NA,NA,NA,NA,NA,NA,NA,NA,NA,NA,NA,NA,NA,NA,NA,NA,NA,-29.544637,-29.499769,-29.574243,-29.746275,-30.069011,-31.563979,-33.357541,-35.069344,-36.726324,-37.117785,-35.746619,-33.612019,-31.867275,-30.976941,-30.747194,-31.481004,-32.752387,-34.616663,-37.225815,-40.79753,-46.277772,-52.938159,-49.791037,-46.528043,-45.360583,-45.376982,-46.402875,-48.666396,-52.458443,-57.813078,-55.127596,-49.703835,-45.550237,-42.116129,-39.467422,-37.231699,-35.329995,-33.981927,-32.973676,-32.182305,-31.862137,-32.076556,-33.038998,-35.816786,-41.811653,-46.312984,-36.979383,-32.668943,-30.489454,-29.681273,-29.704244,-30.603431,-32.365068,-35.322028,-41.97734,-49.556255,-37.708826,-33.840121,-32.163608,-31.494477,-31.41756,-31.313528,-31.684686,-32.728771,-34.098623,-35.83862,-35.265493,-33.164832,-31.03265,-29.255771,-28.113586,-27.607577,-27.718155,-28.410036,-29.651695,-31.459928,-33.873693,-36.281282,-37.363346,-36.009101,-34.207901,-33.817084,-33.858707,-34.337427,-34.699198,-34.502742,-34.435446,-34.906258,-35.326857,-36.062653,-36.716196,-36.437153,-36.50395,-37.184184,-39.362078,-45.855591,-56.115891,-47.345729,-44.054301,-41.495601,-39.706523,-37.559995,-35.209324,-33.91981,-32.534136,-31.901435,-31.592212,-31.089442,-30.480757,-29.906313,-29.643953,-31.104078,-32.930469,-34.962369,-35.736852,-34.726827,-33.804065,-33.715057,-34.261369,-35.424269,-36.028075,-36.469017,-37.978265,-41.691134,-53.385293,-43.983961,-36.783899,-32.785745,-30.28712,-28.085274,-26.501987,-25.699363,-25.151069,-26.209832,-27.29055,-28.1804,-29.793899,-31.739324,-34.799181,-38.200564,-39.000359,-37.675325,-36.834421,-36.79051,-37.020222,-36.813522,-35.91016,-34.454743,-32.857343,-31.924333,-31.149858,-32.021315,-32.783204,-32.859279,-33.275155,-33.338418,-33.88667,-35.860023,-36.332478,-35.40281,-33.676653,-31.578301,-30.428146,-29.232776,-28.778317,-31.622325,-31.973997,-26.857484,-22.516891,-18.580765,-15.256614,-12.858208,-10.452803,-10.514143,-11.003665
"BUR001",2022-07-24,2022-07-24 11:03:00,2022-07-26,"burbot",271,465,NA,712,204,31,"N","1",1,110,NA,NA,0,"A","MD","Region_11","Region_11_5642"," 15:18:26.8850",0,-0.12039,0.5124,0,14.011603,0.75316,-3.4472,0.183846,-0.842437,0.095024,0.005545,13.985046,5642,5628,5715,52,-40.388465,14.267776,1.2169,0.608691,13.065,15.8993,0.020224,15.5,14.236092,14.556295,13.598013,0.613635,0.896437,1.856296,1.197125,0.916661,1.87652,1.217349,-57.004989,-58.00811,-56.448705,-52.335647,-48.949639,-46.579613,-45.483238,-45.202332,-45.201351,-44.82838,-43.434568,-41.695327,-40.291444,-39.68125,-39.761847,-40.45308,-41.639319,-43.222013,-45.132462,-47.059868,-47.642634,-45.850112,-43.329396,-41.262226,-39.866172,-39.152421,-39.13834,-40.026471,-42.052843,-45.829622,-53.596842,-61.437823,-48.72509,-43.903656,-40.98464,-39.149869,-38.072494,-37.774436,-38.348251,-40.116666,-43.638531,-47.352166,-44.70997,-41.398964,-39.416905,-38.25479,-37.69487,-37.543664,-37.847217,-38.509997,-39.493073,-40.698281,-41.883457,-42.656062,-42.691492,-41.970485,-40.740612,-39.27783,-37.853452,-36.623563,-35.658674,-35.01754,-34.72677,-34.847513,-35.331589,-36.145936,-37.15753,-38.444278,-40.115617,-42.579458,-46.607307,-54.544339,-53.622645,-46.36571,-42.518802,-39.906999,-37.712921,-35.589667,-33.521377,-31.617118,-30.056822,-28.842528,-27.901027,-27.213059,-26.691303,-26.550565,-27.000086,-28.320995,-30.57704,-33.413665,NA,NA,NA,NA,NA,NA,NA,NA,NA,NA,NA,NA,NA,NA,NA,NA,NA,NA,NA,NA,NA,NA,NA,NA,NA,NA,NA,NA,NA,NA,NA,NA,NA,NA,NA,NA,NA,NA,NA,NA,NA,NA,NA,NA,NA,NA,NA,NA,NA,NA,NA,NA,NA,NA,NA,NA,NA,NA,NA,NA,NA,NA,NA,NA,NA,NA,NA,NA,NA,NA,NA,NA,NA,NA,NA,NA,NA,NA,NA,NA,NA,NA,NA,NA,NA,NA,NA,NA,NA,NA,NA,NA,NA,NA,NA,NA,NA,NA,NA,NA,NA,NA,NA,NA,NA,NA,NA,NA,NA,NA,NA,NA,NA,NA,NA,NA,NA,NA,NA,NA,NA,NA,NA,NA,NA,NA,NA,NA,NA,NA,NA,NA,NA,NA,NA,NA,NA,NA,NA,NA,NA,NA,NA,NA,NA,NA,NA,NA,NA,NA,NA,NA,NA,NA,NA,NA,NA,NA,NA,NA,NA,-32.844411,-32.014482,-31.414396,-31.144018,-31.279012,-32.496118,-34.05949,-35.583712,-37.556586,-39.875142,-40.850024,-38.282794,-34.923091,-32.579687,-31.224293,-30.841159,-31.041393,-31.719318,-32.913925,-34.798209,-37.889681,-43.171594,-55.665118,-52.388202,-46.560408,-45.386645,-46.439791,-49.542632,-54.137849,-51.709015,-46.887926,-44.193182,-42.878791,-42.111395,-41.28222,-39.805865,-37.763884,-35.80762,-34.166374,-32.902292,-32.06696,-31.590712,-31.299253,-31.639996,-32.912408,-36.403509,-46.264677,-39.811931,-33.253936,-30.464008,-29.235373,-28.993354,-29.407906,-30.34712,-32.481204,-36.796123,-43.48399,-39.032557,-35.32823,-33.861979,-33.522185,-33.36871,-33.371921,-33.610827,-34.182593,-36.423426,-39.929621,-41.254919,-37.718597,-34.385341,-32.112466,-30.615474,-29.68646,-29.19995,-29.090396,-29.372238,-30.165173,-31.57195,-34.011475,-37.536927,-40.155973,-37.642022,-34.729857,-33.181059,-32.616333,-32.288608,-32.254426,-32.559742,-32.667942,-33.101378,-33.477775,-33.172783,-33.044756,-33.107734,-34.036454,-37.170606,-42.019475,-49.824311,-59.186807,-57.535207,-55.707078,-50.237588,-42.727118,-37.368762,-33.393764,-31.353602,-30.280082,-29.842399,-29.559549,-29.104615,-28.808823,-29.334006,-30.067626,-31.49444,-33.205678,-34.366665,-34.016355,-32.607416,-31.393966,-31.247249,-31.571541,-31.817106,-32.588338,-34.249413,-37.705192,-46.136591,-43.028712,-36.166021,-32.62737,-30.15488,-28.417271,-27.291583,-26.475103,-26.907777,-27.641657,-28.607807,-30.221494,-31.96878,-34.472014,-37.331758,-38.540296,-37.225227,-35.611819,-34.532472,-33.897062,-33.580407,-33.625189,-34.226449,-35.615078,-38.21957,-39.723848,-37.265473,-33.93771,-31.276005,-29.675255,-28.501258,-28.145256,-29.337219,-31.106223,-32.96861,-32.522827,-30.774517,-29.667588,-28.867039,-28.267547,-29.196987,-30.045098,-29.608184,-27.058874,-22.914009,-18.909625,-16.125481,-13.868065,-13.589568,-13.470572
"BUR001",2022-07-24,2022-07-24 11:03:00,2022-07-26,"burbot",271,465,NA,712,204,31,"N","1",1,110,NA,NA,0,"A","MD","Region_11","Region_11_5643"," 15:18:27.0320",0.0117060000000002,0.08253,0.2616,2.44358082726268,14.011603,0.63277,-2.9348,0.154536,-0.717337,0.121442,0.087899,13.992375,5643,5628,5715,52,-40.388465,14.267776,1.2169,0.608691,13.065,15.8993,0.020224,15.5,14.236092,14.556295,13.598013,0.613635,0.896437,1.856296,1.197125,0.916661,1.87652,1.217349,-57.429046,-60.785007,-58.06073,-52.30308,-48.453007,-45.882577,-44.58592,-44.127578,-44.21853,-44.580253,-44.312116,-43.015559,-41.31414,-40.157401,-39.653798,-39.72729,-40.252297,-41.135588,-42.419589,-44.306656,-46.856132,-48.641789,-46.760871,-43.624758,-41.197863,-39.619641,-38.816768,-38.893866,-39.909152,-42.018002,-45.553386,-52.180706,-62.25145,-47.922383,-42.525706,-39.412084,-37.476521,-36.471075,-36.355912,-37.330196,-39.898303,-44.682672,-48.139854,-43.969885,-40.608615,-38.4701,-37.082428,-36.125386,-35.613544,-35.535271,-35.98446,-36.956057,-38.294348,-39.725982,-40.898093,-41.475001,-41.258243,-40.230387,-38.653004,-36.865135,-35.18712,-33.874913,-33.085918,-32.964448,-33.49901,-34.669426,-36.316884,-38.396934,-40.833879,-43.859044,-48.1448,-55.819265,-55.107287,-47.814451,-43.626876,-40.549874,-37.825697,-35.233641,-32.827472,-30.726085,-29.100125,-27.917898,-27.104248,-26.629333,-26.369697,-26.433163,-27.034453,-28.386034,-30.47816,-32.880597,NA,NA,NA,NA,NA,NA,NA,NA,NA,NA,NA,NA,NA,NA,NA,NA,NA,NA,NA,NA,NA,NA,NA,NA,NA,NA,NA,NA,NA,NA,NA,NA,NA,NA,NA,NA,NA,NA,NA,NA,NA,NA,NA,NA,NA,NA,NA,NA,NA,NA,NA,NA,NA,NA,NA,NA,NA,NA,NA,NA,NA,NA,NA,NA,NA,NA,NA,NA,NA,NA,NA,NA,NA,NA,NA,NA,NA,NA,NA,NA,NA,NA,NA,NA,NA,NA,NA,NA,NA,NA,NA,NA,NA,NA,NA,NA,NA,NA,NA,NA,NA,NA,NA,NA,NA,NA,NA,NA,NA,NA,NA,NA,NA,NA,NA,NA,NA,NA,NA,NA,NA,NA,NA,NA,NA,NA,NA,NA,NA,NA,NA,NA,NA,NA,NA,NA,NA,NA,NA,NA,NA,NA,NA,NA,NA,NA,NA,NA,NA,NA,NA,NA,NA,NA,NA,NA,NA,NA,NA,NA,NA,-34.177642,-32.99067,-32.070561,-31.518797,-31.476082,-32.577441,-34.32954,-36.394773,-39.189064,-42.125139,-42.369042,-39.423036,-36.208839,-33.775577,-32.196865,-31.569949,-31.797524,-32.85229,-34.738738,-37.540699,-41.456921,-46.843617,-53.706259,-54.539004,-51.223224,-49.651478,-49.824634,-51.945205,-56.491557,-56.597365,-50.689585,-46.775463,-44.131735,-42.061978,-40.190426,-38.362387,-36.549736,-34.912144,-33.434348,-32.183219,-31.271004,-30.898227,-31.063851,-32.175017,-34.492625,-39.04031,-49.30766,-42.032665,-36.017599,-33.056956,-31.386552,-30.575368,-30.450674,-30.934562,-32.454063,-35.217858,-38.287918,-38.132529,-35.60668,-33.303204,-31.621549,-30.274351,-29.552523,-29.782954,-30.867406,-33.371159,-36.441785,-37.514505,-35.030842,-32.040363,-29.7959,-28.393586,-27.791056,-27.947642,-28.815587,-30.329578,-32.40738,-34.910063,-37.623024,-39.729503,-40.361894,-39.871743,-38.592455,-37.018579,-35.482225,-33.86481,-32.727681,-32.428578,-32.342509,-32.712226,-33.048123,-32.969293,-33.24385,-33.819808,-35.185221,-37.782595,-40.246542,-43.062062,-46.202586,-48.064619,-46.431949,-42.404722,-38.59359,-35.82954,-33.507604,-32.463012,-31.815507,-31.658109,-31.431413,-30.761927,-30.228033,-30.19514,-30.479551,-31.580608,-33.167507,-34.904768,-35.433985,-34.058649,-32.093076,-30.821561,-30.272628,-30.036747,-30.550847,-31.745513,-33.96038,-37.858573,-38.71517,-34.477622,-30.846436,-28.134272,-26.170596,-24.860098,-24.083826,-24.433619,-25.19246,-26.248043,-27.654453,-28.77307,-29.993325,-31.105725,-31.882824,-32.247074,-32.290642,-32.114249,-31.760496,-31.292032,-30.867035,-30.818442,-31.19535,-31.932237,-32.109293,-31.297251,-29.370003,-27.554125,-26.531582,-26.03839,-26.194967,-27.093668,-27.630249,-27.757521,-27.037535,-26.084198,-25.780409,-26.151656,-26.989084,-29.133982,-31.45765,-33.055033,-32.278861,-29.408344,-26.594567,-24.716119,-22.797127,-21.823703,-20.75869
"BUR001",2022-07-24,2022-07-24 11:03:00,2022-07-26,"burbot",271,465,NA,712,204,31,"N","1",1,110,NA,NA,0,"A","MD","Region_11","Region_11_5644"," 15:18:27.1830",-0.0234109999999994,-0.01227,-0.3579,-3.74031590224759,14.023309,0.7153,-2.6732,0.174876,-0.653983,0.083848,0.016848,14.006959,5644,5628,5715,52,-40.388465,14.267776,1.2169,0.608691,13.065,15.8993,0.020224,15.5,14.236092,14.556295,13.598013,0.613635,0.896437,1.856296,1.197125,0.916661,1.87652,1.217349,-73.923575,-66.432848,-58.114597,-52.456893,-48.623921,-45.992732,-44.662104,-44.235656,-44.499421,-45.297066,-45.634754,-44.448371,-42.424188,-40.956156,-40.22508,-40.097358,-40.394685,-40.980797,-41.883059,-43.343591,-45.646285,-48.600395,-48.828203,-45.426541,-42.351311,-40.299997,-39.155248,-38.948543,-39.645631,-41.274283,-43.979678,-48.699264,-62.744309,-50.008503,-43.155462,-39.527021,-37.32186,-36.12521,-35.830077,-36.575304,-38.762334,-42.912842,-48.100982,-46.053358,-42.122197,-39.437674,-37.558168,-36.105554,-35.102381,-34.6212,-34.849454,-35.799979,-37.255317,-38.871874,-40.282217,-41.201492,-41.433711,-40.771564,-39.244972,-37.209564,-35.168388,-33.516555,-32.481776,-32.238063,-32.781564,-34.112909,-36.133163,-38.895952,-42.475579,-47.413454,-55.60623,-55.815752,-48.332849,-44.220451,-41.291584,-38.713752,-36.088669,-33.447779,-31.019855,-28.990008,-27.525292,-26.558377,-25.994725,-25.79479,-25.832503,-26.200173,-27.15432,-28.903427,-31.364524,-33.879825,NA,NA,NA,NA,NA,NA,NA,NA,NA,NA,NA,NA,NA,NA,NA,NA,NA,NA,NA,NA,NA,NA,NA,NA,NA,NA,NA,NA,NA,NA,NA,NA,NA,NA,NA,NA,NA,NA,NA,NA,NA,NA,NA,NA,NA,NA,NA,NA,NA,NA,NA,NA,NA,NA,NA,NA,NA,NA,NA,NA,NA,NA,NA,NA,NA,NA,NA,NA,NA,NA,NA,NA,NA,NA,NA,NA,NA,NA,NA,NA,NA,NA,NA,NA,NA,NA,NA,NA,NA,NA,NA,NA,NA,NA,NA,NA,NA,NA,NA,NA,NA,NA,NA,NA,NA,NA,NA,NA,NA,NA,NA,NA,NA,NA,NA,NA,NA,NA,NA,NA,NA,NA,NA,NA,NA,NA,NA,NA,NA,NA,NA,NA,NA,NA,NA,NA,NA,NA,NA,NA,NA,NA,NA,NA,NA,NA,NA,NA,NA,NA,NA,NA,NA,NA,NA,NA,NA,NA,NA,NA,NA,-33.173438,-32.149938,-31.50339,-31.283357,-31.566833,-32.889652,-34.790812,-36.941091,-39.864343,-43.281578,-43.198259,-38.898367,-35.170633,-32.892898,-31.957199,-32.331663,-33.96439,-36.939681,-41.619079,-49.368871,-63.611618,-53.509161,-50.116929,-48.425786,-47.242463,-46.029027,-44.425902,-42.666561,-41.326334,-40.809669,-41.096528,-41.765832,-41.866646,-40.547862,-38.009846,-35.262107,-32.808147,-30.857354,-29.389537,-28.465479,-28.163025,-28.711569,-30.0958,-32.603431,-36.000021,-38.81048,-38.672184,-36.486319,-34.079121,-32.336226,-31.404599,-31.387261,-32.337328,-34.211231,-36.547293,-36.6958,-35.166451,-34.217787,-33.359069,-32.204922,-31.197655,-30.507237,-30.65873,-32.285838,-35.973403,-45.472823,-45.5885,-36.746455,-32.571278,-30.054478,-28.52179,-27.853727,-28.054654,-29.150304,-31.086486,-33.475289,-35.281696,-35.904095,-36.301292,-37.308157,-39.710966,-43.887554,-42.306646,-37.196162,-33.823798,-31.642281,-30.718578,-31.146295,-32.086573,-33.440369,-34.367351,-34.437675,-34.417112,-34.334934,-34.917675,-37.22123,-41.239083,-49.599681,-59.171416,-46.150548,-41.373716,-37.854098,-34.964647,-32.90866,-31.250758,-30.897086,-30.875479,-31.28468,-31.426103,-30.931867,-30.578556,-30.677029,-31.272093,-32.92564,-35.367957,-37.607632,-35.945995,-32.507472,-29.86952,-28.500657,-28.222928,-28.520137,-29.844745,-32.251113,-36.385538,-39.166085,-34.005261,-30.139117,-27.726611,-26.083797,-24.982018,-24.287445,-23.907631,-24.299286,-24.984472,-26.075589,-27.813879,-29.913934,-33.05636,-36.667954,-37.294118,-35.02961,-33.199878,-32.351644,-32.45059,-33.534532,-35.71197,-38.889344,-39.947555,-36.719732,-33.088242,-30.705829,-28.850651,-27.582645,-27.085658,-27.230503,-28.347319,-31.044172,-35.551277,-39.428735,-35.0139,-31.093481,-28.736557,-27.383553,-26.531469,-26.904344,-27.700673,-28.508709,-29.096605,-28.907899,-27.866853,-26.383253,-23.998801,-22.323855,-21.097857
"BUR001",2022-07-24,2022-07-24 11:03:00,2022-07-26,"burbot",271,465,NA,712,204,31,"N","1",1,110,NA,NA,0,"A","MD","Region_11","Region_11_5645"," 15:18:27.3400",0.0585280000000008,0.67427,-0.0344000000000002,4.95454327340169,13.999898,0.70303,-3.0311,0.171537,-0.740241,0.097065,0.28631,13.979261,5645,5628,5715,52,-40.388465,14.267776,1.2169,0.608691,13.065,15.8993,0.020224,15.5,14.236092,14.556295,13.598013,0.613635,0.896437,1.856296,1.197125,0.916661,1.87652,1.217349,-58.090525,-68.63675,-56.919993,-50.485289,-47.516196,-45.962668,-45.490194,-45.518352,-45.656362,-45.541254,-44.528357,-42.907434,-41.320429,-40.372442,-40.042434,-40.264703,-40.971078,-42.163495,-44.018106,-46.912964,-50.437358,-49.116263,-44.782218,-41.629473,-39.662395,-38.663931,-38.544539,-39.390972,-41.182777,-44.035116,-48.84675,-61.946898,-49.97818,-43.18701,-39.556604,-37.436342,-36.256348,-35.934535,-36.553678,-38.489293,-42.400945,-46.176226,-43.250329,-40.33798,-38.593266,-37.307696,-36.249026,-35.315102,-34.758399,-34.809831,-35.709561,-37.390597,-39.453671,-41.293337,-42.196871,-41.73473,-40.209828,-38.210456,-36.181928,-34.341595,-32.853886,-31.890891,-31.551236,-31.897175,-32.834876,-34.300889,-36.154984,-38.457039,-41.365252,-45.624652,-52.426471,-49.325036,-43.289137,-39.724894,-37.238801,-35.106869,-32.932429,-30.714335,-28.679256,-27.00588,-25.837338,-25.096972,-24.677168,-24.549131,-24.62447,-25.074452,-26.150883,-28.084422,-30.799617,-33.558801,NA,NA,NA,NA,NA,NA,NA,NA,NA,NA,NA,NA,NA,NA,NA,NA,NA,NA,NA,NA,NA,NA,NA,NA,NA,NA,NA,NA,NA,NA,NA,NA,NA,NA,NA,NA,NA,NA,NA,NA,NA,NA,NA,NA,NA,NA,NA,NA,NA,NA,NA,NA,NA,NA,NA,NA,NA,NA,NA,NA,NA,NA,NA,NA,NA,NA,NA,NA,NA,NA,NA,NA,NA,NA,NA,NA,NA,NA,NA,NA,NA,NA,NA,NA,NA,NA,NA,NA,NA,NA,NA,NA,NA,NA,NA,NA,NA,NA,NA,NA,NA,NA,NA,NA,NA,NA,NA,NA,NA,NA,NA,NA,NA,NA,NA,NA,NA,NA,NA,NA,NA,NA,NA,NA,NA,NA,NA,NA,NA,NA,NA,NA,NA,NA,NA,NA,NA,NA,NA,NA,NA,NA,NA,NA,NA,NA,NA,NA,NA,NA,NA,NA,NA,NA,NA,NA,NA,NA,NA,NA,NA,-32.752879,-31.550124,-30.699035,-30.154154,-29.958996,-30.774075,-32.168328,-34.010449,-37.193583,-42.09794,-41.559166,-36.595584,-33.64623,-32.425409,-32.39983,-33.386807,-35.146558,-37.673042,-41.102723,-45.720364,-50.12712,-47.357873,-43.108567,-40.007478,-37.831926,-36.332115,-35.457044,-35.172372,-35.336633,-35.836287,-36.185542,-35.972308,-34.93889,-33.317764,-31.577776,-29.979776,-28.620355,-27.685227,-27.132347,-26.964119,-27.216098,-27.970432,-29.120088,-30.988326,-33.699642,-37.831816,-42.994809,-41.307846,-37.768687,-36.028226,-35.294354,-35.055329,-34.870989,-34.364541,-33.633157,-32.553716,-31.170881,-29.993581,-29.142364,-28.662349,-28.675009,-29.017596,-30.245125,-33.197762,-38.612387,-38.792877,-33.586513,-30.521259,-28.759651,-27.793285,-27.363263,-27.430858,-27.999672,-28.995072,-30.147117,-31.019559,-31.411793,-31.619293,-32.236081,-33.594612,-36.577077,-42.339473,-40.568,-35.396511,-32.636084,-31.15051,-30.904251,-31.975563,-33.624443,-35.971368,-38.267052,-39.718129,-40.869769,-42.056693,-45.443966,-55.716379,-45.92425,-41.496072,-39.983472,-38.946007,-38.356171,-37.353707,-36.324478,-36.040322,-35.804233,-36.030071,-35.375937,-33.908142,-31.923517,-29.855089,-28.545709,-28.433274,-29.186953,-31.249285,-34.165633,-36.410722,-34.979476,-32.133515,-29.839484,-28.766737,-28.904666,-30.11674,-33.552232,-42.784935,-38.60222,-30.970064,-27.37985,-25.52279,-24.433341,-23.421239,-22.447973,-21.678016,-21.259187,-22.078144,-23.528167,-25.554252,-27.957958,-29.11386,-29.220604,-29.424145,-30.371019,-31.758959,-32.422209,-31.777168,-30.997589,-31.072438,-32.198539,-33.491954,-32.423513,-29.773952,-27.355278,-26.268184,-25.571703,-25.27784,-25.872564,-27.295592,-30.20919,-35.183241,-36.330223,-33.167254,-30.982226,-29.801438,-29.894543,-30.425262,-29.134667,-26.984022,-25.277319,-24.548388,-24.985866,-26.332652,-28.224059,-26.59497,-22.298929,-20.280041,-19.223754
"BUR001",2022-07-24,2022-07-24 11:03:00,2022-07-26,"burbot",271,465,NA,712,204,31,"N","1",1,110,NA,NA,0,"A","MD","Region_11","Region_11_5646"," 15:18:27.4870",0.0351159999999986,0.6395,-0.2481,2.9306401115082,14.058426,1.3773,-3.0655,0.337422,-0.751597,0.044233,0.147941,14.034264,5646,5628,5715,52,-40.388465,14.267776,1.2169,0.608691,13.065,15.8993,0.020224,15.5,14.236092,14.556295,13.598013,0.613635,0.896437,1.856296,1.197125,0.916661,1.87652,1.217349,-60.879026,-70.668863,-59.359216,-52.972471,-49.629659,-47.78465,-47.329431,-47.647265,-47.717903,-46.267667,-43.612267,-41.346138,-39.93668,-39.546004,-39.939349,-40.984442,-42.588735,-44.777437,-47.713137,-50.499099,-48.665685,-44.702741,-41.718658,-39.756754,-38.648508,-38.359525,-38.98007,-40.863996,-44.541462,-51.696591,-57.781174,-48.232796,-43.481224,-40.489454,-38.549877,-37.502379,-37.215915,-37.837994,-39.657901,-43.256961,-46.768211,-43.329115,-40.140632,-38.536018,-37.738318,-37.283511,-37.089214,-37.079546,-37.476812,-38.46604,-40.164744,-42.008028,-42.808261,-42.340968,-41.240203,-39.780182,-38.080987,-36.313414,-34.709508,-33.409275,-32.499523,-32.057188,-32.087881,-32.562542,-33.322274,-34.328399,-35.607419,-37.499492,-40.468702,-45.360903,-48.145599,-42.888095,-39.100291,-36.72499,-34.925485,-33.241244,-31.456872,-29.619481,-27.914646,-26.485651,-25.482424,-24.87307,-24.589493,-24.626528,-24.906104,-25.602805,-26.926857,-29.067805,-31.826487,-34.067099,NA,NA,NA,NA,NA,NA,NA,NA,NA,NA,NA,NA,NA,NA,NA,NA,NA,NA,NA,NA,NA,NA,NA,NA,NA,NA,NA,NA,NA,NA,NA,NA,NA,NA,NA,NA,NA,NA,NA,NA,NA,NA,NA,NA,NA,NA,NA,NA,NA,NA,NA,NA,NA,NA,NA,NA,NA,NA,NA,NA,NA,NA,NA,NA,NA,NA,NA,NA,NA,NA,NA,NA,NA,NA,NA,NA,NA,NA,NA,NA,NA,NA,NA,NA,NA,NA,NA,NA,NA,NA,NA,NA,NA,NA,NA,NA,NA,NA,NA,NA,NA,NA,NA,NA,NA,NA,NA,NA,NA,NA,NA,NA,NA,NA,NA,NA,NA,NA,NA,NA,NA,NA,NA,NA,NA,NA,NA,NA,NA,NA,NA,NA,NA,NA,NA,NA,NA,NA,NA,NA,NA,NA,NA,NA,NA,NA,NA,NA,NA,NA,NA,NA,NA,NA,NA,NA,NA,NA,NA,NA,NA,-30.530076,-29.036148,-28.132764,-27.879869,-28.338486,-30.20956,-32.878985,-35.987786,-39.606873,-41.597879,-40.274992,-38.208657,-36.637951,-35.849475,-35.748686,-36.497798,-37.919424,-39.692736,-40.656772,-39.767309,-38.133996,-36.780831,-35.913837,-35.324569,-34.870819,-34.320495,-33.64521,-32.925282,-32.18288,-31.680373,-31.328323,-31.140973,-30.824142,-30.093102,-29.0598,-27.890481,-26.776039,-25.984328,-25.516119,-25.38649,-25.71047,-26.630128,-28.120727,-30.637547,-34.3768,-40.377434,-51.282555,-46.87555,-42.196576,-39.567706,-37.264033,-35.29828,-33.799999,-32.648528,-31.975313,-31.399861,-30.629433,-30.050006,-29.832796,-29.9954,-30.548037,-31.10589,-31.82149,-32.472871,-31.916362,-30.572595,-28.833352,-27.154484,-25.875602,-25.071606,-24.754383,-24.972989,-25.751459,-26.994707,-28.388551,-29.561797,-30.626545,-32.181304,-35.169399,-41.351905,-49.871729,-38.252075,-34.154737,-32.49701,-32.487585,-33.830224,-37.576818,-46.519013,-50.105629,-44.332717,-44.208677,-47.363349,-57.664279,-44.284598,-37.799981,-35.335013,-34.687625,-35.694477,-37.354259,-38.530105,-39.823523,-40.520865,-40.51975,-39.913556,-37.861793,-35.764392,-33.660644,-32.024332,-30.613518,-29.234733,-28.406291,-28.586524,-29.395697,-31.317987,-34.179508,-38.353329,-44.772525,-46.177103,-40.990007,-38.634213,-38.403979,-39.459104,-39.619916,-35.321215,-30.617568,-27.574302,-25.399823,-24.059769,-23.288711,-22.675559,-22.269016,-22.065364,-21.889909,-22.483095,-23.196065,-24.102782,-25.749615,-27.985678,-31.324496,-32.944057,-30.410088,-27.940492,-26.619708,-26.304793,-26.842269,-28.003396,-29.106817,-29.14924,-28.069917,-27.004311,-26.338479,-26.929416,-27.743351,-28.616754,-29.934068,-31.291301,-32.553513,-32.961564,-31.527225,-30.044206,-28.413197,-26.612608,-25.110996,-23.455396,-21.556771,-20.551409,-19.565181,-18.650782,-18.080211,-17.704792,-17.945421,-19.486837,-21.570525,-23.307484,-21.765178
"BUR001",2022-07-24,2022-07-24 11:03:00,2022-07-26,"burbot",271,465,NA,712,204,31,"N","1",1,110,NA,NA,0,"A","MD","Region_11","Region_11_5647"," 15:18:27.6310",0.0351170000000014,0.4621,-0.4237,3.20595991074145,14.093542,2.0168,-3.3136,0.49517,-0.814106,0.10748,0.013067,14.061293,5647,5628,5715,52,-40.388465,14.267776,1.2169,0.608691,13.065,15.8993,0.020224,15.5,14.236092,14.556295,13.598013,0.613635,0.896437,1.856296,1.197125,0.916661,1.87652,1.217349,-57.192739,-61.450524,-57.3689,-52.115142,-49.435163,-48.217371,-48.298808,-48.645159,-47.623317,-45.096482,-42.428742,-40.621118,-39.758396,-39.931149,-40.921289,-42.677585,-45.222415,-48.836978,-53.268186,-51.294742,-46.152773,-42.576721,-40.255609,-38.855802,-38.258769,-38.514296,-39.819618,-42.763547,-48.839826,-80.767805,-49.413775,-44.046422,-41.124865,-39.35496,-38.436328,-38.353992,-39.102376,-41.048091,-44.908207,-49.35308,-44.443271,-40.461947,-38.640467,-37.997373,-37.879596,-37.948183,-38.19361,-38.610799,-39.47509,-40.8296,-42.052863,-41.919019,-40.86686,-39.806514,-38.801591,-37.689672,-36.487873,-35.31396,-34.334042,-33.648766,-33.304226,-33.337561,-33.691443,-34.26522,-34.954882,-35.932471,-37.452969,-40.114211,-45.169178,-57.211031,-45.899224,-40.197922,-37.18087,-35.293483,-33.83441,-32.438516,-30.942468,-29.381194,-27.939118,-26.761684,-25.99586,-25.63138,-25.608366,-25.942344,-26.610791,-27.905459,-30.087333,-33.295362,-36.166405,-35.885927,NA,NA,NA,NA,NA,NA,NA,NA,NA,NA,NA,NA,NA,NA,NA,NA,NA,NA,NA,NA,NA,NA,NA,NA,NA,NA,NA,NA,NA,NA,NA,NA,NA,NA,NA,NA,NA,NA,NA,NA,NA,NA,NA,NA,NA,NA,NA,NA,NA,NA,NA,NA,NA,NA,NA,NA,NA,NA,NA,NA,NA,NA,NA,NA,NA,NA,NA,NA,NA,NA,NA,NA,NA,NA,NA,NA,NA,NA,NA,NA,NA,NA,NA,NA,NA,NA,NA,NA,NA,NA,NA,NA,NA,NA,NA,NA,NA,NA,NA,NA,NA,NA,NA,NA,NA,NA,NA,NA,NA,NA,NA,NA,NA,NA,NA,NA,NA,NA,NA,NA,NA,NA,NA,NA,NA,NA,NA,NA,NA,NA,NA,NA,NA,NA,NA,NA,NA,NA,NA,NA,NA,NA,NA,NA,NA,NA,NA,NA,NA,NA,NA,NA,NA,NA,NA,NA,NA,NA,NA,NA,NA,-28.477787,-27.719032,-27.378633,-27.57943,-28.404279,-30.683057,-33.552961,-36.634927,-40.534256,-45.571037,-47.167237,-41.733838,-37.563219,-35.147168,-33.92869,-33.887807,-34.515692,-35.557172,-36.680747,-37.400662,-37.424556,-36.545407,-35.096423,-33.418172,-31.924562,-30.662497,-29.717806,-29.172441,-28.850052,-28.97432,-29.240955,-29.671248,-29.841286,-29.265436,-28.164109,-26.777609,-25.467261,-24.623146,-24.275541,-24.426687,-25.30402,-27.048127,-29.572116,-33.050317,-36.798675,-40.561186,-41.181866,-38.360441,-36.220795,-35.064906,-34.141714,-33.306756,-32.6316,-32.056564,-31.900809,-31.883015,-31.749629,-31.615818,-31.507003,-31.498221,-31.669868,-31.582729,-31.292646,-30.374715,-28.276553,-26.541021,-25.184885,-24.254953,-23.819288,-23.771955,-24.131604,-24.906472,-26.107328,-27.704215,-29.673109,-32.246003,-36.387236,-45.736479,-43.317437,-35.608378,-32.353233,-31.744275,-32.546659,-34.973982,-39.785269,-45.316296,-39.053813,-35.48069,-34.448652,-35.523907,-38.192549,-41.896761,-42.956784,-37.504323,-33.52566,-32.30521,-32.322209,-33.618572,-35.304858,-36.244735,-37.388455,-38.118878,-38.430398,-39.07572,-38.810468,-37.088306,-34.448302,-32.357957,-30.856044,-29.704038,-29.152117,-29.787383,-30.94236,-32.900722,-34.857429,-35.645713,-34.894557,-33.29491,-31.519235,-30.318251,-29.36401,-28.043058,-26.45763,-24.518287,-22.436353,-21.121379,-20.083872,-19.473724,-19.355882,-19.357149,-19.724427,-20.612035,-21.793068,-24.101567,-26.573179,-28.888787,-31.246089,-32.190542,-31.008539,-28.861858,-27.092755,-26.024804,-25.634704,-25.82918,-26.433299,-27.029469,-26.931599,-25.999649,-24.722054,-23.849919,-23.339436,-24.132811,-25.049962,-25.818921,-27.061098,-28.452951,-30.763336,-33.595846,-30.634617,-26.775761,-23.966305,-21.64285,-20.056136,-18.340412,-16.797394,-16.873648,-17.384622,-17.952033,-18.035554,-17.035004,-15.563642,-14.668736,-14.389603,-16.436201,-19.702126
"BUR001",2022-07-24,2022-07-24 11:03:00,2022-07-26,"burbot",271,465,NA,712,204,31,"N","1",1,110,NA,NA,0,"A","MD","Region_11","Region_11_5648"," 15:18:27.7820",NA,NA,NA,NA,14.128659,2.4789,-3.7373,0.609799,-0.92008,0.133451,0.188916,14.085475,5648,5628,5715,52,-40.388465,14.267776,1.2169,0.608691,13.065,15.8993,0.020224,15.5,14.236092,14.556295,13.598013,0.613635,0.896437,1.856296,1.197125,0.916661,1.87652,1.217349,-58.071122,-59.961451,-55.784233,-51.705665,-49.788944,-49.148367,-49.673641,-49.924252,-48.074615,-45.096805,-42.447423,-40.818608,-40.219093,-40.763984,-42.284655,-44.843462,-48.586045,-53.38784,-52.828057,-47.588788,-43.62648,-40.902909,-39.136916,-38.169588,-37.95466,-38.589856,-40.325233,-43.895447,-51.512149,-56.562242,-47.095906,-43.190669,-41.038555,-39.833865,-39.402259,-39.812338,-41.153202,-43.936617,-48.323055,-47.079418,-42.269246,-39.657681,-38.655085,-38.607137,-39.002268,-39.583296,-40.36548,-41.337304,-42.663611,-43.826889,-43.502847,-42.023703,-40.803161,-40.051467,-39.403143,-38.536153,-37.46813,-36.397557,-35.555287,-35.073546,-34.953289,-35.135505,-35.443057,-35.738803,-36.087411,-36.864891,-38.398744,-41.340179,-47.321997,-59.682391,-45.34292,-40.319755,-37.606136,-35.896606,-34.560415,-33.257885,-31.848079,-30.34704,-28.958005,-27.856953,-27.212779,-27.053504,-27.318425,-28.010826,-29.105667,-30.960927,-33.934488,-38.782613,-43.097424,-39.093193,NA,NA,NA,NA,NA,NA,NA,NA,NA,NA,NA,NA,NA,NA,NA,NA,NA,NA,NA,NA,NA,NA,NA,NA,NA,NA,NA,NA,NA,NA,NA,NA,NA,NA,NA,NA,NA,NA,NA,NA,NA,NA,NA,NA,NA,NA,NA,NA,NA,NA,NA,NA,NA,NA,NA,NA,NA,NA,NA,NA,NA,NA,NA,NA,NA,NA,NA,NA,NA,NA,NA,NA,NA,NA,NA,NA,NA,NA,NA,NA,NA,NA,NA,NA,NA,NA,NA,NA,NA,NA,NA,NA,NA,NA,NA,NA,NA,NA,NA,NA,NA,NA,NA,NA,NA,NA,NA,NA,NA,NA,NA,NA,NA,NA,NA,NA,NA,NA,NA,NA,NA,NA,NA,NA,NA,NA,NA,NA,NA,NA,NA,NA,NA,NA,NA,NA,NA,NA,NA,NA,NA,NA,NA,NA,NA,NA,NA,NA,NA,NA,NA,NA,NA,NA,NA,NA,NA,NA,NA,NA,NA,-27.042882,-26.643426,-26.50918,-26.791079,-27.57485,-29.850509,-32.517758,-35.118337,-38.058189,-41.404001,-45.813928,-48.294014,-42.913495,-38.54916,-35.936119,-34.940644,-34.82016,-35.305937,-35.958083,-35.985367,-35.180476,-33.71167,-32.132399,-30.546352,-29.196714,-28.02251,-27.158684,-26.826542,-26.86873,-27.678547,-28.680249,-29.65267,-29.858103,-28.935774,-27.679131,-26.381914,-25.348366,-24.889355,-24.889166,-25.210445,-26.115735,-27.666384,-29.804346,-32.854502,-35.752819,-37.619379,-37.819774,-36.892223,-35.588743,-34.564425,-33.813592,-33.4403,-33.31138,-33.067665,-32.930294,-32.542349,-31.909683,-31.358151,-30.972662,-30.828072,-30.906704,-30.462407,-29.31257,-27.281605,-24.714003,-23.447015,-22.873082,-22.886484,-23.425164,-24.31782,-25.759781,-27.931696,-31.196599,-36.364328,-46.693736,-46.451448,-38.934939,-35.423043,-33.531968,-32.560075,-32.644057,-34.671191,-38.053125,-42.849499,-42.238425,-37.472713,-34.464707,-33.530526,-33.958258,-35.869066,-38.400615,-38.549069,-35.668882,-32.224775,-29.719734,-29.448858,-30.115981,-32.024045,-34.312179,-35.614754,-37.049816,-37.974435,-38.439083,-38.95622,-37.307029,-34.739545,-32.426559,-30.515252,-28.965233,-27.693462,-26.819256,-27.187202,-27.785697,-28.889082,-29.91202,-30.129451,-29.751244,-28.868534,-27.591874,-26.703392,-25.901411,-24.746257,-23.346627,-21.698172,-19.960843,-19.090735,-18.513558,-18.241483,-18.530269,-18.928768,-19.896502,-21.76987,-24.269908,-28.200909,-30.950018,-30.299387,-28.451809,-26.660931,-25.717683,-25.47057,-25.647742,-26.061011,-26.72548,-27.774473,-28.982124,-28.734375,-26.067804,-23.026133,-20.609082,-19.226898,-18.412145,-19.208065,-20.170726,-20.767954,-21.731564,-22.402197,-23.427779,-25.584367,-27.547909,-29.605264,-30.347866,-29.789956,-29.205838,-28.146594,-28.050111,-31.244462,-32.113056,-27.4367,-24.20776,-22.304614,-21.672363,-22.693987,-23.462593,-21.172604,-18.331932
"BUR001",2022-07-24,2022-07-24 11:03:00,2022-07-26,"burbot",271,465,NA,712,204,31,"N","1",1,110,NA,NA,0,"A","MD","Region_11","Region_11_5654"," 15:18:28.6930",0.070233,-0.4861,0.2933,7.05213498369948,14.23401,1.6255,-4.0887,0.402744,-1.0145,0.088075,0.362441,14.192097,5654,5628,5715,52,-40.388465,14.267776,1.2169,0.608691,13.065,15.8993,0.020224,15.5,14.236092,14.556295,13.598013,0.613635,0.896437,1.856296,1.197125,0.916661,1.87652,1.217349,-72.589453,-65.174701,-57.706886,-53.702626,-52.058975,-51.261642,-50.628909,-49.433074,-48.029288,-47.063196,-46.479709,-46.165728,-45.692246,-45.20348,-44.893858,-45.159741,-46.34921,-49.148129,-54.974514,-53.282746,-46.474106,-42.632207,-40.410035,-39.202849,-38.724312,-38.838473,-39.401172,-40.28024,-41.159452,-41.968735,-43.044879,-44.941142,-48.606079,-57.002189,-57.09107,-48.188277,-43.997348,-41.539332,-40.136162,-39.721987,-40.529831,-42.612738,-45.059579,-45.478618,-43.881152,-42.032011,-40.415692,-38.942112,-37.77598,-36.999104,-36.626168,-36.3318,-35.850978,-35.30004,-34.867342,-34.648943,-34.763884,-35.345816,-36.675736,-39.190557,-42.95227,-43.531285,-40.11128,-37.864424,-36.869909,-36.602938,-36.545913,-36.478283,-36.17375,-35.593365,-34.720425,-33.675634,-32.56552,-31.57732,-30.798945,-30.32645,-30.267797,-30.703528,-31.771156,-33.39686,-35.063391,-35.567498,-34.44828,-32.629661,-30.724976,-29.245953,-28.298399,-27.994206,-28.092898,-28.156042,NA,NA,NA,NA,NA,NA,NA,NA,NA,NA,NA,NA,NA,NA,NA,NA,NA,NA,NA,NA,NA,NA,NA,NA,NA,NA,NA,NA,NA,NA,NA,NA,NA,NA,NA,NA,NA,NA,NA,NA,NA,NA,NA,NA,NA,NA,NA,NA,NA,NA,NA,NA,NA,NA,NA,NA,NA,NA,NA,NA,NA,NA,NA,NA,NA,NA,NA,NA,NA,NA,NA,NA,NA,NA,NA,NA,NA,NA,NA,NA,NA,NA,NA,NA,NA,NA,NA,NA,NA,NA,NA,NA,NA,NA,NA,NA,NA,NA,NA,NA,NA,NA,NA,NA,NA,NA,NA,NA,NA,NA,NA,NA,NA,NA,NA,NA,NA,NA,NA,NA,NA,NA,NA,NA,NA,NA,NA,NA,NA,NA,NA,NA,NA,NA,NA,NA,NA,NA,NA,NA,NA,NA,NA,NA,NA,NA,NA,NA,NA,NA,NA,NA,NA,NA,NA,NA,NA,NA,NA,NA,NA,-29.003254,-29.569627,-30.923736,-33.643614,-39.125568,-50.285455,-41.649915,-37.846551,-36.812486,-37.396703,-39.613611,-44.037402,-49.51487,-42.661927,-37.973808,-35.83834,-35.01973,-35.271577,-36.607153,-39.233737,-44.642505,-55.10207,-43.898762,-38.527891,-35.562664,-33.585882,-32.233797,-31.446213,-30.955772,-31.100807,-31.431063,-32.108163,-32.915026,-33.657434,-34.831373,-36.344868,-37.647094,-37.326112,-35.206527,-32.778015,-30.861747,-29.451687,-28.463247,-28.409016,-29.009826,-30.739212,-33.810559,-37.917336,-38.272663,-35.287069,-33.176423,-32.195566,-31.924316,-32.017466,-32.919332,-34.776854,-38.332386,-44.256544,-43.978349,-38.685665,-35.134612,-32.163704,-29.850427,-28.260593,-27.224953,-27.820791,-28.839237,-29.919569,-30.710587,-30.89467,-30.657546,-30.189485,-29.734228,-29.448463,-29.361399,-29.434147,-29.653327,-29.810477,-30.191198,-30.498836,-30.85353,-31.922763,-32.502361,-32.75004,-32.577149,-31.966612,-31.821325,-32.663871,-33.861751,-35.500689,-36.952944,-37.077303,-36.153623,-33.47542,-30.418697,-29.398292,-29.378286,-30.567659,-31.543856,-30.603677,-29.118906,-26.9227,-24.758065,-24.075074,-23.712631,-24.377451,-25.588147,-26.857559,-28.109282,-28.744094,-27.795493,-26.686839,-25.440328,-25.057685,-25.34132,-25.820968,-27.140795,-28.653215,-27.579278,-25.28196,-23.652404,-22.725135,-22.563032,-22.927355,-23.625882,-25.307008,-26.91007,-28.05159,-28.782962,-28.500438,-27.752279,-26.893006,-25.810217,-26.223112,-26.915363,-27.611818,-28.830576,-29.345387,-28.897265,-27.611131,-26.190629,-25.052371,-24.457034,-24.686668,-26.15572,-29.753041,-39.42704,-37.843764,-29.554156,-26.792522,-25.698026,-26.588078,-27.002649,-25.806415,-24.031641,-21.502951,-19.404679,-19.126334,-19.745775,-22.638537,-26.731712,-32.367351,-39.935891,-33.259321,-27.959683,-25.63825,-23.331299,-21.12111,-19.626185,-18.464819,-18.498334,-19.781803,-17.765625,-15.358343,-13.848271
"BUR001",2022-07-24,2022-07-24 11:03:00,2022-07-26,"burbot",271,465,NA,712,204,31,"N","1",1,110,NA,NA,0,"A","MD","Region_11","Region_11_5655"," 15:18:28.8400",0.0117060000000002,-0.0848,0.267,2.39275905310058,14.304243,1.1394,-3.7954,0.283804,-0.946657,0.032779,0.069433,14.270062,5655,5628,5715,52,-40.388465,14.267776,1.2169,0.608691,13.065,15.8993,0.020224,15.5,14.236092,14.556295,13.598013,0.613635,0.896437,1.856296,1.197125,0.916661,1.87652,1.217349,-51.137118,-52.414571,-56.017271,-56.519906,-50.900643,-47.3191,-45.809815,-45.522959,-45.933927,-46.781818,-47.544025,-48.175504,-48.7687,-49.474757,-49.28601,-47.601313,-45.428058,-43.695022,-42.735612,-42.676901,-43.662523,-46.013181,-50.748548,-64.26299,-54.149508,-47.755889,-44.774055,-43.232928,-42.166313,-40.986372,-39.735156,-38.720505,-38.174132,-38.078258,-38.42692,-39.348438,-40.98298,-43.976421,-49.838903,-51.610371,-44.570842,-41.564505,-41.023856,-42.233487,-44.909541,-49.076355,-51.173583,-46.507789,-42.448347,-39.676612,-37.727753,-36.291892,-35.263867,-34.62336,-34.319865,-34.305903,-34.601368,-35.199618,-36.099879,-37.201129,-38.29924,-39.348548,-40.66873,-43.018786,-47.819507,-60.300148,-48.719702,-42.770968,-39.510791,-37.363031,-35.712519,-34.300744,-32.955156,-31.659388,-30.365693,-29.087989,-27.867487,-26.765387,-25.92505,-25.438179,-25.422479,-25.883626,-26.77254,-28.078098,-29.515231,-30.414378,-29.592002,-27.819715,-26.33739,-25.354716,NA,NA,NA,NA,NA,NA,NA,NA,NA,NA,NA,NA,NA,NA,NA,NA,NA,NA,NA,NA,NA,NA,NA,NA,NA,NA,NA,NA,NA,NA,NA,NA,NA,NA,NA,NA,NA,NA,NA,NA,NA,NA,NA,NA,NA,NA,NA,NA,NA,NA,NA,NA,NA,NA,NA,NA,NA,NA,NA,NA,NA,NA,NA,NA,NA,NA,NA,NA,NA,NA,NA,NA,NA,NA,NA,NA,NA,NA,NA,NA,NA,NA,NA,NA,NA,NA,NA,NA,NA,NA,NA,NA,NA,NA,NA,NA,NA,NA,NA,NA,NA,NA,NA,NA,NA,NA,NA,NA,NA,NA,NA,NA,NA,NA,NA,NA,NA,NA,NA,NA,NA,NA,NA,NA,NA,NA,NA,NA,NA,NA,NA,NA,NA,NA,NA,NA,NA,NA,NA,NA,NA,NA,NA,NA,NA,NA,NA,NA,NA,NA,NA,NA,NA,NA,NA,NA,NA,NA,NA,NA,NA,-32.996612,-33.558145,-34.01443,-34.378334,-34.795208,-36.155855,-37.592414,-38.662314,-39.662259,-40.161271,-39.787423,-38.860418,-38.321176,-38.52758,-38.564394,-38.146732,-37.75779,-38.128981,-39.424928,-41.603863,-45.206391,-51.402471,-49.839275,-43.043816,-39.12801,-36.774807,-35.555084,-35.359914,-35.890096,-36.964607,-37.300654,-36.467721,-34.896938,-33.158552,-31.929483,-31.249871,-31.078247,-31.451663,-31.990516,-32.448681,-33.034642,-34.051906,-35.937638,-39.932643,-45.710798,-41.367522,-36.380891,-33.499225,-31.858164,-31.170842,-31.083755,-31.674741,-32.956325,-35.101067,-39.325528,-45.716388,-41.333993,-37.478914,-35.994189,-35.698349,-36.125222,-36.579513,-36.868244,-35.935129,-33.572564,-32.060439,-31.093513,-30.479668,-30.116893,-29.996554,-30.41698,-31.651753,-34.099726,-38.586704,-48.598555,-50.268329,-42.128723,-39.090807,-37.095521,-34.765726,-32.296272,-30.79985,-29.62196,-28.939716,-28.520135,-27.923827,-27.661115,-28.141122,-28.885947,-30.261146,-31.754925,-32.515311,-33.47457,-34.598254,-36.435759,-40.449198,-42.909354,-40.007401,-36.968638,-33.793479,-31.17483,-28.362887,-25.764342,-24.541381,-23.753355,-24.169202,-25.078454,-25.987143,-26.564133,-26.584828,-26.296314,-26.747023,-27.139205,-28.076007,-29.408053,-30.861511,-32.136507,-30.765803,-27.443752,-25.266937,-24.178069,-23.609587,-23.612124,-23.90039,-24.325358,-25.51881,-26.616172,-27.562608,-28.40912,-28.621202,-28.59817,-28.580835,-28.37117,-29.322245,-30.380802,-31.509043,-33.47038,-36.043541,-40.672703,-51.744627,-49.155819,-41.588252,-38.920435,-38.407744,-39.441182,-40.525436,-38.675224,-35.584668,-33.090335,-31.414936,-29.747034,-29.281785,-28.800836,-28.073654,-27.833256,-27.281915,-26.720191,-26.870354,-26.764394,-27.500752,-27.908518,-27.5592,-27.462041,-26.928212,-26.215268,-26.740394,-26.014971,-23.785661,-21.122925,-17.929223,-14.848529,-12.468942,-10.006808,-9.393492,-8.800533
"BUR001",2022-07-24,2022-07-24 11:03:00,2022-07-26,"burbot",271,465,NA,712,204,31,"N","1",1,110,NA,NA,0,"A","MD","Region_11","Region_11_5656"," 15:18:28.9910",0.0234109999999994,0.5922,0.1631,2.18266773971777,14.315949,1.0546,-3.5284,0.26298,-0.880895,0.044548,0.016571,14.286401,5656,5628,5715,52,-40.388465,14.267776,1.2169,0.608691,13.065,15.8993,0.020224,15.5,14.236092,14.556295,13.598013,0.613635,0.896437,1.856296,1.197125,0.916661,1.87652,1.217349,-42.987417,-42.207892,-42.410585,-43.456191,-45.925879,-47.39683,-45.843987,-43.539562,-41.830173,-40.923983,-40.761701,-41.666893,-43.760994,-47.462428,-52.665713,-55.057529,-52.708064,-51.252753,-50.815058,-50.171877,-48.450633,-46.323068,-44.595693,-43.502916,-43.052416,-43.1678,-43.62772,-44.23337,-44.969755,-46.372799,-49.195584,-54.558319,-56.265744,-48.915583,-44.241292,-41.203894,-39.078698,-37.680113,-36.940114,-37.010153,-38.303761,-41.387142,-47.449878,-62.712826,-51.161771,-46.604909,-45.035832,-45.103667,-46.935621,-51.23113,-57.917881,-51.521437,-45.232354,-40.997328,-37.934958,-35.637522,-33.934025,-32.737802,-32.082809,-32.041867,-32.734183,-34.389382,-37.386093,-42.496945,-46.631182,-41.816591,-38.338233,-36.590486,-35.855038,-35.838786,-36.290498,-36.9711,-37.342136,-36.740853,-34.98489,-32.688942,-30.386343,-28.303949,-26.563742,-25.193244,-24.250839,-23.670696,-23.351535,-23.266239,-23.322363,-23.719208,-24.571202,-25.965687,-27.547842,-28.439343,NA,NA,NA,NA,NA,NA,NA,NA,NA,NA,NA,NA,NA,NA,NA,NA,NA,NA,NA,NA,NA,NA,NA,NA,NA,NA,NA,NA,NA,NA,NA,NA,NA,NA,NA,NA,NA,NA,NA,NA,NA,NA,NA,NA,NA,NA,NA,NA,NA,NA,NA,NA,NA,NA,NA,NA,NA,NA,NA,NA,NA,NA,NA,NA,NA,NA,NA,NA,NA,NA,NA,NA,NA,NA,NA,NA,NA,NA,NA,NA,NA,NA,NA,NA,NA,NA,NA,NA,NA,NA,NA,NA,NA,NA,NA,NA,NA,NA,NA,NA,NA,NA,NA,NA,NA,NA,NA,NA,NA,NA,NA,NA,NA,NA,NA,NA,NA,NA,NA,NA,NA,NA,NA,NA,NA,NA,NA,NA,NA,NA,NA,NA,NA,NA,NA,NA,NA,NA,NA,NA,NA,NA,NA,NA,NA,NA,NA,NA,NA,NA,NA,NA,NA,NA,NA,NA,NA,NA,NA,NA,NA,-30.648757,-29.994782,-29.532325,-29.45042,-29.859178,-31.431509,-33.18582,-34.40531,-35.298165,-35.874969,-36.227017,-36.223239,-35.923625,-35.88074,-36.541784,-38.580618,-42.105902,-46.747127,-47.503252,-44.397285,-42.049391,-40.614506,-39.882962,-39.610252,-39.743242,-40.176125,-41.170901,-43.364255,-48.260206,-64.982344,-47.290309,-41.515554,-38.17823,-35.682382,-33.907871,-32.71727,-31.993223,-31.739677,-31.649141,-31.527625,-31.428665,-31.353737,-31.145475,-31.057044,-30.801562,-30.518593,-30.29431,-30.328305,-30.959852,-32.564871,-35.309799,-40.112648,-50.808601,-47.352199,-40.308674,-37.283984,-35.887184,-35.710585,-36.44493,-38.123448,-41.036967,-44.607249,-43.365662,-38.323606,-34.515454,-32.772588,-31.965735,-31.475974,-30.90755,-30.035658,-29.064492,-28.277429,-27.886446,-28.010414,-28.730563,-30.174356,-32.637533,-36.737245,-45.617876,-47.545019,-38.435783,-35.646204,-34.84913,-35.489398,-37.511865,-41.060746,-44.079507,-39.093981,-34.890929,-32.708442,-31.368944,-29.75497,-28.508496,-27.496059,-27.233224,-28.967835,-31.958034,-37.040817,-44.270688,-47.32598,-41.374906,-36.838374,-33.677859,-32.377286,-31.939618,-33.023985,-34.573164,-35.678054,-35.495226,-34.169675,-32.622685,-31.773409,-30.806723,-29.999747,-28.923635,-27.365742,-25.790383,-24.565373,-23.822778,-24.220724,-25.414631,-26.838116,-28.193052,-28.16348,-26.441921,-24.763665,-23.145419,-21.89627,-21.062184,-20.235699,-19.750936,-19.82842,-20.326694,-22.302181,-24.715597,-27.425023,-30.971637,-35.022625,-39.182641,-37.92662,-34.393559,-31.960347,-30.609503,-30.140205,-30.369376,-31.037683,-31.840273,-32.690668,-33.822293,-35.952904,-39.307377,-45.686646,-49.605376,-45.722734,-43.653878,-40.693997,-35.637417,-31.732124,-28.982102,-27.985378,-27.260923,-26.121343,-25.204301,-23.942238,-22.438243,-22.109975,-21.448582,-20.35329,-19.276575,-18.021901,-17.272634,-17.755215,-18.462147,-18.887758,-16.043141
"BUR001",2022-07-24,2022-07-24 11:03:00,2022-07-26,"burbot",271,465,NA,712,204,31,"N","1",1,110,NA,NA,0,"A","MD","Region_11","Region_11_5657"," 15:18:29.1380",0.0117060000000002,0.5202,-0.2252,1.18303737988203,14.33936,1.6468,-3.3653,0.411372,-0.841405,0.004191,2.4e-05,14.30874,5657,5628,5715,52,-40.388465,14.267776,1.2169,0.608691,13.065,15.8993,0.020224,15.5,14.236092,14.556295,13.598013,0.613635,0.896437,1.856296,1.197125,0.916661,1.87652,1.217349,-41.879394,-40.804175,-39.907518,-39.178053,-39.565235,-40.633848,-42.488153,-43.774527,-42.916534,-41.032957,-39.442732,-38.759969,-39.004041,-40.379627,-42.843471,-46.118347,-47.557776,-45.545858,-43.578053,-42.796171,-43.218736,-44.88927,-48.153252,-54.416386,-63.715091,-53.269661,-48.611733,-45.678447,-43.170541,-41.118244,-39.761427,-39.014344,-38.757676,-38.841998,-39.283203,-40.275749,-41.96722,-44.657782,-47.314962,-45.603627,-42.326504,-40.544144,-40.257741,-41.178125,-43.068288,-45.976461,-50.540344,-57.483511,-56.782661,-52.214232,-49.156299,-46.542515,-44.447695,-42.777897,-41.195747,-39.482451,-37.666785,-35.866182,-34.260994,-32.997251,-32.191037,-31.964433,-32.413569,-33.748905,-36.354125,-41.473688,-54.681365,-42.9684,-37.046186,-33.939111,-32.029,-30.846383,-30.160759,-29.941188,-30.12804,-30.67864,-31.378884,-31.642878,-30.736437,-28.827379,-26.864679,-25.324565,-24.2653,-23.646636,-23.283887,-23.223435,-23.453324,-24.062369,-25.048978,-26.268017,NA,NA,NA,NA,NA,NA,NA,NA,NA,NA,NA,NA,NA,NA,NA,NA,NA,NA,NA,NA,NA,NA,NA,NA,NA,NA,NA,NA,NA,NA,NA,NA,NA,NA,NA,NA,NA,NA,NA,NA,NA,NA,NA,NA,NA,NA,NA,NA,NA,NA,NA,NA,NA,NA,NA,NA,NA,NA,NA,NA,NA,NA,NA,NA,NA,NA,NA,NA,NA,NA,NA,NA,NA,NA,NA,NA,NA,NA,NA,NA,NA,NA,NA,NA,NA,NA,NA,NA,NA,NA,NA,NA,NA,NA,NA,NA,NA,NA,NA,NA,NA,NA,NA,NA,NA,NA,NA,NA,NA,NA,NA,NA,NA,NA,NA,NA,NA,NA,NA,NA,NA,NA,NA,NA,NA,NA,NA,NA,NA,NA,NA,NA,NA,NA,NA,NA,NA,NA,NA,NA,NA,NA,NA,NA,NA,NA,NA,NA,NA,NA,NA,NA,NA,NA,NA,NA,NA,NA,NA,NA,NA,-42.748061,-37.543982,-34.651512,-32.922053,-31.653664,-31.256362,-31.033798,-30.826598,-31.092187,-31.515551,-31.634663,-31.149264,-30.56265,-30.554382,-31.002604,-31.787759,-32.440242,-33.123876,-34.113178,-35.494572,-37.345735,-39.369033,-41.093143,-41.893214,-41.726352,-40.830616,-39.768275,-38.996449,-38.443696,-38.068933,-37.513237,-37.422563,-38.460678,-41.190161,-46.335622,-45.201647,-38.94642,-34.767213,-31.812362,-29.57143,-27.970888,-26.948728,-26.303295,-26.270347,-26.489543,-27.05325,-27.9871,-29.330638,-31.091978,-33.261583,-35.468918,-37.597099,-39.553869,-41.34215,-43.491362,-45.610295,-46.161405,-44.783282,-42.905413,-41.413789,-40.672891,-40.565926,-41.96572,-46.833422,-58.670962,-44.201809,-39.721593,-37.583861,-36.225084,-34.613065,-32.373744,-29.852552,-27.535176,-25.673897,-24.350293,-23.584591,-23.395616,-23.697899,-24.637159,-26.036981,-28.19638,-31.909658,-35.836649,-36.499182,-34.151317,-31.818081,-30.498583,-30.520224,-31.351649,-33.309491,-36.035812,-39.322871,-46.385381,-48.28462,-37.841586,-34.073734,-32.506743,-32.645564,-33.293823,-33.07876,-32.693217,-31.461967,-29.647939,-28.278087,-26.947316,-26.801689,-27.343808,-28.427685,-29.691076,-30.890259,-32.43962,-35.123896,-37.37896,-35.82542,-32.026063,-28.615556,-26.043288,-24.33023,-23.314704,-23.389509,-24.192833,-25.265295,-26.840063,-28.622346,-30.037486,-30.60699,-29.456693,-27.758483,-26.200885,-24.604369,-23.298541,-22.483287,-21.970354,-22.596744,-23.286933,-23.689553,-24.143122,-24.223821,-24.558172,-25.18727,-26.025627,-26.879533,-27.523266,-27.821749,-27.803922,-27.607817,-27.391644,-27.352429,-27.510425,-28.116178,-28.849339,-30.423202,-31.264647,-30.72289,-29.320136,-27.00339,-24.715412,-23.414089,-22.485601,-22.737127,-23.141433,-23.381687,-24.085841,-24.537526,-24.598407,-25.136882,-24.628637,-23.23259,-21.544595,-19.497617,-17.537112,-16.203536,-14.851501,-14.716236,-14.237678
"BUR001",2022-07-24,2022-07-24 11:03:00,2022-07-26,"burbot",271,465,NA,712,204,31,"N","1",1,110,NA,NA,0,"A","MD","Region_11","Region_11_5658"," 15:18:29.2840",NA,NA,NA,NA,14.351066,2.167,-3.5905,0.541578,-0.898097,0.046967,0.084922,14.312694,5658,5628,5715,52,-40.388465,14.267776,1.2169,0.608691,13.065,15.8993,0.020224,15.5,14.236092,14.556295,13.598013,0.613635,0.896437,1.856296,1.197125,0.916661,1.87652,1.217349,-41.439705,-40.444198,-39.370241,-38.09342,-37.624594,-37.610276,-38.507529,-40.026312,-41.368427,-41.279935,-39.764048,-38.369975,-37.607406,-37.704943,-38.568786,-40.312972,-42.886759,-44.981505,-43.862862,-41.550377,-40.114773,-39.724307,-40.195374,-41.294352,-42.808404,-44.685858,-47.31175,-51.650102,-51.844516,-45.871366,-41.994567,-39.593153,-38.037971,-36.932386,-36.126822,-35.65823,-35.509624,-35.900774,-37.102594,-39.794621,-46.030928,-63.786774,-45.576304,-41.778023,-40.456308,-40.241679,-40.857337,-42.244244,-44.672579,-48.19229,-53.294501,-61.852073,-51.217703,-44.935305,-41.216529,-38.700741,-36.91794,-35.633895,-34.74352,-34.152167,-33.736101,-33.431609,-33.258784,-33.408841,-34.107653,-35.696608,-38.556241,-43.437342,-44.772223,-38.944426,-34.876291,-32.258963,-30.498676,-29.359561,-28.66513,-28.353456,-28.399562,-28.77259,-29.411658,-29.931205,-29.735731,-28.648266,-27.188099,-25.848028,-24.711599,-23.983922,-23.70608,-24.048533,-25.076052,-26.715523,NA,NA,NA,NA,NA,NA,NA,NA,NA,NA,NA,NA,NA,NA,NA,NA,NA,NA,NA,NA,NA,NA,NA,NA,NA,NA,NA,NA,NA,NA,NA,NA,NA,NA,NA,NA,NA,NA,NA,NA,NA,NA,NA,NA,NA,NA,NA,NA,NA,NA,NA,NA,NA,NA,NA,NA,NA,NA,NA,NA,NA,NA,NA,NA,NA,NA,NA,NA,NA,NA,NA,NA,NA,NA,NA,NA,NA,NA,NA,NA,NA,NA,NA,NA,NA,NA,NA,NA,NA,NA,NA,NA,NA,NA,NA,NA,NA,NA,NA,NA,NA,NA,NA,NA,NA,NA,NA,NA,NA,NA,NA,NA,NA,NA,NA,NA,NA,NA,NA,NA,NA,NA,NA,NA,NA,NA,NA,NA,NA,NA,NA,NA,NA,NA,NA,NA,NA,NA,NA,NA,NA,NA,NA,NA,NA,NA,NA,NA,NA,NA,NA,NA,NA,NA,NA,NA,NA,NA,NA,NA,NA,-39.055041,-41.857979,-48.247519,-51.76321,-40.421339,-36.104831,-33.887941,-32.499946,-32.012931,-32.160845,-32.852647,-33.291332,-32.395986,-30.478621,-28.681389,-27.931745,-27.903025,-28.435426,-29.321389,-30.314533,-31.570799,-33.148713,-35.351716,-38.241249,-41.309135,-41.147649,-38.127681,-35.542843,-33.781839,-33.064785,-32.754743,-32.605153,-32.372864,-32.28758,-33.070475,-34.809935,-37.448777,-39.402303,-37.507144,-34.256814,-31.629102,-29.700815,-28.274744,-27.720891,-27.627703,-28.075933,-28.805698,-29.635081,-30.433192,-31.266356,-31.942949,-32.619361,-33.374182,-34.151962,-35.37673,-36.62627,-37.308427,-37.689216,-38.326186,-39.326152,-40.069304,-39.031349,-36.794479,-34.789867,-33.515429,-34.160917,-35.882464,-38.432656,-41.724862,-45.335756,-46.488113,-42.317857,-37.431191,-33.296529,-29.947708,-27.356642,-25.505068,-24.187884,-23.483964,-23.034582,-22.933143,-23.852501,-24.957609,-26.481996,-28.428753,-30.679296,-33.682523,-36.051335,-35.040994,-33.401427,-32.175946,-30.5833,-29.511038,-29.013297,-29.491642,-32.095096,-35.169532,-37.553204,-37.981586,-36.681055,-35.612189,-34.583433,-33.925356,-33.827343,-31.951367,-29.719339,-27.851217,-26.337391,-25.003263,-23.753477,-22.859802,-23.159243,-23.854209,-25.409265,-27.617592,-30.597235,-36.508437,-48.442597,-32.986877,-27.971885,-25.43701,-23.799966,-22.850055,-22.260204,-21.864525,-22.305879,-22.858459,-23.526937,-24.491107,-25.402779,-26.734837,-28.574007,-29.365573,-28.702961,-27.025241,-25.273744,-24.139362,-23.080726,-22.462646,-22.15617,-22.044006,-22.041347,-22.094419,-22.154268,-22.150337,-22.017062,-21.78513,-21.662522,-21.780843,-22.570801,-23.735624,-26.208679,-28.255007,-28.822323,-28.351297,-26.678554,-24.862554,-23.967166,-23.250773,-23.632772,-23.907186,-23.64187,-23.602725,-22.969809,-22.257558,-23.076773,-24.061179,-24.883027,-24.537975,-21.836331,-18.21542,-15.17659,-12.486012,-11.670984,-11.384533
"BUR001",2022-07-24,2022-07-24 11:03:00,2022-07-26,"burbot",271,465,NA,712,204,31,"N","1",1,110,NA,NA,0,"A","MD","Region_11","Region_11_5667"," 15:18:30.6310",0,0.3656,0.1483,0,14.386182,1.7414,-4.0555,0.436085,-1.016954,0.011494,0.128795,14.343566,5667,5628,5715,52,-40.388465,14.267776,1.2169,0.608691,13.065,15.8993,0.020224,15.5,14.236092,14.556295,13.598013,0.613635,0.896437,1.856296,1.197125,0.916661,1.87652,1.217349,-34.886603,-34.944518,-35.291796,-35.578557,-36.540916,-37.625583,-39.264451,-41.312401,-43.661529,-46.545629,-50.413135,-56.738902,-53.482107,-46.497295,-42.016486,-38.852291,-36.442295,-34.537012,-33.033411,-31.855735,-30.968702,-30.321332,-29.868641,-29.561421,-29.353589,-29.223403,-29.110113,-29.034567,-28.939677,-28.885526,-28.933717,-29.10063,-29.492289,-30.097902,-30.928437,-32.054386,-33.428701,-35.229905,-37.663996,-41.225211,-45.146019,-42.186289,-37.849984,-35.076104,-33.203042,-31.735606,-30.489333,-29.289347,-28.258551,-27.466447,-27.113896,-27.280003,-27.914942,-28.977782,-30.506942,-32.7111,-36.238601,-42.848372,-43.630666,-35.850521,-31.651852,-29.215147,-27.863097,-27.296335,-27.280483,-27.688229,-28.298972,-29.085094,-29.948144,-30.914893,-31.907365,-32.740762,-32.964907,-32.36816,-31.196066,-29.909804,-28.799175,-27.94164,-27.39475,-27.098149,-26.992786,-26.951004,-26.824306,-26.599436,-26.247372,-26.061658,-26.048585,-26.325933,-26.841739,-27.356576,NA,NA,NA,NA,NA,NA,NA,NA,NA,NA,NA,NA,NA,NA,NA,NA,NA,NA,NA,NA,NA,NA,NA,NA,NA,NA,NA,NA,NA,NA,NA,NA,NA,NA,NA,NA,NA,NA,NA,NA,NA,NA,NA,NA,NA,NA,NA,NA,NA,NA,NA,NA,NA,NA,NA,NA,NA,NA,NA,NA,NA,NA,NA,NA,NA,NA,NA,NA,NA,NA,NA,NA,NA,NA,NA,NA,NA,NA,NA,NA,NA,NA,NA,NA,NA,NA,NA,NA,NA,NA,NA,NA,NA,NA,NA,NA,NA,NA,NA,NA,NA,NA,NA,NA,NA,NA,NA,NA,NA,NA,NA,NA,NA,NA,NA,NA,NA,NA,NA,NA,NA,NA,NA,NA,NA,NA,NA,NA,NA,NA,NA,NA,NA,NA,NA,NA,NA,NA,NA,NA,NA,NA,NA,NA,NA,NA,NA,NA,NA,NA,NA,NA,NA,NA,NA,NA,NA,NA,NA,NA,NA,-36.988193,-32.855461,-29.605666,-27.194143,-25.37844,-24.961819,-24.871213,-24.669444,-24.738888,-24.996043,-25.54048,-26.231169,-27.476999,-29.86767,-33.903454,-41.747617,-42.834308,-36.407578,-33.21335,-31.225562,-29.974981,-29.147479,-28.75655,-28.663611,-28.969186,-29.542109,-30.517146,-32.16712,-34.563277,-38.16535,-39.646707,-36.643895,-33.751736,-31.667333,-30.364552,-29.375452,-28.589676,-28.194158,-27.988334,-27.838724,-27.984732,-28.425418,-29.137792,-30.629447,-32.520828,-35.002603,-37.457174,-38.805291,-39.126136,-39.615553,-40.376286,-41.136808,-41.155715,-39.748545,-37.274938,-34.226082,-31.561702,-29.779503,-28.565066,-27.670825,-26.945349,-25.839415,-24.851229,-24.277371,-24.11737,-25.636744,-27.902822,-30.870893,-34.213951,-35.368359,-32.368937,-28.725897,-25.813058,-23.640133,-22.067247,-20.949697,-20.181894,-19.480934,-19.090182,-18.743095,-18.65951,-19.674351,-20.768947,-22.100115,-23.367505,-24.25157,-25.241679,-26.172279,-26.018843,-25.606806,-25.14814,-23.878545,-22.805461,-21.771222,-20.871295,-21.264901,-21.797846,-23.209699,-24.821566,-25.411901,-26.304263,-27.052548,-28.169036,-30.932004,-34.032381,-38.065993,-42.332908,-42.885456,-38.151435,-33.358019,-29.519686,-27.588149,-26.207951,-25.670772,-25.544658,-25.252037,-25.385876,-26.100677,-27.340433,-29.665389,-31.595706,-30.871374,-28.318924,-25.62782,-23.196305,-21.796539,-20.570695,-19.438928,-18.66388,-17.698758,-17.121072,-17.307054,-17.934099,-20.179152,-22.17834,-23.2257,-24.331925,-25.744688,-28.754274,-31.442919,-27.774707,-23.739523,-21.124276,-19.505866,-18.538343,-17.917429,-17.336325,-16.542139,-15.6634,-15.449566,-15.598294,-17.613631,-20.030015,-22.446296,-25.855679,-29.409625,-33.47897,-38.578431,-35.397788,-31.220555,-28.984814,-27.516025,-27.534037,-27.826804,-28.565339,-30.358659,-29.689485,-27.180009,-24.072753,-20.309063,-16.781773,-14.235436,-12.056641,-12.109877,-11.858393
"BUR001",2022-07-24,2022-07-24 11:03:00,2022-07-26,"burbot",271,465,NA,712,204,31,"N","1",1,110,NA,NA,0,"A","MD","Region_11","Region_11_5668"," 15:18:30.7780",0.0117060000000002,0.4565,0.00780000000000003,1.46869577945943,14.386182,2.107,-3.9072,0.527681,-0.979628,0.034221,0.075803,14.343086,5668,5628,5715,52,-40.388465,14.267776,1.2169,0.608691,13.065,15.8993,0.020224,15.5,14.236092,14.556295,13.598013,0.613635,0.896437,1.856296,1.197125,0.916661,1.87652,1.217349,-34.675991,-34.386827,-34.300137,-34.121092,-34.590315,-35.097127,-36.01698,-37.185656,-38.485177,-40.002175,-41.555077,-43.310257,-45.393131,-48.568055,-54.407153,-58.827808,-49.342304,-44.07066,-40.624818,-38.14542,-36.308719,-34.933368,-33.90809,-33.142844,-32.564211,-32.120087,-31.711594,-31.320006,-30.858732,-30.39569,-30.017725,-29.754215,-29.699893,-29.810464,-30.05776,-30.46626,-30.934199,-31.551324,-32.350391,-33.500497,-35.33355,-38.113532,-41.769813,-44.453317,-42.921877,-39.833823,-37.032437,-34.500486,-32.297435,-30.455601,-29.159022,-28.465604,-28.279337,-28.481578,-28.993034,-29.805009,-31.043538,-32.904802,-35.727815,-39.234355,-38.708365,-34.817933,-31.951933,-30.279931,-29.425644,-29.152433,-29.180969,-29.455025,-29.877134,-30.526036,-31.493508,-32.999654,-35.303151,-39.016675,-45.031572,-44.343278,-38.169536,-34.26162,-31.713994,-30.016458,-28.960442,-28.351206,-27.965672,-27.65482,-27.218544,-26.815784,-26.473705,-26.414172,-26.701338,-27.143455,NA,NA,NA,NA,NA,NA,NA,NA,NA,NA,NA,NA,NA,NA,NA,NA,NA,NA,NA,NA,NA,NA,NA,NA,NA,NA,NA,NA,NA,NA,NA,NA,NA,NA,NA,NA,NA,NA,NA,NA,NA,NA,NA,NA,NA,NA,NA,NA,NA,NA,NA,NA,NA,NA,NA,NA,NA,NA,NA,NA,NA,NA,NA,NA,NA,NA,NA,NA,NA,NA,NA,NA,NA,NA,NA,NA,NA,NA,NA,NA,NA,NA,NA,NA,NA,NA,NA,NA,NA,NA,NA,NA,NA,NA,NA,NA,NA,NA,NA,NA,NA,NA,NA,NA,NA,NA,NA,NA,NA,NA,NA,NA,NA,NA,NA,NA,NA,NA,NA,NA,NA,NA,NA,NA,NA,NA,NA,NA,NA,NA,NA,NA,NA,NA,NA,NA,NA,NA,NA,NA,NA,NA,NA,NA,NA,NA,NA,NA,NA,NA,NA,NA,NA,NA,NA,NA,NA,NA,NA,NA,NA,-21.876222,-22.234255,-22.960794,-24.167791,-26.020865,-29.736414,-34.682572,-38.4785,-34.957489,-30.789639,-27.957089,-25.886185,-24.569028,-24.096726,-24.073279,-24.706773,-25.523644,-26.572795,-27.960562,-29.72873,-32.371851,-36.423845,-42.597268,-39.848951,-34.071348,-30.362607,-27.887256,-26.356939,-25.361426,-25.130968,-25.117827,-25.449349,-25.953267,-26.423492,-27.217601,-28.134412,-29.118393,-30.25023,-31.222991,-31.772672,-31.98296,-31.734149,-31.016585,-30.494634,-29.890922,-29.45304,-29.011459,-28.514739,-27.946857,-27.455571,-26.865905,-26.326542,-25.789343,-25.054342,-24.527121,-24.12035,-24.06593,-24.570645,-25.402304,-26.496502,-27.926794,-29.403403,-31.80434,-36.424613,-41.200938,-34.285342,-29.929027,-27.601011,-26.419433,-25.88127,-25.979178,-26.69707,-28.174481,-30.805017,-35.689555,-45.775149,-37.322088,-31.266505,-27.712606,-24.843788,-22.350356,-20.908517,-19.632257,-18.822413,-18.283181,-17.643524,-17.383849,-17.815222,-18.403522,-19.462935,-20.581449,-20.85046,-21.38803,-22.379908,-24.320466,-28.15521,-29.410479,-27.825194,-26.311616,-24.249416,-22.731266,-21.131274,-19.727128,-19.574073,-19.407217,-19.856987,-20.433726,-20.693744,-20.671978,-20.463155,-20.268086,-21.035726,-21.651884,-22.582697,-23.627636,-24.463002,-25.662279,-27.121494,-28.0337,-28.189553,-27.201692,-25.613789,-24.429674,-23.946639,-24.27811,-26.338754,-29.377221,-31.69257,-30.390766,-27.751819,-25.968211,-24.646067,-22.415203,-20.848942,-19.608698,-18.65242,-18.57469,-18.709087,-19.29176,-19.91881,-20.256708,-20.242331,-20.084929,-20.108416,-20.641953,-21.994307,-24.35631,-26.81555,-25.987687,-23.527266,-21.648619,-21.800819,-22.194062,-21.900366,-21.35507,-19.836804,-18.333736,-18.125585,-18.348387,-20.024404,-21.591223,-22.09771,-22.166659,-21.03092,-19.889833,-20.972196,-22.197068,-22.110729,-20.914727,-19.267296,-17.629286,-15.769785,-12.959477,-11.543318,-10.316647
"BUR001",2022-07-24,2022-07-24 11:03:00,2022-07-26,"burbot",271,465,NA,712,204,31,"N","1",1,110,NA,NA,0,"A","MD","Region_11","Region_11_5669"," 15:18:30.9290",NA,NA,NA,NA,14.397888,2.5635,-3.8994,0.642471,-0.978154,0.055562,0.034561,14.350248,5669,5628,5715,52,-40.388465,14.267776,1.2169,0.608691,13.065,15.8993,0.020224,15.5,14.236092,14.556295,13.598013,0.613635,0.896437,1.856296,1.197125,0.916661,1.87652,1.217349,-34.396954,-33.937546,-33.660398,-33.260813,-33.500774,-33.742943,-34.350667,-35.128419,-35.926126,-36.830766,-37.677487,-38.63526,-39.707289,-41.209253,-43.28363,-46.458665,-51.570757,-53.644207,-47.245088,-42.732444,-39.700983,-37.53316,-35.938894,-34.74924,-33.852534,-33.181029,-32.6238,-32.139534,-31.595037,-31.017701,-30.478659,-30.025799,-29.780245,-29.71012,-29.796732,-30.059639,-30.38093,-30.821184,-31.355001,-32.06713,-33.173569,-34.820614,-37.075218,-40.041451,-43.749188,-46.92872,-44.638371,-40.046351,-36.255703,-33.337411,-31.304257,-30.084878,-29.482578,-29.302811,-29.410775,-29.742476,-30.355646,-31.33966,-32.868285,-35.033224,-36.900002,-36.042204,-33.609441,-31.688315,-30.47654,-29.797832,-29.370743,-29.144584,-29.02346,-29.07,-29.3301,-29.922524,-30.899756,-32.425456,-34.697723,-38.301378,-45.327421,-52.715045,-41.204143,-36.771896,-34.427731,-33.049604,-32.087685,-31.278216,-30.422204,-29.723148,-29.217902,-29.080461,-29.295341,-29.605066,NA,NA,NA,NA,NA,NA,NA,NA,NA,NA,NA,NA,NA,NA,NA,NA,NA,NA,NA,NA,NA,NA,NA,NA,NA,NA,NA,NA,NA,NA,NA,NA,NA,NA,NA,NA,NA,NA,NA,NA,NA,NA,NA,NA,NA,NA,NA,NA,NA,NA,NA,NA,NA,NA,NA,NA,NA,NA,NA,NA,NA,NA,NA,NA,NA,NA,NA,NA,NA,NA,NA,NA,NA,NA,NA,NA,NA,NA,NA,NA,NA,NA,NA,NA,NA,NA,NA,NA,NA,NA,NA,NA,NA,NA,NA,NA,NA,NA,NA,NA,NA,NA,NA,NA,NA,NA,NA,NA,NA,NA,NA,NA,NA,NA,NA,NA,NA,NA,NA,NA,NA,NA,NA,NA,NA,NA,NA,NA,NA,NA,NA,NA,NA,NA,NA,NA,NA,NA,NA,NA,NA,NA,NA,NA,NA,NA,NA,NA,NA,NA,NA,NA,NA,NA,NA,NA,NA,NA,NA,NA,NA,-22.257315,-21.392542,-20.888439,-20.740442,-20.960812,-22.606695,-24.613039,-26.654618,-29.287086,-32.728651,-38.199087,-47.56159,-38.526871,-32.707021,-29.351486,-27.682227,-26.862234,-26.71553,-27.092485,-27.733577,-28.829362,-30.317082,-32.452219,-35.221403,-38.053916,-37.261692,-33.652186,-30.527381,-28.037948,-26.473933,-25.249601,-24.5416,-24.124995,-23.652804,-23.444482,-23.276811,-23.225283,-23.545396,-24.097292,-24.731877,-25.735383,-27.127153,-28.841708,-31.353863,-34.087458,-36.918944,-38.366217,-37.458135,-35.864499,-35.026631,-34.973212,-35.716488,-36.811206,-36.861415,-35.035178,-32.163089,-29.774487,-28.39043,-27.680205,-27.364675,-27.279921,-26.814983,-26.380195,-26.246626,-26.37036,-28.115638,-30.81558,-35.141762,-44.293568,-42.965512,-34.556007,-30.617463,-28.466568,-27.455055,-27.301017,-27.813885,-28.872163,-30.233138,-32.019228,-32.725744,-30.344631,-27.386708,-24.782103,-23.029746,-21.719029,-20.313186,-19.217592,-18.789103,-18.575213,-18.853021,-19.181457,-18.506604,-17.856424,-17.288955,-17.004103,-18.263436,-19.883693,-22.488366,-25.563621,-28.152668,-32.000466,-33.385632,-28.260334,-25.064294,-23.457297,-23.508846,-24.246492,-24.65389,-24.380654,-23.460637,-22.349175,-22.411455,-22.867979,-24.276474,-26.336531,-28.37751,-29.790901,-28.81307,-26.276425,-24.302202,-22.807748,-21.468166,-20.44224,-19.575554,-18.657986,-18.361967,-17.980986,-17.561284,-17.553403,-17.58101,-18.154692,-19.273308,-19.622407,-19.868593,-19.830151,-19.944041,-21.046146,-22.108611,-21.841706,-19.914994,-17.923919,-16.518591,-15.722484,-15.449314,-15.575544,-15.90145,-16.188269,-16.377113,-16.606685,-17.542163,-18.98575,-22.182472,-25.092356,-25.402226,-23.81212,-21.490851,-19.947215,-20.294073,-21.596421,-24.655242,-26.553205,-24.998739,-22.73433,-20.100674,-18.05848,-18.177493,-18.29563,-17.837161,-17.232373,-16.94238,-18.128782,-22.768634,-40.730019,-23.955399,-20.818734
"BUR001",2022-07-24,2022-07-24 11:03:00,2022-07-26,"burbot",271,465,NA,712,204,31,"N","1",1,110,NA,NA,0,"A","MD","Region_11","Region_11_5675"," 15:18:31.8310",NA,NA,NA,NA,14.479827,1.561,-4.1627,0.393409,-1.050698,0.111185,0.180101,14.436297,5675,5628,5715,52,-40.388465,14.267776,1.2169,0.608691,13.065,15.8993,0.020224,15.5,14.236092,14.556295,13.598013,0.613635,0.896437,1.856296,1.197125,0.916661,1.87652,1.217349,-33.826053,-33.717704,-33.651768,-33.397505,-33.727076,-34.023688,-34.627876,-35.3379,-36.016969,-36.783081,-37.530825,-38.490706,-39.682083,-41.400858,-43.754081,-47.273011,-53.466306,-68.473681,-52.832035,-47.491067,-44.597578,-42.830023,-41.733163,-41.068149,-40.674769,-40.464659,-40.358833,-40.40961,-40.610289,-41.000037,-41.464161,-41.703555,-41.568067,-41.068452,-40.440345,-39.968236,-39.71225,-39.838915,-40.362343,-41.283658,-42.467704,-43.295186,-43.18973,-42.516058,-41.790308,-41.199172,-40.802486,-40.471138,-40.267959,-40.132882,-40.126987,-40.226318,-40.278125,-40.074942,-39.450959,-38.395131,-37.074337,-35.629279,-34.186053,-32.824456,-31.552658,-30.400261,-29.358467,-28.451923,-27.693971,-27.177125,-26.853427,-26.802651,-26.965901,-27.380375,-28.031489,-28.975572,-30.218544,-31.858894,-33.949724,-36.64096,-40.27479,-45.574978,-50.523744,-44.645957,-39.642458,-36.220006,-33.663476,-31.69067,-30.058355,-28.876666,-28.005879,-27.563032,-27.626358,-28.093941,NA,NA,NA,NA,NA,NA,NA,NA,NA,NA,NA,NA,NA,NA,NA,NA,NA,NA,NA,NA,NA,NA,NA,NA,NA,NA,NA,NA,NA,NA,NA,NA,NA,NA,NA,NA,NA,NA,NA,NA,NA,NA,NA,NA,NA,NA,NA,NA,NA,NA,NA,NA,NA,NA,NA,NA,NA,NA,NA,NA,NA,NA,NA,NA,NA,NA,NA,NA,NA,NA,NA,NA,NA,NA,NA,NA,NA,NA,NA,NA,NA,NA,NA,NA,NA,NA,NA,NA,NA,NA,NA,NA,NA,NA,NA,NA,NA,NA,NA,NA,NA,NA,NA,NA,NA,NA,NA,NA,NA,NA,NA,NA,NA,NA,NA,NA,NA,NA,NA,NA,NA,NA,NA,NA,NA,NA,NA,NA,NA,NA,NA,NA,NA,NA,NA,NA,NA,NA,NA,NA,NA,NA,NA,NA,NA,NA,NA,NA,NA,NA,NA,NA,NA,NA,NA,NA,NA,NA,NA,NA,NA,-31.655601,-31.773381,-31.899006,-32.041635,-32.189342,-33.250477,-34.17546,-34.57773,-34.936063,-35.295683,-35.845578,-36.449425,-37.364909,-38.617691,-39.443247,-39.813881,-39.694229,-39.656626,-39.90204,-40.222816,-40.602467,-40.656787,-40.280507,-39.454132,-38.532371,-37.566588,-36.759547,-36.320571,-36.087583,-36.360761,-36.460473,-36.363785,-35.93256,-35.190856,-34.752319,-34.596057,-34.812656,-35.617222,-36.696782,-37.748848,-38.82003,-39.79883,-40.99447,-43.943197,-49.981929,-46.986829,-40.250772,-36.140735,-33.314312,-31.468124,-30.224154,-29.565928,-29.174506,-28.594636,-27.968835,-27.02077,-26.027801,-25.354505,-24.882914,-24.58995,-24.424408,-23.817948,-23.200986,-22.722737,-22.240454,-22.906619,-23.597562,-24.178887,-24.539639,-24.570325,-24.567319,-24.656267,-24.926073,-25.38985,-25.982038,-26.605633,-27.206852,-27.534498,-27.877687,-27.943522,-27.907685,-28.591817,-28.961438,-29.323399,-29.51063,-29.290712,-29.344099,-30.075634,-30.962773,-32.377694,-33.852619,-34.302329,-34.607685,-34.465437,-33.955276,-34.291219,-34.212346,-34.562176,-34.812726,-33.800347,-32.874308,-31.482335,-29.955781,-29.346521,-28.229336,-27.553989,-27.218113,-26.872636,-26.577079,-26.164141,-25.32091,-25.02086,-24.2693,-23.935398,-23.92994,-23.752242,-23.994558,-24.379771,-24.022851,-23.529307,-23.12838,-23.025482,-23.518323,-24.413085,-25.389193,-26.887814,-27.791773,-28.171953,-28.745655,-29.244723,-30.40294,-32.496758,-34.701535,-37.547153,-38.642604,-37.611908,-36.238762,-34.734196,-33.966304,-33.979875,-34.550751,-34.784946,-33.905832,-32.852427,-32.927582,-35.210152,-42.811518,-43.724412,-34.058246,-30.757287,-29.427582,-30.476722,-31.445547,-30.817251,-29.138558,-26.313164,-23.794573,-23.007994,-22.784892,-24.173194,-25.33901,-25.136535,-24.410192,-22.325703,-20.000325,-20.031145,-20.474312,-20.431136,-19.18865,-16.360554,-13.492221,-11.734184,-10.620185,-12.490568,-15.251382
"BUR001",2022-07-24,2022-07-24 11:03:00,2022-07-26,"burbot",271,465,NA,712,204,31,"N","1",1,110,NA,NA,0,"A","MD","Region_11","Region_11_5677"," 15:18:32.1270",0,0.3121,0.2036,0,14.468122,1.0789,-2.5386,0.272144,-0.640727,0.125378,0.138766,14.451365,5677,5628,5715,52,-40.388465,14.267776,1.2169,0.608691,13.065,15.8993,0.020224,15.5,14.236092,14.556295,13.598013,0.613635,0.896437,1.856296,1.197125,0.916661,1.87652,1.217349,-35.709053,-34.555452,-33.516538,-32.473501,-32.095711,-31.832237,-31.911838,-32.108554,-32.324199,-32.586076,-32.744862,-32.955125,-33.169761,-33.615888,-34.286775,-35.238507,-36.473032,-37.747573,-38.309301,-37.405746,-35.517672,-33.570756,-31.919458,-30.572442,-29.500688,-28.659748,-27.98968,-27.538113,-27.247942,-27.144448,-27.236586,-27.445005,-27.802448,-28.258831,-28.771023,-29.360241,-29.913878,-30.431489,-30.848724,-31.141771,-31.406402,-31.752692,-32.190716,-32.734234,-33.31022,-33.831293,-34.396676,-35.006513,-35.900243,-37.291161,-39.529119,-42.987781,-47.14354,-45.421041,-40.642625,-37.008335,-34.309655,-32.227285,-30.631337,-29.421245,-28.550313,-27.988455,-27.663639,-27.556272,-27.58509,-27.763568,-28.031226,-28.43907,-28.936154,-29.552656,-30.225495,-30.952327,-31.662001,-32.341291,-32.88869,-33.220988,-33.184836,-32.778142,-32.162598,-31.534575,-31.076569,-30.683957,-30.203828,-29.576228,-28.728818,-27.844787,-27.253555,-27.159736,-27.509318,-28.063504,NA,NA,NA,NA,NA,NA,NA,NA,NA,NA,NA,NA,NA,NA,NA,NA,NA,NA,NA,NA,NA,NA,NA,NA,NA,NA,NA,NA,NA,NA,NA,NA,NA,NA,NA,NA,NA,NA,NA,NA,NA,NA,NA,NA,NA,NA,NA,NA,NA,NA,NA,NA,NA,NA,NA,NA,NA,NA,NA,NA,NA,NA,NA,NA,NA,NA,NA,NA,NA,NA,NA,NA,NA,NA,NA,NA,NA,NA,NA,NA,NA,NA,NA,NA,NA,NA,NA,NA,NA,NA,NA,NA,NA,NA,NA,NA,NA,NA,NA,NA,NA,NA,NA,NA,NA,NA,NA,NA,NA,NA,NA,NA,NA,NA,NA,NA,NA,NA,NA,NA,NA,NA,NA,NA,NA,NA,NA,NA,NA,NA,NA,NA,NA,NA,NA,NA,NA,NA,NA,NA,NA,NA,NA,NA,NA,NA,NA,NA,NA,NA,NA,NA,NA,NA,NA,NA,NA,NA,NA,NA,NA,-31.386791,-31.109223,-30.910622,-30.831706,-30.907511,-31.629055,-32.447822,-32.913979,-33.377553,-33.801612,-34.20235,-34.725645,-35.211062,-35.684343,-35.985971,-36.131204,-36.13478,-36.011293,-35.731541,-35.32365,-34.8449,-34.401902,-34.073198,-33.859857,-33.796604,-33.823139,-33.953585,-34.217514,-34.632817,-35.278912,-36.164439,-37.33662,-38.799393,-40.673139,-43.193564,-46.353976,-47.105907,-43.493134,-39.830616,-37.096477,-35.098206,-33.760655,-32.770151,-32.161539,-31.71819,-31.283764,-30.833484,-30.278248,-29.70572,-29.275037,-28.913067,-28.65907,-28.480572,-28.198936,-27.960209,-27.759676,-27.536437,-27.483023,-27.478433,-27.493335,-27.673915,-27.832965,-28.187426,-28.945463,-29.758633,-30.910474,-32.000368,-32.833175,-33.873925,-35.502305,-37.869916,-41.286398,-45.673882,-46.000473,-41.603143,-38.176057,-36.006731,-34.785502,-34.167069,-33.668772,-33.19813,-33.059647,-32.764085,-32.23954,-31.74376,-31.023772,-30.376342,-30.032141,-29.556019,-29.510923,-29.606962,-29.483532,-29.576025,-29.390423,-28.919613,-28.688517,-28.459564,-28.968423,-29.749976,-30.02976,-30.189409,-29.510426,-28.161969,-26.789175,-25.475618,-25.46792,-25.975053,-27.116174,-27.966132,-27.843793,-27.37939,-26.861154,-26.409066,-26.507168,-26.797825,-27.349348,-27.876934,-28.397685,-28.821697,-29.478287,-30.385938,-30.996508,-31.555803,-31.734538,-31.587005,-31.641843,-31.375748,-31.129705,-30.74952,-30.286593,-29.842439,-29.306985,-28.520205,-28.007907,-27.626252,-27.631139,-28.176591,-28.700472,-29.374422,-29.763318,-29.616659,-29.128089,-28.665645,-28.47647,-28.664913,-29.232711,-30.058333,-31.015504,-31.51403,-31.363386,-30.944118,-31.083984,-31.134632,-31.030243,-30.837647,-30.468402,-30.021667,-29.348641,-28.003711,-26.852115,-25.813386,-25.07932,-24.902177,-25.160156,-25.225056,-25.196324,-24.350706,-23.221767,-22.487655,-22.228858,-22.538414,-23.453446,-23.347519,-22.928764,-22.498556
"BUR001",2022-07-24,2022-07-24 11:03:00,2022-07-26,"burbot",271,465,NA,712,204,31,"N","1",1,110,NA,NA,0,"A","MD","Region_11","Region_11_5678"," 15:18:32.2780",0,0.3214,-0.4813,0,14.468122,1.391,-2.335,0.350926,-0.58929,0.100915,0.122196,14.451856,5678,5628,5715,52,-40.388465,14.267776,1.2169,0.608691,13.065,15.8993,0.020224,15.5,14.236092,14.556295,13.598013,0.613635,0.896437,1.856296,1.197125,0.916661,1.87652,1.217349,-36.868287,-36.403271,-36.0036,-35.507139,-35.511204,-35.423939,-35.504479,-35.582187,-35.571057,-35.466543,-35.111716,-34.7149,-34.306862,-34.151969,-34.231034,-34.555901,-35.10375,-35.766711,-36.327666,-36.482039,-35.980718,-35.004588,-33.887272,-32.808026,-31.839371,-30.962213,-30.115105,-29.364603,-28.709587,-28.252474,-28.050081,-28.020076,-28.157698,-28.363813,-28.55714,-28.740365,-28.810717,-28.801941,-28.700872,-28.525749,-28.376698,-28.332184,-28.365036,-28.477225,-28.603178,-28.656815,-28.717315,-28.717751,-28.759304,-28.837516,-29.012176,-29.299446,-29.70175,-30.226017,-30.849317,-31.501846,-32.033599,-32.178189,-31.787952,-30.927898,-29.860545,-28.8144,-27.86856,-27.082815,-26.419919,-25.916895,-25.519352,-25.270732,-25.109842,-25.058319,-25.049188,-25.080502,-25.088497,-25.094323,-25.080956,-25.113906,-25.200967,-25.393,-25.698264,-26.061415,-26.506301,-26.940631,-27.333472,-27.708577,-27.91863,-27.919134,-27.916949,-28.261552,-29.104171,-30.093084,NA,NA,NA,NA,NA,NA,NA,NA,NA,NA,NA,NA,NA,NA,NA,NA,NA,NA,NA,NA,NA,NA,NA,NA,NA,NA,NA,NA,NA,NA,NA,NA,NA,NA,NA,NA,NA,NA,NA,NA,NA,NA,NA,NA,NA,NA,NA,NA,NA,NA,NA,NA,NA,NA,NA,NA,NA,NA,NA,NA,NA,NA,NA,NA,NA,NA,NA,NA,NA,NA,NA,NA,NA,NA,NA,NA,NA,NA,NA,NA,NA,NA,NA,NA,NA,NA,NA,NA,NA,NA,NA,NA,NA,NA,NA,NA,NA,NA,NA,NA,NA,NA,NA,NA,NA,NA,NA,NA,NA,NA,NA,NA,NA,NA,NA,NA,NA,NA,NA,NA,NA,NA,NA,NA,NA,NA,NA,NA,NA,NA,NA,NA,NA,NA,NA,NA,NA,NA,NA,NA,NA,NA,NA,NA,NA,NA,NA,NA,NA,NA,NA,NA,NA,NA,NA,NA,NA,NA,NA,NA,NA,-42.054941,-39.051563,-36.167495,-33.840204,-32.119011,-31.453137,-31.258906,-31.092814,-31.319917,-31.875231,-32.701123,-33.753182,-34.637404,-35.383572,-36.110288,-37.028064,-37.84032,-37.676636,-36.283229,-34.57565,-33.176551,-32.236524,-31.730486,-31.561232,-31.705157,-32.034194,-32.438929,-32.785781,-32.927551,-32.86405,-32.659178,-32.499411,-32.498298,-32.650348,-32.757031,-32.622368,-32.107939,-31.378338,-30.582605,-29.851258,-29.223123,-28.835358,-28.485606,-28.262983,-27.962243,-27.451004,-26.82029,-26.135032,-25.548257,-25.220188,-25.044102,-25.00309,-25.037108,-24.932467,-24.838654,-24.809111,-24.848925,-25.197272,-25.723562,-26.324165,-27.066908,-27.671482,-28.21356,-28.801795,-29.068022,-29.420882,-29.649247,-29.526222,-29.331246,-29.194518,-29.036188,-28.910779,-28.803161,-28.605098,-28.206134,-27.598879,-26.885402,-26.265735,-25.844302,-25.525424,-25.447007,-25.942487,-26.43072,-26.645784,-26.735113,-26.49507,-26.419234,-26.961139,-27.668902,-28.820341,-29.908551,-30.553326,-31.357015,-32.243134,-33.480001,-34.832082,-35.185348,-35.81351,-36.761087,-37.075912,-36.641878,-34.574804,-31.436537,-28.375204,-25.739849,-24.755191,-24.559941,-25.233236,-25.769154,-25.445947,-24.879832,-24.265814,-23.783067,-23.914365,-24.302718,-25.039193,-25.711272,-26.126453,-26.037849,-25.891863,-26.088164,-26.343986,-27.003082,-27.634156,-27.992037,-28.317082,-28.192167,-28.289589,-28.649246,-29.332402,-30.267856,-31.070404,-31.148023,-30.783404,-30.236116,-30.096412,-30.737843,-31.805484,-33.252843,-33.562072,-32.154534,-30.542442,-29.631423,-29.662371,-30.791797,-33.30232,-37.684813,-43.076368,-41.931259,-40.458114,-42.151444,-42.947814,-36.152188,-31.271604,-28.422498,-26.835184,-26.272381,-26.413699,-26.099671,-24.993423,-23.129848,-21.38244,-20.299168,-20.013136,-20.253352,-21.203754,-21.30361,-19.987616,-18.267485,-16.91724,-16.328487,-17.092468,-18.650131,-21.144991,-22.599694
"BUR001",2022-07-24,2022-07-24 11:03:00,2022-07-26,"burbot",271,465,NA,712,204,31,"N","1",1,110,NA,NA,0,"A","MD","Region_11","Region_11_5679"," 15:18:32.4270",0.0234110000000012,0.6062,-0.6331,1.5299443144686,14.468122,1.7124,-2.8163,0.431811,-0.71055,0.048613,0.104231,14.44421,5679,5628,5715,52,-40.388465,14.267776,1.2169,0.608691,13.065,15.8993,0.020224,15.5,14.236092,14.556295,13.598013,0.613635,0.896437,1.856296,1.197125,0.916661,1.87652,1.217349,-38.564404,-37.715402,-36.705095,-35.631669,-35.321585,-35.168746,-35.309373,-35.441872,-35.462566,-35.460583,-35.329252,-35.248314,-35.163949,-35.269327,-35.520289,-35.972658,-36.643838,-37.498217,-38.40935,-39.092597,-39.131081,-38.436846,-37.326804,-36.127025,-35.023442,-34.074154,-33.265527,-32.687903,-32.343927,-32.31321,-32.586172,-32.980521,-33.361225,-33.513789,-33.335527,-32.904919,-32.231161,-31.439931,-30.5446,-29.579561,-28.681419,-27.976818,-27.496529,-27.260782,-27.175908,-27.134678,-27.190472,-27.267786,-27.463081,-27.722644,-28.000101,-28.17226,-28.17369,-28.055666,-27.886042,-27.703214,-27.539798,-27.38698,-27.285969,-27.264064,-27.362428,-27.604793,-27.904679,-28.151996,-28.1966,-28.071417,-27.791265,-27.481331,-27.109288,-26.688778,-26.149957,-25.520071,-24.801966,-24.09057,-23.405434,-22.802155,-22.277831,-21.849127,-21.533985,-21.300192,-21.184146,-21.116772,-21.060636,-21.055185,-21.035737,-21.121486,-21.47727,-22.29341,-23.581469,-25.065762,NA,NA,NA,NA,NA,NA,NA,NA,NA,NA,NA,NA,NA,NA,NA,NA,NA,NA,NA,NA,NA,NA,NA,NA,NA,NA,NA,NA,NA,NA,NA,NA,NA,NA,NA,NA,NA,NA,NA,NA,NA,NA,NA,NA,NA,NA,NA,NA,NA,NA,NA,NA,NA,NA,NA,NA,NA,NA,NA,NA,NA,NA,NA,NA,NA,NA,NA,NA,NA,NA,NA,NA,NA,NA,NA,NA,NA,NA,NA,NA,NA,NA,NA,NA,NA,NA,NA,NA,NA,NA,NA,NA,NA,NA,NA,NA,NA,NA,NA,NA,NA,NA,NA,NA,NA,NA,NA,NA,NA,NA,NA,NA,NA,NA,NA,NA,NA,NA,NA,NA,NA,NA,NA,NA,NA,NA,NA,NA,NA,NA,NA,NA,NA,NA,NA,NA,NA,NA,NA,NA,NA,NA,NA,NA,NA,NA,NA,NA,NA,NA,NA,NA,NA,NA,NA,NA,NA,NA,NA,NA,NA,-37.033009,-35.053674,-33.315952,-31.790854,-30.415632,-29.777195,-29.179718,-28.254048,-27.44779,-26.750241,-26.247663,-25.988328,-25.928336,-26.188052,-26.560104,-27.065721,-27.502799,-27.886896,-28.265047,-28.675415,-29.210811,-29.859736,-30.616448,-31.32524,-31.94903,-32.359446,-32.602505,-32.810703,-33.011841,-33.446982,-34.053101,-34.909027,-35.819014,-36.457137,-36.655209,-36.309951,-35.557752,-34.775943,-34.128084,-33.685335,-33.505289,-33.596783,-33.668973,-33.818205,-33.754459,-33.561364,-33.415992,-33.414131,-33.595556,-34.051884,-34.648307,-35.43428,-36.364082,-37.192363,-38.033827,-38.647195,-38.898267,-39.231455,-39.83486,-40.700607,-41.777117,-42.583367,-43.202401,-43.830236,-44.560132,-46.673288,-50.086376,-53.233958,-52.837291,-50.574322,-48.456993,-47.321658,-47.984252,-51.514063,-58.659216,-55.811427,-54.663461,-60.944776,-60.302129,-52.49758,-48.706915,-45.134355,-41.756385,-39.600155,-38.770377,-38.488442,-38.316066,-38.099354,-37.400098,-36.570746,-35.511264,-34.164276,-33.422862,-33.055206,-32.925108,-33.324139,-33.581421,-34.263913,-34.662157,-33.995111,-33.31042,-32.313358,-31.200393,-30.458012,-29.735734,-30.244392,-31.430845,-33.315549,-35.14889,-36.129566,-36.14508,-35.318221,-33.85237,-32.758494,-32.003699,-31.683417,-31.815506,-32.463882,-33.395987,-34.742675,-36.1281,-36.689644,-36.486252,-35.554618,-34.282432,-33.469836,-32.68448,-32.256399,-32.18278,-32.331531,-32.840367,-33.681118,-34.46453,-35.381396,-35.575585,-35.086061,-34.451942,-33.356166,-32.155984,-30.785082,-29.339332,-28.009759,-26.966779,-26.306853,-26.018753,-25.918814,-25.6332,-25.023301,-24.066838,-23.175179,-22.585273,-23.151679,-24.065975,-25.200865,-26.599385,-27.403243,-27.461453,-27.270692,-26.695885,-26.517615,-26.107944,-25.493717,-25.230507,-25.042507,-24.334727,-22.886737,-20.309039,-17.80995,-15.89678,-14.445832,-13.646456,-13.954137,-14.59125,-15.703812,-15.741527
"BUR001",2022-07-24,2022-07-24 11:03:00,2022-07-26,"burbot",271,465,NA,712,204,31,"N","1",1,110,NA,NA,0,"A","MD","Region_11","Region_11_5680"," 15:18:32.5780",NA,NA,NA,NA,14.491533,2.3186,-3.4494,0.585222,-0.8712,0.009978,0.19107,14.453479,5680,5628,5715,52,-40.388465,14.267776,1.2169,0.608691,13.065,15.8993,0.020224,15.5,14.236092,14.556295,13.598013,0.613635,0.896437,1.856296,1.197125,0.916661,1.87652,1.217349,-36.035719,-35.499164,-35.158462,-34.752749,-34.982325,-35.215846,-35.800906,-36.584194,-37.456881,-38.42852,-39.158498,-39.580621,-39.595509,-39.558902,-39.569053,-39.74645,-40.038726,-40.348506,-40.559033,-40.565061,-40.35387,-40.0283,-39.738247,-39.576735,-39.585188,-39.760032,-40.009984,-40.280277,-40.413147,-40.46659,-40.566881,-40.693721,-40.746415,-40.404112,-39.513013,-38.286908,-36.93168,-35.698468,-34.601973,-33.627894,-32.828087,-32.231613,-31.839967,-31.668229,-31.603113,-31.536095,-31.473682,-31.267423,-30.928023,-30.357363,-29.65643,-28.974158,-28.397979,-27.941301,-27.564688,-27.217804,-26.901683,-26.598842,-26.335802,-26.133412,-25.984269,-25.888098,-25.802635,-25.73226,-25.679526,-25.75001,-25.929325,-26.3145,-26.849626,-27.507626,-28.085341,-28.329982,-27.992111,-27.190129,-26.146024,-25.075099,-24.078569,-23.187719,-22.456253,-21.868529,-21.446321,-21.136997,-20.886241,-20.723161,-20.592118,-20.662142,-20.921317,-21.404527,-22.038295,-22.68739,NA,NA,NA,NA,NA,NA,NA,NA,NA,NA,NA,NA,NA,NA,NA,NA,NA,NA,NA,NA,NA,NA,NA,NA,NA,NA,NA,NA,NA,NA,NA,NA,NA,NA,NA,NA,NA,NA,NA,NA,NA,NA,NA,NA,NA,NA,NA,NA,NA,NA,NA,NA,NA,NA,NA,NA,NA,NA,NA,NA,NA,NA,NA,NA,NA,NA,NA,NA,NA,NA,NA,NA,NA,NA,NA,NA,NA,NA,NA,NA,NA,NA,NA,NA,NA,NA,NA,NA,NA,NA,NA,NA,NA,NA,NA,NA,NA,NA,NA,NA,NA,NA,NA,NA,NA,NA,NA,NA,NA,NA,NA,NA,NA,NA,NA,NA,NA,NA,NA,NA,NA,NA,NA,NA,NA,NA,NA,NA,NA,NA,NA,NA,NA,NA,NA,NA,NA,NA,NA,NA,NA,NA,NA,NA,NA,NA,NA,NA,NA,NA,NA,NA,NA,NA,NA,NA,NA,NA,NA,NA,NA,-36.526363,-35.253491,-33.519644,-31.690594,-30.027594,-29.527711,-29.247966,-28.748589,-28.373064,-27.95083,-27.553785,-27.012588,-26.481743,-26.225341,-26.040126,-26.214045,-26.391129,-26.557595,-26.677246,-26.623282,-26.540742,-26.353456,-26.159444,-25.852912,-25.563266,-25.196481,-24.837448,-24.650574,-24.49936,-24.731304,-25.018243,-25.521218,-26.060136,-26.365431,-26.645685,-26.763931,-26.778439,-26.899693,-27.029533,-27.046559,-27.110704,-27.223483,-27.234277,-27.522937,-27.737727,-28.109668,-28.627643,-29.343815,-30.217581,-31.273543,-32.190882,-32.939175,-33.424185,-33.414472,-33.260387,-32.861295,-32.349125,-31.99057,-31.676299,-31.322138,-30.899249,-29.919718,-28.725301,-27.594821,-26.432189,-26.307604,-26.471239,-26.719788,-27.00533,-27.123536,-27.083854,-26.89382,-26.647143,-26.471538,-26.462075,-26.644958,-26.987169,-27.276321,-27.574912,-27.562233,-27.389137,-27.814398,-28.158541,-28.67607,-29.236276,-29.441709,-29.747217,-30.64487,-31.819575,-33.58987,-35.412047,-36.205289,-36.652746,-36.724011,-36.660908,-37.281091,-37.475236,-38.250566,-39.476279,-40.274586,-41.83006,-42.999133,-41.604125,-39.440785,-38.266821,-39.514783,-42.791022,-45.579564,-42.424515,-38.452703,-35.520014,-33.829096,-32.277741,-31.230253,-30.458831,-29.83155,-29.85032,-30.756758,-32.257383,-33.946878,-34.879244,-35.488099,-36.697269,-37.362015,-35.224282,-32.464569,-30.181859,-28.615288,-27.714599,-26.782791,-25.793295,-24.762496,-23.56531,-23.408538,-23.449479,-23.307414,-23.258034,-22.599234,-21.721033,-20.842895,-20.17436,-19.788105,-19.668034,-19.742817,-19.86551,-19.815168,-19.438587,-18.904588,-18.360813,-18.257058,-18.421761,-19.889791,-21.370866,-22.330764,-23.15962,-23.139486,-22.861245,-23.177151,-23.331065,-24.096593,-24.251994,-23.361726,-22.045001,-19.599204,-16.930713,-15.992903,-15.903247,-16.920783,-19.411295,-23.83364,-27.808226,-22.795999,-19.659495,-19.526905,-17.382298
"BUR001",2022-07-24,2022-07-24 11:03:00,2022-07-26,"burbot",271,465,NA,712,204,31,"N","1",1,110,NA,NA,0,"A","MD","Region_11","Region_11_5687"," 15:18:33.6160",0.0468230000000016,-0.4683,0.3984,4.35494555645188,14.538355,1.918,-3.702,0.485561,-0.938179,0.043652,0.040162,14.499925,5687,5628,5715,52,-40.388465,14.267776,1.2169,0.608691,13.065,15.8993,0.020224,15.5,14.236092,14.556295,13.598013,0.613635,0.896437,1.856296,1.197125,0.916661,1.87652,1.217349,-39.914209,-39.94967,-39.580081,-38.756131,-38.432779,-38.135502,-38.218722,-38.436537,-38.559326,-38.529912,-38.115726,-37.564668,-36.999057,-36.716866,-36.646352,-36.81024,-37.158916,-37.664372,-38.302077,-38.989987,-39.60102,-40.002955,-40.143241,-40.060417,-39.861842,-39.675094,-39.574011,-39.694568,-40.038978,-40.646792,-41.481165,-42.424467,-43.446322,-44.330583,-44.729582,-44.374039,-43.273666,-41.907526,-40.564051,-39.39356,-38.513741,-37.939785,-37.636245,-37.595468,-37.708981,-37.918491,-38.329358,-38.942997,-39.868823,-40.651125,-40.323494,-38.829999,-37.216846,-36.010451,-35.254572,-34.89286,-34.929373,-35.354583,-36.172834,-37.248699,-38.099379,-38.082266,-37.210515,-36.178276,-35.401304,-35.023512,-34.934735,-35.142543,-35.550651,-36.168683,-36.929975,-37.783377,-38.552701,-39.135,-39.457977,-39.6233,-39.766425,-39.925288,-40.059922,-40.005686,-39.756531,-39.426454,-39.15084,-38.985997,-38.648686,-38.114501,-37.742466,-38.408192,-40.640033,-44.095758,NA,NA,NA,NA,NA,NA,NA,NA,NA,NA,NA,NA,NA,NA,NA,NA,NA,NA,NA,NA,NA,NA,NA,NA,NA,NA,NA,NA,NA,NA,NA,NA,NA,NA,NA,NA,NA,NA,NA,NA,NA,NA,NA,NA,NA,NA,NA,NA,NA,NA,NA,NA,NA,NA,NA,NA,NA,NA,NA,NA,NA,NA,NA,NA,NA,NA,NA,NA,NA,NA,NA,NA,NA,NA,NA,NA,NA,NA,NA,NA,NA,NA,NA,NA,NA,NA,NA,NA,NA,NA,NA,NA,NA,NA,NA,NA,NA,NA,NA,NA,NA,NA,NA,NA,NA,NA,NA,NA,NA,NA,NA,NA,NA,NA,NA,NA,NA,NA,NA,NA,NA,NA,NA,NA,NA,NA,NA,NA,NA,NA,NA,NA,NA,NA,NA,NA,NA,NA,NA,NA,NA,NA,NA,NA,NA,NA,NA,NA,NA,NA,NA,NA,NA,NA,NA,NA,NA,NA,NA,NA,NA,-25.799865,-25.436405,-25.265151,-25.21993,-25.21837,-26.043552,-26.719398,-26.883554,-27.034319,-27.188978,-27.501263,-27.840302,-28.332701,-29.107915,-29.851116,-30.82763,-31.780067,-32.835555,-34.061972,-35.362792,-36.813094,-38.086635,-38.848181,-38.745316,-38.082181,-37.127163,-36.247141,-35.752882,-35.587584,-36.064538,-36.650073,-37.17141,-37.252336,-36.837102,-36.530158,-36.447356,-36.728505,-37.596163,-38.883251,-40.436599,-42.352662,-44.237369,-44.684842,-43.248021,-40.96855,-39.078267,-37.649211,-36.571099,-35.752914,-35.279526,-34.966824,-34.934328,-35.117628,-35.241052,-35.339904,-34.662655,-33.113021,-31.486164,-30.063759,-28.891503,-27.986422,-26.918156,-26.122108,-25.841507,-25.851927,-26.922392,-27.795857,-28.025724,-27.682012,-26.991189,-26.37747,-26.048277,-26.105788,-26.550882,-27.284861,-28.149211,-29.027156,-29.747148,-30.581067,-31.363445,-32.295015,-33.972882,-35.247182,-36.144687,-36.718999,-36.795614,-36.55816,-35.985098,-34.986752,-34.535172,-34.440385,-33.812574,-33.425203,-32.938475,-32.275491,-32.551463,-33.033524,-34.471154,-36.068111,-36.379245,-36.222465,-35.006357,-33.326083,-32.615221,-32.151501,-32.755021,-33.803921,-34.918069,-36.147684,-37.501929,-37.537826,-35.187355,-32.187307,-30.270379,-28.957632,-27.507927,-26.006117,-24.464783,-22.961804,-22.299684,-22.186031,-22.191302,-22.379481,-22.401007,-22.005395,-21.850431,-21.311522,-20.581425,-19.989485,-19.19985,-18.669325,-18.608939,-18.598595,-19.544528,-20.258405,-20.620513,-21.411512,-22.280408,-23.738586,-25.533796,-27.111984,-27.946386,-28.283898,-28.92886,-30.663589,-34.502508,-41.630225,-36.8911,-31.602537,-29.330356,-28.409122,-29.277466,-29.935258,-29.527694,-28.909164,-27.892006,-27.270705,-27.812007,-28.32778,-29.468468,-29.837601,-28.916368,-27.633624,-25.465275,-23.245975,-22.985098,-23.384883,-24.22268,-24.813673,-23.579576,-21.35068,-19.883038,-19.199084,-21.222535,-24.885507
"BUR001",2022-07-24,2022-07-24 11:03:00,2022-07-26,"burbot",271,465,NA,712,204,31,"N","1",1,110,NA,NA,0,"A","MD","Region_11","Region_11_5688"," 15:18:33.7670",-0.0585280000000008,-0.59364,0.9122,-3.07820464936656,14.585178,1.4497,-3.3036,0.368392,-0.840223,0.070347,0.209037,14.556295,5688,5628,5715,52,-40.388465,14.267776,1.2169,0.608691,13.065,15.8993,0.020224,15.5,14.236092,14.556295,13.598013,0.613635,0.896437,1.856296,1.197125,0.916661,1.87652,1.217349,-53.445659,-52.270814,-51.717417,-51.35088,-51.708779,-51.363559,-49.850045,-47.895565,-46.401737,-45.826502,-46.215282,-47.780553,-49.74679,-49.560195,-46.887973,-44.252931,-42.274329,-40.939095,-40.263702,-40.33808,-41.286853,-43.364548,-47.21152,-55.679159,-59.120816,-48.553398,-44.115983,-41.283416,-39.108564,-37.381742,-36.094888,-35.187757,-34.65898,-34.390598,-34.302165,-34.421342,-34.693636,-35.251137,-36.177105,-37.57931,-39.455093,-41.369015,-42.878864,-44.256706,-45.866941,-47.84669,-49.88719,-49.264721,-45.212627,-41.15631,-38.303847,-36.66917,-35.954485,-35.815358,-35.948882,-36.116955,-36.171214,-36.029437,-35.810864,-35.748107,-36.089175,-36.986589,-38.271432,-39.342889,-39.357236,-38.341047,-36.867116,-35.42246,-34.094708,-32.946671,-31.933052,-31.056473,-30.243266,-29.491162,-28.74381,-28.014463,-27.31396,-26.680486,-26.183301,-25.824112,-25.635537,-25.531806,-25.427725,-25.330253,-25.185789,-25.217372,-25.635629,-26.699045,-28.464156,-30.742265,NA,NA,NA,NA,NA,NA,NA,NA,NA,NA,NA,NA,NA,NA,NA,NA,NA,NA,NA,NA,NA,NA,NA,NA,NA,NA,NA,NA,NA,NA,NA,NA,NA,NA,NA,NA,NA,NA,NA,NA,NA,NA,NA,NA,NA,NA,NA,NA,NA,NA,NA,NA,NA,NA,NA,NA,NA,NA,NA,NA,NA,NA,NA,NA,NA,NA,NA,NA,NA,NA,NA,NA,NA,NA,NA,NA,NA,NA,NA,NA,NA,NA,NA,NA,NA,NA,NA,NA,NA,NA,NA,NA,NA,NA,NA,NA,NA,NA,NA,NA,NA,NA,NA,NA,NA,NA,NA,NA,NA,NA,NA,NA,NA,NA,NA,NA,NA,NA,NA,NA,NA,NA,NA,NA,NA,NA,NA,NA,NA,NA,NA,NA,NA,NA,NA,NA,NA,NA,NA,NA,NA,NA,NA,NA,NA,NA,NA,NA,NA,NA,NA,NA,NA,NA,NA,NA,NA,NA,NA,NA,NA,-29.843635,-29.890791,-30.175183,-30.747977,-31.451917,-32.671656,-33.493594,-33.72913,-34.092758,-34.676442,-35.414258,-35.934282,-35.986281,-35.924408,-36.021634,-36.609416,-37.196175,-37.193698,-36.418064,-35.398176,-34.834461,-35.023547,-36.188709,-38.369817,-41.263711,-42.096654,-39.68193,-37.164908,-35.181387,-33.61763,-32.074152,-30.856781,-30.185544,-30.060654,-30.473412,-31.00398,-31.28211,-31.374024,-31.394611,-31.556079,-32.126221,-33.20754,-34.603138,-36.365182,-37.759035,-38.011953,-36.514875,-34.166998,-32.044469,-30.553654,-29.499398,-28.865744,-28.538455,-28.329466,-28.53234,-29.056938,-29.771611,-30.611967,-31.306437,-31.829763,-32.25657,-32.225743,-32.044028,-31.897498,-31.492864,-31.465537,-31.137491,-30.415359,-29.509363,-28.508754,-27.540231,-26.703601,-26.044651,-25.531254,-25.091559,-24.699423,-24.414732,-24.218569,-24.224492,-24.142106,-24.055517,-24.528031,-24.853032,-25.147976,-25.483871,-25.617789,-25.993583,-26.78157,-27.197733,-27.477912,-27.318968,-26.243877,-25.136678,-23.928957,-22.992594,-23.256884,-23.768075,-25.001546,-26.371238,-26.993416,-27.83408,-28.424495,-28.968077,-29.860335,-30.075005,-30.659735,-31.087776,-31.065896,-30.228945,-28.754263,-27.439313,-27.041732,-26.971131,-27.527657,-28.156902,-28.419613,-28.343561,-28.155501,-28.027347,-28.547864,-29.354263,-29.786543,-29.936849,-29.649997,-29.11753,-29.194424,-29.374015,-29.873034,-30.675296,-31.339067,-31.889236,-32.198649,-31.982015,-32.239768,-32.325689,-32.258483,-32.386133,-32.020637,-31.58837,-31.213853,-30.982842,-30.755953,-30.271353,-29.416057,-28.353176,-27.323455,-26.435764,-25.724093,-25.074515,-24.759226,-24.732269,-26.087251,-27.805944,-29.526203,-30.922327,-30.352708,-28.541659,-27.102253,-25.710976,-25.188347,-24.573593,-23.549975,-22.670219,-21.379801,-19.850376,-19.564907,-19.441853,-19.26902,-18.950346,-17.983603,-16.76439,-15.936876,-14.913939,-15.066888,-14.967366
"BUR001",2022-07-24,2022-07-24 11:03:00,2022-07-26,"burbot",271,465,NA,712,204,31,"N","1",1,110,NA,NA,0,"A","MD","Region_11","Region_11_5689"," 15:18:33.9140",-0.0117060000000002,-0.07647,0.3852,-1.70735092360143,14.52665,0.85606,-2.3914,0.216846,-0.606071,0.036509,0.312305,14.512381,5689,5628,5715,52,-40.388465,14.267776,1.2169,0.608691,13.065,15.8993,0.020224,15.5,14.236092,14.556295,13.598013,0.613635,0.896437,1.856296,1.197125,0.916661,1.87652,1.217349,-39.27553,-38.8328,-38.58497,-38.262957,-38.550972,-38.881463,-39.215382,-38.999463,-38.165628,-37.129186,-36.150617,-35.596015,-35.393088,-35.566723,-35.841798,-36.038583,-36.083996,-35.988046,-35.845692,-35.790377,-35.832167,-35.971642,-36.150594,-36.280468,-36.354705,-36.405708,-36.489532,-36.787067,-37.35153,-38.242746,-39.395441,-40.568965,-41.664511,-42.649331,-43.619629,-44.728189,-45.876537,-46.932321,-47.706986,-48.389962,-49.765595,-52.284112,-51.369397,-46.564433,-42.800016,-40.072537,-38.062757,-36.476116,-35.300806,-34.453228,-33.868251,-33.403514,-32.983383,-32.657282,-32.512225,-32.644318,-33.156766,-34.117589,-35.634153,-37.722637,-40.226376,-42.236939,-42.087001,-40.29071,-38.350354,-36.834552,-35.737425,-35.040708,-34.614301,-34.432887,-34.41363,-34.573646,-34.892079,-35.432527,-36.209573,-37.291946,-38.607377,-39.895987,-40.491058,-39.953918,-38.906273,-37.980921,-37.494292,-37.623888,-38.347883,-39.691834,-41.609769,-43.686389,-45.537469,-47.27526,NA,NA,NA,NA,NA,NA,NA,NA,NA,NA,NA,NA,NA,NA,NA,NA,NA,NA,NA,NA,NA,NA,NA,NA,NA,NA,NA,NA,NA,NA,NA,NA,NA,NA,NA,NA,NA,NA,NA,NA,NA,NA,NA,NA,NA,NA,NA,NA,NA,NA,NA,NA,NA,NA,NA,NA,NA,NA,NA,NA,NA,NA,NA,NA,NA,NA,NA,NA,NA,NA,NA,NA,NA,NA,NA,NA,NA,NA,NA,NA,NA,NA,NA,NA,NA,NA,NA,NA,NA,NA,NA,NA,NA,NA,NA,NA,NA,NA,NA,NA,NA,NA,NA,NA,NA,NA,NA,NA,NA,NA,NA,NA,NA,NA,NA,NA,NA,NA,NA,NA,NA,NA,NA,NA,NA,NA,NA,NA,NA,NA,NA,NA,NA,NA,NA,NA,NA,NA,NA,NA,NA,NA,NA,NA,NA,NA,NA,NA,NA,NA,NA,NA,NA,NA,NA,NA,NA,NA,NA,NA,NA,-39.091868,-40.061475,-40.18363,-38.995533,-37.097152,-35.631275,-34.406031,-33.050553,-31.924577,-30.996775,-30.273018,-29.968657,-29.967867,-30.387429,-31.109141,-31.930784,-32.586403,-32.88798,-32.879651,-32.811064,-32.844699,-33.089955,-33.505843,-33.913423,-34.097572,-33.846367,-33.223336,-32.437895,-31.687168,-31.07344,-30.622146,-30.275915,-29.915498,-29.507229,-29.041609,-28.646644,-28.324628,-28.182597,-28.233189,-28.518795,-28.980258,-29.664246,-30.267031,-30.81343,-31.260602,-31.698862,-32.424422,-33.505323,-34.979286,-36.727709,-38.222534,-39.007077,-38.967562,-38.356192,-37.845012,-37.894318,-38.722205,-40.667348,-43.754965,-48.017672,-48.780566,-43.493229,-39.131266,-36.27817,-34.374233,-33.540562,-33.25982,-32.972359,-32.782933,-32.800842,-32.943466,-33.309651,-33.964453,-34.855127,-35.752335,-36.322897,-36.392973,-36.157547,-35.852014,-35.516239,-35.364341,-35.734266,-36.039982,-35.870189,-35.215268,-33.795334,-32.291542,-31.404532,-30.792539,-30.747327,-30.636762,-29.955447,-29.082649,-27.78983,-26.676515,-26.517976,-26.765324,-27.66114,-28.569605,-28.844207,-29.056676,-28.884402,-28.760147,-29.052387,-29.409932,-30.685574,-31.957884,-33.706094,-35.396505,-36.519254,-37.381718,-37.407247,-36.406653,-35.068517,-33.446216,-32.056417,-30.900849,-30.261049,-30.032308,-30.198987,-30.47651,-30.146372,-29.563047,-28.599689,-27.524499,-26.945749,-26.409841,-26.300563,-26.31327,-26.383651,-26.495917,-26.601001,-26.661963,-26.938189,-27.026699,-27.064369,-27.244686,-27.255244,-27.572699,-28.055108,-28.512615,-28.850235,-29.134946,-29.530068,-30.140613,-30.802613,-30.979293,-30.54475,-29.75895,-29.052232,-28.787802,-29.449373,-30.369375,-31.42664,-32.063533,-31.511292,-30.015995,-28.329617,-26.57817,-25.250268,-23.97639,-22.88319,-22.173941,-21.947632,-21.794576,-22.216639,-22.613496,-22.857468,-23.204451,-23.7544,-24.775094,-26.773942,-28.744709,-30.828877,-31.989683
"BUR001",2022-07-24,2022-07-24 11:03:00,2022-07-26,"burbot",271,465,NA,712,204,31,"N","1",1,110,NA,NA,0,"A","MD","Region_11","Region_11_5690"," 15:18:34.0610",-0.0234109999999994,0.04587,0.0970000000000002,-12.3081829544884,14.514944,0.77959,-2.0062,0.197368,-0.508077,0.06986,0.036438,14.504706,5690,5628,5715,52,-40.388465,14.267776,1.2169,0.608691,13.065,15.8993,0.020224,15.5,14.236092,14.556295,13.598013,0.613635,0.896437,1.856296,1.197125,0.916661,1.87652,1.217349,-43.486946,-43.292289,-43.181603,-42.855579,-43.134385,-43.657378,-44.482553,-44.920624,-44.496065,-43.346776,-41.804554,-40.410455,-39.248345,-38.473704,-37.924403,-37.482771,-37.092387,-36.716689,-36.385462,-36.203291,-36.179038,-36.350881,-36.692681,-37.105546,-37.508683,-37.775378,-37.771541,-37.56094,-37.220849,-36.940748,-36.810249,-36.714477,-36.593001,-36.304634,-35.78178,-35.145055,-34.459284,-33.887436,-33.503303,-33.350994,-33.468224,-33.739741,-33.889738,-33.86943,-33.768511,-33.661809,-33.762658,-34.13783,-35.052765,-36.667488,-39.021553,-41.65783,-43.453098,-43.350365,-41.811831,-39.910927,-38.223715,-36.948201,-36.187302,-35.872624,-35.801519,-35.608896,-35.026288,-34.248299,-33.507506,-32.932579,-32.407279,-31.875296,-31.26041,-30.677217,-30.208623,-29.998611,-30.072664,-30.453602,-31.044986,-31.760792,-32.396022,-32.876545,-33.296141,-33.931272,-35.243899,-37.66494,-42.429527,-55.41823,-42.810569,-36.578626,-33.676459,-32.78829,-33.326168,-34.520689,NA,NA,NA,NA,NA,NA,NA,NA,NA,NA,NA,NA,NA,NA,NA,NA,NA,NA,NA,NA,NA,NA,NA,NA,NA,NA,NA,NA,NA,NA,NA,NA,NA,NA,NA,NA,NA,NA,NA,NA,NA,NA,NA,NA,NA,NA,NA,NA,NA,NA,NA,NA,NA,NA,NA,NA,NA,NA,NA,NA,NA,NA,NA,NA,NA,NA,NA,NA,NA,NA,NA,NA,NA,NA,NA,NA,NA,NA,NA,NA,NA,NA,NA,NA,NA,NA,NA,NA,NA,NA,NA,NA,NA,NA,NA,NA,NA,NA,NA,NA,NA,NA,NA,NA,NA,NA,NA,NA,NA,NA,NA,NA,NA,NA,NA,NA,NA,NA,NA,NA,NA,NA,NA,NA,NA,NA,NA,NA,NA,NA,NA,NA,NA,NA,NA,NA,NA,NA,NA,NA,NA,NA,NA,NA,NA,NA,NA,NA,NA,NA,NA,NA,NA,NA,NA,NA,NA,NA,NA,NA,NA,-33.862151,-33.077432,-32.578756,-32.335322,-32.346123,-33.005663,-34.012446,-35.094415,-36.846967,-39.618514,-43.883469,-47.887974,-45.54646,-43.539314,-43.560656,-44.729069,-45.479861,-44.903069,-44.264653,-44.63634,-46.003554,-46.631668,-44.251566,-41.23143,-39.047618,-37.687818,-36.971393,-36.737154,-36.951787,-37.600593,-38.899992,-40.839124,-42.185783,-40.683858,-37.855826,-35.460489,-33.528349,-31.943717,-30.634133,-29.651722,-28.963499,-28.759006,-28.839499,-29.222692,-29.8046,-30.379541,-31.014176,-31.641745,-32.367642,-33.307151,-34.328295,-35.301197,-36.017785,-36.170872,-35.935836,-35.658588,-35.470603,-35.557711,-35.631425,-35.493714,-35.264591,-34.853674,-34.469262,-34.419558,-34.437761,-34.672591,-34.868097,-34.665032,-34.508911,-34.747404,-35.265787,-35.987438,-36.620813,-36.760491,-36.272259,-35.437205,-34.623008,-34.130555,-33.860991,-33.531764,-33.148663,-32.995052,-32.760307,-32.235649,-31.743025,-31.049345,-30.516224,-30.496978,-30.485635,-30.781713,-30.878967,-30.543813,-30.226285,-29.757659,-29.736578,-30.64852,-31.672381,-32.581173,-32.733757,-31.972183,-31.112169,-30.001405,-29.087033,-28.597919,-28.351268,-29.210393,-29.995669,-30.989176,-31.377198,-30.820043,-30.368559,-30.041255,-30.225686,-31.414436,-33.338082,-36.395722,-40.066697,-43.328046,-44.611846,-45.073004,-45.822383,-46.254789,-46.807906,-47.857813,-50.823624,-59.188282,-51.625848,-44.692801,-40.689131,-38.081093,-36.278718,-34.971917,-34.109237,-33.828332,-34.015801,-34.870453,-36.222417,-37.254113,-37.892893,-38.057231,-38.317096,-39.510152,-42.812939,-51.487319,-46.568344,-40.13275,-37.622304,-37.478289,-38.9338,-41.556765,-44.975913,-44.006214,-38.557822,-34.110514,-30.886465,-28.672382,-27.357221,-26.853829,-26.989188,-27.845812,-28.911671,-29.87447,-29.86507,-28.89681,-27.485913,-26.81677,-26.797175,-27.18008,-27.903295,-28.915049,-30.30426,-32.667523,-35.710518,-41.17036,-45.730078
"BUR001",2022-07-24,2022-07-24 11:03:00,2022-07-26,"burbot",271,465,NA,712,204,31,"N","1",1,110,NA,NA,0,"A","MD","Region_11","Region_11_5691"," 15:18:34.2130",0,0.22914,-0.3207,0,14.491533,0.82546,-1.9092,0.208656,-0.482753,0.036105,0.042125,14.481987,5691,5628,5715,52,-40.388465,14.267776,1.2169,0.608691,13.065,15.8993,0.020224,15.5,14.236092,14.556295,13.598013,0.613635,0.896437,1.856296,1.197125,0.916661,1.87652,1.217349,-51.081806,-55.149197,-56.15207,-52.8576,-50.109746,-48.245044,-47.540048,-47.564577,-47.757898,-47.535123,-46.663725,-45.880161,-45.689706,-46.575258,-48.50902,-50.101127,-47.98344,-44.33313,-41.420271,-39.4228,-38.120698,-37.351311,-36.924264,-36.607741,-36.255844,-35.809185,-35.33347,-35.08293,-35.172189,-35.691233,-36.566357,-37.46192,-38.108154,-38.357691,-38.334568,-38.309357,-38.355656,-38.538299,-38.698077,-38.450419,-37.535036,-36.270838,-35.16608,-34.507788,-34.27183,-34.325955,-34.749425,-35.556774,-37.055737,-39.651523,-44.086752,-48.712644,-43.991873,-39.215264,-35.904173,-33.452684,-31.613912,-30.27452,-29.433522,-29.046039,-29.087351,-29.487795,-30.093705,-30.825888,-31.607705,-32.523362,-33.580883,-34.806801,-36.00983,-36.966926,-37.429297,-37.501891,-37.360401,-37.09692,-36.59558,-35.865072,-35.02149,-34.375888,-34.192158,-34.65071,-36.010282,-38.438394,-42.065602,-43.524833,-39.3922,-35.655505,-33.407367,-32.353889,-32.073156,-32.125426,NA,NA,NA,NA,NA,NA,NA,NA,NA,NA,NA,NA,NA,NA,NA,NA,NA,NA,NA,NA,NA,NA,NA,NA,NA,NA,NA,NA,NA,NA,NA,NA,NA,NA,NA,NA,NA,NA,NA,NA,NA,NA,NA,NA,NA,NA,NA,NA,NA,NA,NA,NA,NA,NA,NA,NA,NA,NA,NA,NA,NA,NA,NA,NA,NA,NA,NA,NA,NA,NA,NA,NA,NA,NA,NA,NA,NA,NA,NA,NA,NA,NA,NA,NA,NA,NA,NA,NA,NA,NA,NA,NA,NA,NA,NA,NA,NA,NA,NA,NA,NA,NA,NA,NA,NA,NA,NA,NA,NA,NA,NA,NA,NA,NA,NA,NA,NA,NA,NA,NA,NA,NA,NA,NA,NA,NA,NA,NA,NA,NA,NA,NA,NA,NA,NA,NA,NA,NA,NA,NA,NA,NA,NA,NA,NA,NA,NA,NA,NA,NA,NA,NA,NA,NA,NA,NA,NA,NA,NA,NA,NA,-43.403904,-41.825949,-41.085029,-41.026017,-41.585689,-43.106107,-45.300683,-47.808808,-49.101727,-45.566705,-41.096568,-37.842158,-35.542124,-34.12563,-33.422896,-33.184421,-33.288987,-33.555536,-33.846912,-34.091826,-33.985703,-33.349736,-32.25059,-31.0211,-29.968675,-29.220739,-28.832634,-28.801859,-29.173841,-29.895347,-31.04508,-32.531927,-34.268872,-36.342314,-38.975368,-43.159583,-51.561584,-48.612917,-41.387654,-37.804774,-35.909837,-35.341378,-35.729476,-37.152594,-39.968028,-45.681746,-53.477268,-41.930749,-36.886653,-34.168994,-32.53729,-31.512178,-30.856655,-30.329204,-30.037725,-30.094498,-30.387283,-30.990012,-31.593217,-31.994891,-32.324241,-32.521539,-32.815106,-33.498411,-34.14855,-34.611617,-34.489695,-33.536279,-32.39773,-31.52972,-30.870979,-30.471647,-30.308133,-30.286073,-30.282793,-30.241956,-30.230819,-30.48579,-30.987156,-31.597452,-32.41096,-33.688222,-35.094093,-36.462917,-38.373885,-41.126401,-46.155669,-51.185713,-45.181921,-41.413732,-38.986259,-36.663799,-34.348711,-31.662315,-29.261528,-27.878221,-27.156957,-27.330297,-27.804932,-27.986187,-28.225771,-28.174097,-28.258573,-28.796727,-29.883059,-32.841083,-37.367627,-46.402737,-54.978981,-43.263657,-39.439852,-37.377001,-36.311399,-36.20442,-36.448654,-37.260906,-38.271575,-39.794147,-42.007197,-45.402191,-51.088088,-61.972713,-55.60726,-49.344549,-45.552442,-42.94315,-40.58667,-38.78515,-37.123865,-35.720659,-34.580531,-33.724606,-33.30529,-33.452918,-33.928423,-34.608012,-34.957724,-34.236938,-33.020275,-31.692363,-30.542475,-29.695515,-29.170364,-28.937861,-28.952137,-29.161772,-29.508197,-30.177086,-30.783954,-30.791015,-30.070644,-28.757656,-26.895552,-25.304481,-24.165892,-23.550084,-23.412735,-23.615565,-23.969841,-24.521815,-24.859963,-25.043724,-25.052797,-25.388148,-25.747433,-26.402816,-26.851354,-26.769737,-26.339978,-25.788574,-25.188575,-24.965986,-24.530874,-24.529368,-24.751458
"BUR001",2022-07-24,2022-07-24 11:03:00,2022-07-26,"burbot",271,465,NA,712,204,31,"N","1",1,110,NA,NA,0,"A","MD","Region_11","Region_11_5692"," 15:18:34.3630",-0.0234110000000012,0.1484,-0.5384,-2.40039505552468,14.491533,1.0546,-2.2299,0.266508,-0.56377,0.012445,0.183628,14.47811,5692,5628,5715,52,-40.388465,14.267776,1.2169,0.608691,13.065,15.8993,0.020224,15.5,14.236092,14.556295,13.598013,0.613635,0.896437,1.856296,1.197125,0.916661,1.87652,1.217349,-49.594707,-52.144412,-54.674745,-54.658292,-51.850169,-48.938535,-47.15149,-45.995062,-44.920658,-43.630179,-42.018429,-40.535686,-39.346011,-38.667717,-38.348289,-38.251917,-38.260663,-38.257537,-38.188906,-38.100095,-37.997756,-37.93964,-37.926821,-37.888988,-37.788052,-37.589628,-37.285836,-37.021244,-36.838043,-36.821796,-36.998781,-37.290365,-37.746742,-38.3494,-39.07217,-39.907347,-40.617653,-40.939166,-40.555402,-39.504193,-38.229562,-37.135277,-36.34838,-35.89326,-35.651731,-35.459219,-35.34546,-35.242305,-35.312162,-35.668557,-36.463555,-37.651118,-38.907513,-39.599653,-39.097193,-37.566494,-35.719515,-34.024234,-32.717514,-31.844376,-31.389722,-31.232716,-31.094009,-30.77913,-30.276485,-29.848736,-29.632927,-29.754275,-30.16342,-30.820278,-31.467067,-31.80288,-31.622503,-31.161709,-30.729951,-30.590885,-30.821199,-31.461553,-32.300165,-32.648016,-31.943027,-30.495839,-28.987753,-27.746273,-26.710986,-25.875571,-25.396782,-25.344092,-25.627642,-26.024218,NA,NA,NA,NA,NA,NA,NA,NA,NA,NA,NA,NA,NA,NA,NA,NA,NA,NA,NA,NA,NA,NA,NA,NA,NA,NA,NA,NA,NA,NA,NA,NA,NA,NA,NA,NA,NA,NA,NA,NA,NA,NA,NA,NA,NA,NA,NA,NA,NA,NA,NA,NA,NA,NA,NA,NA,NA,NA,NA,NA,NA,NA,NA,NA,NA,NA,NA,NA,NA,NA,NA,NA,NA,NA,NA,NA,NA,NA,NA,NA,NA,NA,NA,NA,NA,NA,NA,NA,NA,NA,NA,NA,NA,NA,NA,NA,NA,NA,NA,NA,NA,NA,NA,NA,NA,NA,NA,NA,NA,NA,NA,NA,NA,NA,NA,NA,NA,NA,NA,NA,NA,NA,NA,NA,NA,NA,NA,NA,NA,NA,NA,NA,NA,NA,NA,NA,NA,NA,NA,NA,NA,NA,NA,NA,NA,NA,NA,NA,NA,NA,NA,NA,NA,NA,NA,NA,NA,NA,NA,NA,NA,-35.935828,-34.726768,-34.527678,-35.127044,-36.296045,-38.035399,-39.285155,-39.297084,-38.550781,-37.206252,-35.5004,-33.973288,-32.772072,-32.177321,-32.162038,-32.61637,-33.442155,-34.596859,-36.182903,-38.524545,-41.839299,-44.255664,-41.560822,-38.009861,-35.47155,-33.721615,-32.568083,-31.930433,-31.814864,-32.24498,-33.240485,-34.667548,-36.253501,-37.830449,-39.246831,-40.354505,-40.855094,-40.902942,-40.984244,-41.789236,-44.183249,-50.92396,-55.107323,-43.64766,-38.804385,-35.820734,-33.88533,-32.615562,-31.854707,-31.493341,-31.258954,-31.0706,-30.917821,-30.731183,-30.805274,-31.34798,-32.331658,-33.741483,-34.972806,-35.401903,-34.926009,-33.686495,-32.383314,-31.69752,-31.636717,-32.61079,-34.262947,-35.921081,-37.278473,-37.984978,-38.136734,-38.419906,-39.148267,-39.874675,-39.621314,-38.44815,-37.290545,-36.71065,-36.794012,-37.456265,-38.84138,-40.791277,-40.984774,-38.652889,-35.982937,-33.510783,-31.62619,-30.652213,-30.146894,-30.492365,-31.224106,-31.996415,-33.244544,-34.713553,-36.769471,-39.668413,-42.225163,-44.152716,-44.767697,-43.674901,-41.872566,-39.611453,-37.670111,-36.4851,-35.68853,-35.954824,-36.11702,-36.522223,-36.632549,-36.152923,-35.828065,-35.487671,-35.090241,-34.930289,-34.625078,-34.435316,-34.133517,-33.911391,-33.721277,-33.759184,-34.151178,-34.475384,-35.135261,-35.790787,-36.28269,-36.557409,-35.744968,-34.609853,-33.530223,-32.918151,-32.943524,-33.657649,-35.08748,-37.292123,-39.033926,-38.613186,-36.562499,-34.306507,-32.887404,-32.221541,-32.026116,-31.991537,-31.878311,-31.575953,-31.089858,-30.450366,-29.634464,-28.839188,-27.924019,-26.888147,-26.063866,-25.954083,-26.050105,-26.46744,-27.093012,-27.687383,-28.257262,-28.932347,-29.640398,-30.758363,-31.72601,-32.192309,-31.79057,-30.403585,-27.998483,-26.090167,-25.002328,-24.859414,-25.619624,-26.567696,-26.891917,-27.499385,-28.514913,-29.039408,-27.542509
"BUR001",2022-07-24,2022-07-24 11:03:00,2022-07-26,"burbot",271,465,NA,712,204,31,"N","1",1,110,NA,NA,0,"A","MD","Region_11","Region_11_5693"," 15:18:34.5130",0.0351160000000004,0.3913,-0.7535,2.36836892246336,14.468122,1.203,-2.7683,0.303408,-0.69862,0.056918,0.033593,14.448059,5693,5628,5715,52,-40.388465,14.267776,1.2169,0.608691,13.065,15.8993,0.020224,15.5,14.236092,14.556295,13.598013,0.613635,0.896437,1.856296,1.197125,0.916661,1.87652,1.217349,-47.315193,-44.482717,-42.576079,-41.034815,-40.339449,-39.868237,-39.865465,-40.118719,-40.542128,-41.217678,-42.071348,-43.338879,-45.056486,-47.627075,-51.579006,-58.874591,-60.924965,-52.824837,-48.765521,-46.41764,-44.973621,-44.033972,-43.258775,-42.338041,-41.174552,-39.901749,-38.745116,-38.004195,-37.794435,-38.21418,-39.165165,-40.087265,-40.165007,-39.120788,-37.622141,-36.271613,-35.171266,-34.407527,-33.989026,-33.981426,-34.539932,-35.749244,-37.543559,-39.865431,-42.564861,-45.236905,-46.710342,-45.679683,-43.579958,-41.772818,-40.705624,-40.430249,-40.853754,-41.839637,-43.238858,-44.92272,-46.811408,-48.89493,-51.465358,-54.620069,-53.462764,-48.086752,-44.138208,-41.77363,-40.473419,-39.85545,-39.530696,-39.284911,-38.858937,-38.218375,-37.44645,-36.796356,-36.414066,-36.432345,-36.89273,-37.945896,-39.820425,-42.88532,-45.839417,-43.071395,-39.067673,-36.288942,-34.394859,-33.111579,-32.209299,-31.73859,-31.871298,-32.758951,-34.412781,-36.785317,NA,NA,NA,NA,NA,NA,NA,NA,NA,NA,NA,NA,NA,NA,NA,NA,NA,NA,NA,NA,NA,NA,NA,NA,NA,NA,NA,NA,NA,NA,NA,NA,NA,NA,NA,NA,NA,NA,NA,NA,NA,NA,NA,NA,NA,NA,NA,NA,NA,NA,NA,NA,NA,NA,NA,NA,NA,NA,NA,NA,NA,NA,NA,NA,NA,NA,NA,NA,NA,NA,NA,NA,NA,NA,NA,NA,NA,NA,NA,NA,NA,NA,NA,NA,NA,NA,NA,NA,NA,NA,NA,NA,NA,NA,NA,NA,NA,NA,NA,NA,NA,NA,NA,NA,NA,NA,NA,NA,NA,NA,NA,NA,NA,NA,NA,NA,NA,NA,NA,NA,NA,NA,NA,NA,NA,NA,NA,NA,NA,NA,NA,NA,NA,NA,NA,NA,NA,NA,NA,NA,NA,NA,NA,NA,NA,NA,NA,NA,NA,NA,NA,NA,NA,NA,NA,NA,NA,NA,NA,NA,NA,-35.059886,-35.056908,-35.208229,-35.626388,-36.384256,-37.955465,-39.268861,-39.000124,-37.450575,-35.56133,-34.016493,-33.1255,-32.856837,-33.31029,-34.223338,-35.221085,-35.633926,-35.388045,-34.97194,-34.794148,-35.006886,-35.567836,-36.310818,-36.877065,-37.023838,-36.719203,-36.298485,-36.089415,-36.205565,-36.695051,-37.091866,-36.712797,-35.419162,-33.952462,-32.869332,-32.27877,-32.113392,-32.449019,-33.247489,-34.535826,-36.353049,-38.674709,-40.692836,-41.295242,-40.339786,-39.141289,-38.335593,-37.816868,-37.386752,-36.968697,-36.402634,-35.788026,-35.170914,-34.449784,-33.869167,-33.466997,-33.266012,-33.437372,-33.699349,-33.80625,-33.705385,-33.072513,-32.159772,-31.298911,-30.414838,-30.176702,-30.222166,-30.26604,-30.475785,-30.959365,-31.751378,-33.032716,-34.976302,-37.439173,-39.075488,-38.382977,-36.890435,-35.955579,-35.915094,-36.74545,-38.836695,-41.981842,-40.72146,-36.771989,-33.819551,-31.538313,-29.999305,-29.382606,-29.177854,-29.765152,-30.712326,-31.572478,-32.98614,-34.715255,-36.490796,-37.053312,-35.377211,-33.951134,-33.164081,-32.420013,-32.386146,-32.555313,-33.041952,-33.893866,-34.170867,-34.474919,-34.007477,-33.624018,-33.360618,-32.830135,-32.229084,-31.595938,-30.934183,-30.974655,-31.578757,-32.899572,-34.809067,-36.93014,-38.432416,-39.545812,-39.933491,-38.971993,-37.934022,-36.969031,-35.639981,-34.198598,-32.547467,-31.491793,-31.070036,-31.13254,-31.686981,-32.605674,-33.640902,-35.317521,-37.187868,-38.632983,-37.909052,-35.375881,-33.52967,-32.663846,-32.378507,-32.248505,-32.293568,-33.072645,-35.577448,-42.110364,-42.411763,-34.791443,-31.502735,-30.184098,-29.938249,-30.779371,-31.178921,-30.401261,-28.63348,-26.375358,-24.552028,-23.806269,-23.752783,-24.725358,-25.66273,-25.996998,-25.968206,-25.939867,-26.511504,-29.392939,-34.882223,-38.053864,-33.333818,-30.724125,-28.979853,-27.073408,-25.380694,-26.41646,-30.593306
"BUR001",2022-07-24,2022-07-24 11:03:00,2022-07-26,"burbot",271,465,NA,712,204,31,"N","1",1,110,NA,NA,0,"A","MD","Region_11","Region_11_5694"," 15:18:34.6630",0.0234120000000004,0.2131,-0.4635,2.62764250416739,14.503238,1.5943,-3.5218,0.402753,-0.890566,0.043344,0.040292,14.470266,5694,5628,5715,52,-40.388465,14.267776,1.2169,0.608691,13.065,15.8993,0.020224,15.5,14.236092,14.556295,13.598013,0.613635,0.896437,1.856296,1.197125,0.916661,1.87652,1.217349,-58.936777,-64.074259,-61.05599,-58.195442,-58.135743,-61.00413,-60.300269,-53.584171,-49.198212,-46.524754,-44.894081,-44.293228,-44.62712,-46.081505,-48.449146,-50.603181,-49.781306,-47.16079,-44.93648,-43.453552,-42.604637,-42.228824,-42.109632,-41.946019,-41.466308,-40.610183,-39.542277,-38.606658,-37.994699,-37.89112,-38.351883,-39.253016,-40.458179,-41.593904,-42.175744,-41.907819,-40.84724,-39.493194,-38.146753,-36.961219,-36.039067,-35.366888,-34.857782,-34.436723,-33.9255,-33.197744,-32.314022,-31.248776,-30.197887,-29.262307,-28.626105,-28.337804,-28.303508,-28.398379,-28.517804,-28.605466,-28.679657,-28.741852,-28.835,-28.980894,-29.177019,-29.432253,-29.705541,-29.985198,-30.224682,-30.474494,-30.693298,-30.982541,-31.333103,-31.824378,-32.447772,-33.219873,-34.040451,-34.82784,-35.390558,-35.597981,-35.411356,-34.912776,-34.255451,-33.484812,-32.674618,-31.862736,-31.113942,-30.52544,-30.007559,-29.645213,-29.472452,-29.792415,-30.803675,-32.250536,NA,NA,NA,NA,NA,NA,NA,NA,NA,NA,NA,NA,NA,NA,NA,NA,NA,NA,NA,NA,NA,NA,NA,NA,NA,NA,NA,NA,NA,NA,NA,NA,NA,NA,NA,NA,NA,NA,NA,NA,NA,NA,NA,NA,NA,NA,NA,NA,NA,NA,NA,NA,NA,NA,NA,NA,NA,NA,NA,NA,NA,NA,NA,NA,NA,NA,NA,NA,NA,NA,NA,NA,NA,NA,NA,NA,NA,NA,NA,NA,NA,NA,NA,NA,NA,NA,NA,NA,NA,NA,NA,NA,NA,NA,NA,NA,NA,NA,NA,NA,NA,NA,NA,NA,NA,NA,NA,NA,NA,NA,NA,NA,NA,NA,NA,NA,NA,NA,NA,NA,NA,NA,NA,NA,NA,NA,NA,NA,NA,NA,NA,NA,NA,NA,NA,NA,NA,NA,NA,NA,NA,NA,NA,NA,NA,NA,NA,NA,NA,NA,NA,NA,NA,NA,NA,NA,NA,NA,NA,NA,NA,-33.889642,-33.500895,-33.078908,-32.832062,-32.834744,-33.81027,-34.793494,-35.241461,-35.469999,-35.42025,-35.201286,-34.77413,-34.29301,-34.11016,-34.272245,-35.014047,-35.56748,-35.177396,-33.846996,-32.181829,-30.784236,-29.805802,-29.372961,-29.406264,-29.957432,-30.856539,-32.041964,-33.385084,-34.441562,-35.292437,-35.93219,-36.946842,-38.267542,-39.074351,-38.904567,-38.124664,-37.524796,-37.717429,-38.896028,-41.505604,-46.969289,-51.450865,-44.62662,-41.713238,-41.25075,-42.908798,-48.027913,-57.708278,-43.428813,-38.208549,-35.438946,-33.973858,-33.226184,-32.684139,-32.42021,-32.211248,-32.099488,-32.226785,-32.335761,-32.340953,-32.301121,-31.874418,-31.511693,-31.56851,-32.031658,-33.874826,-36.210455,-38.359113,-39.592248,-39.61755,-39.019737,-38.295354,-37.631703,-37.012646,-36.329624,-35.499221,-34.552219,-33.456667,-32.44518,-31.344392,-30.432482,-30.531844,-30.997264,-32.015579,-33.416206,-34.514667,-35.27377,-35.963073,-36.492429,-37.45332,-38.304247,-38.042508,-37.354535,-36.254692,-35.426388,-36.304413,-38.106252,-41.36528,-45.349886,-48.820665,-51.174973,-47.671946,-41.635935,-37.174963,-33.792336,-32.167537,-31.481958,-31.300298,-31.146107,-30.605187,-29.763931,-29.274718,-28.457873,-27.881285,-27.358282,-26.755769,-26.48575,-26.635652,-26.800186,-27.088827,-27.226833,-27.228813,-27.595145,-28.167694,-28.744433,-29.709159,-30.052868,-29.718559,-28.910255,-27.560692,-26.371119,-25.802275,-25.713279,-26.946465,-28.133831,-28.75952,-29.093995,-28.652128,-28.441192,-29.061401,-30.942794,-34.555129,-40.839685,-44.167031,-38.422966,-34.72095,-32.036926,-29.744703,-27.648014,-26.108956,-24.981765,-25.434838,-26.272478,-27.141881,-28.424952,-29.019125,-28.521159,-27.400385,-25.755908,-25.299676,-25.249367,-25.29238,-26.18782,-27.372165,-29.475828,-35.069289,-41.228106,-34.778245,-30.248325,-27.160965,-25.269066,-25.046531,-25.849535,-27.74272,-24.681917
"BUR001",2022-07-24,2022-07-24 11:03:00,2022-07-26,"burbot",271,465,NA,712,204,31,"N","1",1,110,NA,NA,0,"A","MD","Region_11","Region_11_5695"," 15:18:34.8130",0.0117049999999992,0.3235,-0.0863,2.00223258245444,14.52665,1.8074,-3.9853,0.457067,-1.009113,0.212933,0.263833,14.484348,5695,5628,5715,52,-40.388465,14.267776,1.2169,0.608691,13.065,15.8993,0.020224,15.5,14.236092,14.556295,13.598013,0.613635,0.896437,1.856296,1.197125,0.916661,1.87652,1.217349,-52.171272,-50.034523,-47.180301,-44.772934,-43.662951,-43.31284,-44.248587,-46.679589,-51.608882,-57.779794,-50.113918,-45.787894,-43.868949,-43.569588,-44.402906,-46.27352,-49.119213,-52.747846,-56.088569,-58.146755,-61.222086,-64.561349,-57.170149,-51.89652,-48.829007,-47.076299,-46.00141,-44.984626,-43.587341,-42.164147,-41.191288,-40.78813,-40.902651,-41.14682,-41.059104,-40.545388,-39.798474,-39.175978,-38.675328,-38.13892,-37.501862,-36.903478,-36.619973,-36.847805,-37.53584,-38.625582,-40.16227,-41.941169,-43.460117,-43.509602,-41.892003,-39.574977,-37.336657,-35.47847,-34.037239,-32.989537,-32.367791,-32.161486,-32.338404,-32.735201,-32.992773,-32.820567,-32.239828,-31.53677,-30.892423,-30.432247,-30.10534,-29.993735,-30.041673,-30.253359,-30.511615,-30.707232,-30.703668,-30.580266,-30.449878,-30.457429,-30.701367,-31.185787,-31.916905,-32.782956,-33.753074,-34.932898,-36.6554,-39.715403,-46.414374,-55.300837,-42.329348,-38.428593,-36.673211,-35.391906,NA,NA,NA,NA,NA,NA,NA,NA,NA,NA,NA,NA,NA,NA,NA,NA,NA,NA,NA,NA,NA,NA,NA,NA,NA,NA,NA,NA,NA,NA,NA,NA,NA,NA,NA,NA,NA,NA,NA,NA,NA,NA,NA,NA,NA,NA,NA,NA,NA,NA,NA,NA,NA,NA,NA,NA,NA,NA,NA,NA,NA,NA,NA,NA,NA,NA,NA,NA,NA,NA,NA,NA,NA,NA,NA,NA,NA,NA,NA,NA,NA,NA,NA,NA,NA,NA,NA,NA,NA,NA,NA,NA,NA,NA,NA,NA,NA,NA,NA,NA,NA,NA,NA,NA,NA,NA,NA,NA,NA,NA,NA,NA,NA,NA,NA,NA,NA,NA,NA,NA,NA,NA,NA,NA,NA,NA,NA,NA,NA,NA,NA,NA,NA,NA,NA,NA,NA,NA,NA,NA,NA,NA,NA,NA,NA,NA,NA,NA,NA,NA,NA,NA,NA,NA,NA,NA,NA,NA,NA,NA,NA,-37.221895,-34.841047,-33.127927,-32.108771,-31.782859,-33.109275,-35.158688,-37.652048,-41.155956,-44.807625,-44.049825,-40.397869,-37.596399,-36.002137,-35.124552,-35.085262,-35.337752,-35.754223,-36.129204,-36.116502,-35.857337,-35.471499,-35.347488,-35.617821,-36.561227,-38.152397,-40.386302,-42.382025,-42.155281,-41.213659,-40.992591,-42.183477,-44.064487,-43.656618,-40.673852,-37.641405,-35.287683,-33.752308,-32.717317,-31.953176,-31.627611,-31.718268,-32.204468,-33.619696,-35.612016,-38.369266,-41.630418,-45.514432,-51.792896,-66.484486,-49.474643,-43.946658,-40.600794,-37.948853,-35.995361,-34.552883,-33.811165,-33.825977,-34.086835,-34.254039,-34.204077,-33.540483,-32.934918,-32.826207,-33.238893,-35.289615,-37.753071,-40.210811,-42.773654,-46.413689,-55.010644,-51.981323,-43.770699,-39.939644,-38.044827,-37.443742,-37.864861,-38.86314,-40.239236,-40.788116,-39.937639,-39.142158,-38.422237,-38.430478,-39.041435,-39.923782,-41.688759,-44.916674,-49.724687,-56.980591,-53.857645,-47.868968,-44.134102,-41.775024,-40.688149,-41.545557,-42.008235,-42.168668,-41.978823,-40.675499,-39.637554,-38.470998,-37.769122,-38.878373,-40.635488,-43.923225,-48.696557,-48.500203,-43.169501,-39.657737,-37.944517,-38.708923,-40.564798,-43.629488,-47.212395,-50.578653,-52.781076,-53.187645,-61.141582,-51.368757,-42.864897,-38.932857,-37.10066,-36.188201,-35.30187,-34.746448,-33.720561,-32.276126,-30.771934,-28.923076,-27.561368,-27.26213,-27.829183,-30.270434,-32.240188,-32.955564,-34.272991,-36.9824,-43.212767,-51.699263,-45.389005,-43.49372,-42.583367,-39.459319,-35.622282,-32.534719,-30.302727,-28.718178,-27.626109,-27.311518,-27.105122,-28.18293,-29.011276,-29.258963,-30.070088,-31.026095,-32.919077,-35.593049,-35.114526,-34.346882,-33.875658,-33.0831,-32.686994,-31.461605,-29.40914,-27.999082,-26.211868,-24.846511,-24.259767,-23.565166,-22.606728,-21.103584,-18.303319,-16.942474,-15.979165
