"fishNum","dateSample","dateTimeSample","dateProcessed","species","spCode","totalLength","forkLength","weight","girth","dorsoLatHeight","clipTag","sex","mat","airbladderTotalLength","airBladderWidth","airbladderWeight","airBladderWeightCond","agingStructure","tissueSample","Region_name","FishTrack","MaxTSdiff","Ping_time","deltaRange","deltaMinAng","deltaMajAng","aspectAngle","Target_range","Angle_minor_axis","Angle_major_axis","Distance_minor_axis","Distance_major_axis","StandDev_Angles_Minor_Axis","StandDev_Angles_Major_Axis","Target_true_depth","pingNumber","Ping_S","Ping_E","Num_targets","TS_mean","Target_range_mean","Speed_4D_mean_unsmoothed","Fish_track_change_in_range","Time_in_beam","Distance_3D_unsmoothed","Thickness_mean","Exclude_below_line_range_mean","Target_depth_mean","Target_depth_max","Target_depth_min","Fish_track_change_in_depth","Region_bottom_altitude_min","Region_bottom_altitude_max","Region_bottom_altitude_mean","Region_top_altitude_min","Region_top_altitude_max","Region_top_altitude_mean","F45","F45.5","F46","F46.5","F47","F47.5","F48","F48.5","F49","F49.5","F50","F50.5","F51","F51.5","F52","F52.5","F53","F53.5","F54","F54.5","F55","F55.5","F56","F56.5","F57","F57.5","F58","F58.5","F59","F59.5","F60","F60.5","F61","F61.5","F62","F62.5","F63","F63.5","F64","F64.5","F65","F65.5","F66","F66.5","F67","F67.5","F68","F68.5","F69","F69.5","F70","F70.5","F71","F71.5","F72","F72.5","F73","F73.5","F74","F74.5","F75","F75.5","F76","F76.5","F77","F77.5","F78","F78.5","F79","F79.5","F80","F80.5","F81","F81.5","F82","F82.5","F83","F83.5","F84","F84.5","F85","F85.5","F86","F86.5","F87","F87.5","F88","F88.5","F89","F89.5","F90","F90.5","F91","F91.5","F92","F92.5","F93","F93.5","F94","F94.5","F95","F95.5","F96","F96.5","F97","F97.5","F98","F98.5","F99","F99.5","F100","F100.5","F101","F101.5","F102","F102.5","F103","F103.5","F104","F104.5","F105","F105.5","F106","F106.5","F107","F107.5","F108","F108.5","F109","F109.5","F110","F110.5","F111","F111.5","F112","F112.5","F113","F113.5","F114","F114.5","F115","F115.5","F116","F116.5","F117","F117.5","F118","F118.5","F119","F119.5","F120","F120.5","F121","F121.5","F122","F122.5","F123","F123.5","F124","F124.5","F125","F125.5","F126","F126.5","F127","F127.5","F128","F128.5","F129","F129.5","F130","F130.5","F131","F131.5","F132","F132.5","F133","F133.5","F134","F134.5","F135","F135.5","F136","F136.5","F137","F137.5","F138","F138.5","F139","F139.5","F140","F140.5","F141","F141.5","F142","F142.5","F143","F143.5","F144","F144.5","F145","F145.5","F146","F146.5","F147","F147.5","F148","F148.5","F149","F149.5","F150","F150.5","F151","F151.5","F152","F152.5","F153","F153.5","F154","F154.5","F155","F155.5","F156","F156.5","F157","F157.5","F158","F158.5","F159","F159.5","F160","F160.5","F161","F161.5","F162","F162.5","F163","F163.5","F164","F164.5","F165","F165.5","F166","F166.5","F167","F167.5","F168","F168.5","F169","F169.5","F170","F173","F173.5","F174","F174.5","F175","F175.5","F176","F176.5","F177","F177.5","F178","F178.5","F179","F179.5","F180","F180.5","F181","F181.5","F182","F182.5","F183","F183.5","F184","F184.5","F185","F185.5","F186","F186.5","F187","F187.5","F188","F188.5","F189","F189.5","F190","F190.5","F191","F191.5","F192","F192.5","F193","F193.5","F194","F194.5","F195","F195.5","F196","F196.5","F197","F197.5","F198","F198.5","F199","F199.5","F200","F200.5","F201","F201.5","F202","F202.5","F203","F203.5","F204","F204.5","F205","F205.5","F206","F206.5","F207","F207.5","F208","F208.5","F209","F209.5","F210","F210.5","F211","F211.5","F212","F212.5","F213","F213.5","F214","F214.5","F215","F215.5","F216","F216.5","F217","F217.5","F218","F218.5","F219","F219.5","F220","F220.5","F221","F221.5","F222","F222.5","F223","F223.5","F224","F224.5","F225","F225.5","F226","F226.5","F227","F227.5","F228","F228.5","F229","F229.5","F230","F230.5","F231","F231.5","F232","F232.5","F233","F233.5","F234","F234.5","F235","F235.5","F236","F236.5","F237","F237.5","F238","F238.5","F239","F239.5","F240","F240.5","F241","F241.5","F242","F242.5","F243","F243.5","F244","F244.5","F245","F245.5","F246","F246.5","F247","F247.5","F248","F248.5","F249","F249.5","F250","F250.5","F251","F251.5","F252","F252.5","F253","F253.5","F254","F254.5","F255","F255.5","F256","F256.5","F257","F257.5","F258","F258.5","F259","F259.5","F260"
"LT001",2022-07-21,2022-07-21 16:56:00,2022-07-27,"lakeTrout",81,454,410,930,249,48,"N","2",1,75,29,4,1,"2A","MD","Region_21","Region_21_770",4.275284," 20:58:41.3460",-0.0117060000000002,-1.079139,0.61476,-0.540019958209516,12.302586,1.0662,-1.1602,0.228871,-0.249066,0.076219,0.003412,12.297935,770,725,867,82,-34.911075,12.525991,1.0453,-0.140467,18.097,18.9167,0.020224,16.5,12.509297,12.836905,12.264273,-0.143131,3.628866,4.20244,3.940947,3.64909,4.222664,3.961171,-48.850989,-47.481644,-45.900477,-44.184644,-42.970845,-41.691276,-40.599349,-39.570164,-38.581552,-37.671468,-36.756532,-36.036738,-35.444299,-35.119282,-34.958084,-34.894826,-34.915974,-34.984697,-35.096057,-35.322835,-35.637161,-36.083142,-36.668073,-37.339621,-38.067759,-38.720978,-39.072205,-39.041107,-38.625383,-38.055562,-37.503581,-36.918823,-36.318255,-35.668621,-34.983662,-34.375645,-33.832496,-33.416375,-33.115886,-32.884215,-32.706878,-32.575853,-32.435431,-32.338945,-32.298242,-32.255134,-32.322915,-32.459477,-32.77841,-33.26881,-33.893665,-34.521415,-35.055739,-35.485139,-35.809284,-36.006108,-36.020666,-35.781925,-35.331134,-34.709957,-34.032321,-33.376372,-32.727662,-32.110349,-31.473511,-30.873789,-30.304011,-29.833623,-29.434731,-29.162391,-28.980358,-28.923921,-28.954383,-29.087626,-29.283465,-29.585697,-29.945345,-30.386983,-30.824423,-31.081875,-31.102424,-30.791814,-30.268745,-29.724665,-29.139861,-28.484616,-27.991032,-27.747222,-27.747524,-27.903391,NA,NA,NA,NA,NA,NA,NA,NA,NA,NA,NA,NA,NA,NA,NA,NA,NA,NA,NA,NA,NA,NA,NA,NA,NA,NA,NA,NA,NA,NA,NA,NA,NA,NA,NA,NA,NA,NA,NA,NA,NA,NA,NA,NA,NA,NA,NA,NA,NA,NA,NA,NA,NA,NA,NA,NA,NA,NA,NA,NA,NA,NA,NA,NA,NA,NA,NA,NA,NA,NA,NA,NA,NA,NA,NA,NA,NA,NA,NA,NA,NA,NA,NA,NA,NA,NA,NA,NA,NA,NA,NA,NA,NA,NA,NA,NA,NA,NA,NA,NA,NA,NA,NA,NA,NA,NA,NA,NA,NA,NA,NA,NA,NA,NA,NA,NA,NA,NA,NA,NA,NA,NA,NA,NA,NA,NA,NA,NA,NA,NA,NA,NA,NA,NA,NA,NA,NA,NA,NA,NA,NA,NA,NA,NA,NA,NA,NA,NA,NA,NA,NA,NA,NA,NA,NA,NA,NA,NA,NA,NA,NA,-41.674235,-40.506035,-39.148229,-37.865373,-36.831732,-36.411167,-36.282911,-35.953813,-35.679664,-35.351496,-34.959802,-34.923302,-35.135295,-35.826759,-37.039615,-38.510825,-40.003827,-41.028534,-41.406281,-41.551841,-41.742024,-42.125803,-42.469988,-42.414101,-41.759648,-40.633001,-39.305548,-37.970793,-36.810024,-35.753344,-34.935536,-34.23817,-33.622758,-33.152993,-32.670746,-32.323361,-32.041037,-31.835462,-31.782848,-31.98971,-32.35794,-33.063724,-33.833278,-34.642573,-35.560839,-36.515529,-37.744086,-39.126032,-40.398634,-41.128659,-41.072976,-40.606782,-40.192487,-39.871998,-39.675837,-39.482801,-38.930738,-38.240863,-37.493152,-36.723073,-36.111842,-35.558493,-35.147261,-35.182908,-35.334729,-35.516996,-35.5341,-34.959036,-34.301529,-33.907164,-33.553911,-33.214407,-32.848577,-32.465978,-32.147788,-31.987355,-32.028783,-32.425845,-32.97935,-33.500976,-34.034223,-34.746883,-35.398368,-35.686762,-35.989001,-36.030835,-36.143291,-36.830192,-37.745543,-39.153166,-40.353308,-40.886219,-40.756928,-39.632041,-38.252749,-37.372268,-36.892451,-37.0744,-37.366389,-37.172319,-36.602666,-35.266255,-33.584705,-31.83394,-30.353513,-30.33833,-30.747639,-32.065281,-33.17809,-33.386417,-33.612867,-33.508012,-33.700112,-34.663997,-36.076159,-38.369915,-40.808759,-43.239982,-45.520335,-47.829573,-50.371986,-52.289746,-53.671706,-52.481532,-48.218526,-44.044625,-40.619424,-38.441137,-36.852064,-35.775933,-34.73808,-33.420526,-32.034267,-30.743717,-29.860004,-29.709765,-30.104228,-30.504448,-30.977486,-31.24546,-31.292167,-31.344344,-31.670818,-32.484847,-33.956998,-36.250211,-39.557368,-44.501368,-51.2389,-58.237138,-57.260945,-54.655127,-53.347757,-54.292386,-54.668883,-48.444654,-43.221879,-39.782286,-37.614324,-36.267669,-35.262998,-34.63265,-34.033767,-34.012898,-34.163725,-34.587597,-35.147065,-35.408183,-35.237581,-34.912449,-34.438977,-34.276976,-33.76941,-32.877393,-31.754954
"LT001",2022-07-21,2022-07-21 16:56:00,2022-07-27,"lakeTrout",81,454,410,930,249,48,"N","2",1,75,29,4,1,"2A","MD","Region_21","Region_21_771",0.440624999999997," 20:58:41.4730",-0.0117060000000002,-0.933101,0.14027,-0.710767766131715,12.29088,-0.012939,-0.54544,-0.002776,-0.117004,0.051931,0.009962,12.290323,771,725,867,82,-34.911075,12.525991,1.0453,-0.140467,18.097,18.9167,0.020224,16.5,12.509297,12.836905,12.264273,-0.143131,3.628866,4.20244,3.940947,3.64909,4.222664,3.961171,-47.374837,-47.58566,-47.124362,-45.489171,-43.60682,-41.616682,-40.115114,-38.952216,-37.989185,-37.155027,-36.311788,-35.640253,-35.076339,-34.76987,-34.625204,-34.565675,-34.589011,-34.664748,-34.798725,-35.080519,-35.475137,-36.024617,-36.730498,-37.545718,-38.479598,-39.467035,-40.334624,-40.913862,-40.969601,-40.61039,-40.052145,-39.273003,-38.303795,-37.18166,-36.016486,-34.992876,-34.123551,-33.454551,-32.95715,-32.565222,-32.258208,-32.039721,-31.850466,-31.73274,-31.693245,-31.66043,-31.745635,-31.902188,-32.233819,-32.727271,-33.352459,-34.015378,-34.673526,-35.348457,-36.045797,-36.724327,-37.251319,-37.424783,-37.179987,-36.538594,-35.67391,-34.725427,-33.729045,-32.764099,-31.814723,-30.946153,-30.145964,-29.465576,-28.871,-28.419534,-28.07738,-27.885768,-27.812244,-27.873167,-28.033271,-28.34996,-28.785197,-29.41395,-30.207384,-31.051006,-31.883625,-32.450154,-32.657682,-32.550759,-32.066901,-31.211352,-30.399533,-29.831263,-29.505816,-29.286734,NA,NA,NA,NA,NA,NA,NA,NA,NA,NA,NA,NA,NA,NA,NA,NA,NA,NA,NA,NA,NA,NA,NA,NA,NA,NA,NA,NA,NA,NA,NA,NA,NA,NA,NA,NA,NA,NA,NA,NA,NA,NA,NA,NA,NA,NA,NA,NA,NA,NA,NA,NA,NA,NA,NA,NA,NA,NA,NA,NA,NA,NA,NA,NA,NA,NA,NA,NA,NA,NA,NA,NA,NA,NA,NA,NA,NA,NA,NA,NA,NA,NA,NA,NA,NA,NA,NA,NA,NA,NA,NA,NA,NA,NA,NA,NA,NA,NA,NA,NA,NA,NA,NA,NA,NA,NA,NA,NA,NA,NA,NA,NA,NA,NA,NA,NA,NA,NA,NA,NA,NA,NA,NA,NA,NA,NA,NA,NA,NA,NA,NA,NA,NA,NA,NA,NA,NA,NA,NA,NA,NA,NA,NA,NA,NA,NA,NA,NA,NA,NA,NA,NA,NA,NA,NA,NA,NA,NA,NA,NA,NA,-39.141198,-39.431565,-39.727321,-40.015756,-40.317308,-40.846312,-41.468978,-41.786483,-42.140576,-42.483351,-42.710616,-43.173461,-43.529951,-43.845524,-44.126441,-44.081462,-43.846525,-43.405647,-42.837929,-42.413084,-42.092878,-41.949474,-41.823003,-41.579568,-41.097417,-40.418677,-39.662711,-38.906311,-38.315752,-37.676221,-37.124412,-36.450618,-35.694686,-35.125943,-34.651869,-34.482357,-34.459239,-34.479304,-34.561431,-34.80158,-35.047137,-35.531197,-36.017404,-36.411409,-36.756868,-36.765262,-36.63138,-36.331283,-36.032631,-35.876314,-35.831227,-35.858103,-35.997457,-36.181402,-36.532911,-37.262603,-38.177186,-39.393883,-40.760436,-42.248985,-44.198851,-46.609237,-48.174234,-46.827446,-44.478089,-42.777099,-41.748616,-40.540314,-39.344686,-38.412179,-37.503059,-36.736466,-36.198724,-35.868898,-35.616272,-35.3176,-34.995037,-34.998541,-35.236846,-35.630046,-36.226942,-37.021725,-37.669135,-37.570191,-37.180112,-36.437501,-35.863138,-36.011764,-36.490134,-37.545025,-38.43299,-38.770323,-38.386746,-36.926484,-35.393156,-34.504344,-34.121167,-34.233428,-34.215308,-33.751684,-33.114576,-32.167107,-31.387876,-30.693711,-30.219335,-30.822832,-31.158551,-32.078158,-32.781512,-32.715404,-32.869051,-32.480772,-32.148301,-32.133154,-32.003465,-32.39843,-32.757537,-33.351656,-34.066448,-34.609444,-35.092608,-34.83,-34.365139,-33.544777,-32.795757,-32.611461,-32.737935,-33.762405,-34.888591,-35.977226,-36.539355,-36.700623,-37.174667,-37.969781,-39.226556,-40.623044,-40.970453,-39.959471,-38.752293,-37.835978,-37.348291,-37.227352,-37.306375,-37.376685,-37.254817,-36.855384,-36.214396,-35.794685,-35.334816,-34.341798,-33.336993,-32.282547,-31.221237,-30.698196,-30.291331,-30.234363,-30.343298,-30.276626,-30.297119,-30.245784,-30.144983,-30.37638,-30.627634,-31.724258,-32.922348,-33.914161,-34.651629,-34.663909,-34.016047,-33.294212,-32.662676,-32.770819,-33.138735,-33.69238,-34.371315
"LT001",2022-07-21,2022-07-21 16:56:00,2022-07-27,"lakeTrout",81,454,410,930,249,48,"N","2",1,75,29,4,1,"2A","MD","Region_21","Region_21_772",2.140467," 20:58:41.6010",0.0117060000000002,-0.39136,-0.28968,1.37721786752145,12.279174,-0.94604,-0.40517,-0.202733,-0.08682,0.069337,0.007488,12.277194,772,725,867,82,-34.911075,12.525991,1.0453,-0.140467,18.097,18.9167,0.020224,16.5,12.509297,12.836905,12.264273,-0.143131,3.628866,4.20244,3.940947,3.64909,4.222664,3.961171,-47.870826,-49.341342,-49.339863,-47.152783,-44.901575,-42.735101,-40.998254,-39.533235,-38.270208,-37.192617,-36.17991,-35.399985,-34.760651,-34.387504,-34.176764,-34.060531,-34.038954,-34.083432,-34.193422,-34.448401,-34.812139,-35.329425,-36.014077,-36.836009,-37.823195,-38.934803,-40.031503,-40.978011,-41.482153,-41.475954,-41.054532,-40.226987,-39.117448,-37.830402,-36.503842,-35.326011,-34.309711,-33.504756,-32.88425,-32.386803,-31.995331,-31.713844,-31.482886,-31.337687,-31.274283,-31.218307,-31.279689,-31.412709,-31.724639,-32.207174,-32.839996,-33.536957,-34.259821,-35.045144,-35.934043,-36.930358,-37.92074,-38.606241,-38.679757,-38.013631,-36.894864,-35.654283,-34.41666,-33.245317,-32.082936,-30.978808,-29.929387,-29.005177,-28.184488,-27.530638,-27.015302,-26.682761,-26.498594,-26.473498,-26.558264,-26.794612,-27.139622,-27.67319,-28.40761,-29.311057,-30.430534,-31.592504,-32.660499,-33.483073,-33.711573,-33.132892,-32.134283,-31.088545,-30.225254,-29.581426,NA,NA,NA,NA,NA,NA,NA,NA,NA,NA,NA,NA,NA,NA,NA,NA,NA,NA,NA,NA,NA,NA,NA,NA,NA,NA,NA,NA,NA,NA,NA,NA,NA,NA,NA,NA,NA,NA,NA,NA,NA,NA,NA,NA,NA,NA,NA,NA,NA,NA,NA,NA,NA,NA,NA,NA,NA,NA,NA,NA,NA,NA,NA,NA,NA,NA,NA,NA,NA,NA,NA,NA,NA,NA,NA,NA,NA,NA,NA,NA,NA,NA,NA,NA,NA,NA,NA,NA,NA,NA,NA,NA,NA,NA,NA,NA,NA,NA,NA,NA,NA,NA,NA,NA,NA,NA,NA,NA,NA,NA,NA,NA,NA,NA,NA,NA,NA,NA,NA,NA,NA,NA,NA,NA,NA,NA,NA,NA,NA,NA,NA,NA,NA,NA,NA,NA,NA,NA,NA,NA,NA,NA,NA,NA,NA,NA,NA,NA,NA,NA,NA,NA,NA,NA,NA,NA,NA,NA,NA,NA,NA,-36.039676,-36.455675,-37.116459,-38.046172,-39.25139,-40.943431,-42.852216,-44.530146,-46.30576,-48.116508,-49.812073,-51.288366,-51.404299,-50.137504,-48.337913,-46.496522,-45.062586,-44.025523,-43.212335,-42.530389,-41.726846,-40.884173,-40.067112,-39.369563,-38.807485,-38.361165,-37.975684,-37.587744,-37.285318,-36.921299,-36.685343,-36.44487,-36.186276,-36.019544,-35.772835,-35.644241,-35.556582,-35.490242,-35.524901,-35.769558,-36.081715,-36.651266,-37.195769,-37.643668,-38.0653,-38.281275,-38.493028,-38.609074,-38.665383,-38.752096,-38.840054,-38.909016,-38.99616,-38.965765,-38.894302,-39.011294,-39.311872,-40.070018,-41.074683,-42.024646,-42.914437,-43.596775,-44.099794,-44.7168,-45.060556,-44.92864,-44.319861,-42.936001,-41.434182,-40.284979,-39.33543,-38.665951,-38.279044,-38.072273,-37.86143,-37.496164,-36.993722,-36.726832,-36.688146,-36.847692,-37.2547,-37.882391,-38.333958,-38.14477,-37.879679,-37.48774,-37.316489,-37.68216,-38.038216,-38.643685,-39.055636,-39.280207,-39.500479,-39.252515,-38.911889,-38.69593,-38.180204,-37.519251,-36.623947,-35.534382,-34.65336,-33.783708,-33.280808,-32.911878,-32.374259,-32.290778,-31.896807,-32.548018,-33.486887,-33.95134,-34.596573,-34.423013,-33.802677,-33.155098,-32.409002,-32.43121,-32.770964,-33.599647,-34.582692,-35.235856,-35.727446,-35.669535,-35.717728,-35.63002,-35.59207,-35.882663,-36.046725,-36.56005,-36.922714,-37.58162,-38.560638,-39.91064,-41.905585,-44.086785,-45.690425,-45.948406,-45.256267,-44.21325,-43.467744,-42.992014,-42.654528,-42.325118,-41.935893,-41.472881,-40.945203,-40.383103,-39.837536,-39.713085,-39.65228,-39.119263,-38.572988,-38.01486,-37.402696,-37.132379,-36.640971,-35.894705,-34.718354,-33.076394,-31.544883,-30.263364,-29.331587,-29.118889,-29.148546,-29.76393,-30.070788,-30.080343,-30.38589,-31.204758,-32.677395,-34.602477,-35.578946,-35.945827,-36.795699,-39.235562,-44.351107
"LT001",2022-07-21,2022-07-21 16:56:00,2022-07-27,"lakeTrout",81,454,410,930,249,48,"N","2",1,75,29,4,1,"2A","MD","Region_21","Region_21_773",4.453103," 20:58:41.7260",0.0234110000000012,0.3174,-0.47865,2.33423683870421,12.29088,-1.3374,-0.69485,-0.286855,-0.149013,0.058054,0.025868,12.286629,773,725,867,82,-34.911075,12.525991,1.0453,-0.140467,18.097,18.9167,0.020224,16.5,12.509297,12.836905,12.264273,-0.143131,3.628866,4.20244,3.940947,3.64909,4.222664,3.961171,-44.326289,-45.71451,-47.617086,-48.78861,-48.555806,-46.698281,-44.686905,-42.949347,-41.513695,-40.306633,-39.107413,-38.022887,-36.976631,-36.153782,-35.500887,-34.980245,-34.588166,-34.286181,-34.055917,-33.951013,-33.916901,-33.977099,-34.1343,-34.357226,-34.683225,-35.110968,-35.590006,-36.137546,-36.620572,-37.014067,-37.329063,-37.471454,-37.429741,-37.129673,-36.581982,-35.946768,-35.279173,-34.692852,-34.204338,-33.770602,-33.363204,-32.96411,-32.52612,-32.123167,-31.778615,-31.426964,-31.162289,-30.911994,-30.755855,-30.673515,-30.681476,-30.765622,-30.93229,-31.209802,-31.618722,-32.179967,-32.888937,-33.674639,-34.46999,-35.116249,-35.542367,-35.759084,-35.781095,-35.640764,-35.240732,-34.610114,-33.772487,-32.854284,-31.878293,-30.935276,-30.017554,-29.188032,-28.43282,-27.786403,-27.214184,-26.759208,-26.376169,-26.126455,-26.01707,-26.02354,-26.221915,-26.52467,-26.944125,-27.570099,-28.359027,-29.292809,-30.549525,-31.932274,-32.951023,-33.283954,NA,NA,NA,NA,NA,NA,NA,NA,NA,NA,NA,NA,NA,NA,NA,NA,NA,NA,NA,NA,NA,NA,NA,NA,NA,NA,NA,NA,NA,NA,NA,NA,NA,NA,NA,NA,NA,NA,NA,NA,NA,NA,NA,NA,NA,NA,NA,NA,NA,NA,NA,NA,NA,NA,NA,NA,NA,NA,NA,NA,NA,NA,NA,NA,NA,NA,NA,NA,NA,NA,NA,NA,NA,NA,NA,NA,NA,NA,NA,NA,NA,NA,NA,NA,NA,NA,NA,NA,NA,NA,NA,NA,NA,NA,NA,NA,NA,NA,NA,NA,NA,NA,NA,NA,NA,NA,NA,NA,NA,NA,NA,NA,NA,NA,NA,NA,NA,NA,NA,NA,NA,NA,NA,NA,NA,NA,NA,NA,NA,NA,NA,NA,NA,NA,NA,NA,NA,NA,NA,NA,NA,NA,NA,NA,NA,NA,NA,NA,NA,NA,NA,NA,NA,NA,NA,NA,NA,NA,NA,NA,NA,-36.21252,-36.441166,-36.617061,-36.726114,-36.798839,-37.186857,-37.611908,-37.692604,-37.828296,-38.032789,-38.380333,-39.257889,-40.417684,-41.896172,-43.562136,-45.228273,-47.188282,-49.844697,-53.391692,-54.327299,-50.383207,-46.908222,-44.498367,-42.816928,-41.650437,-40.867513,-40.362599,-40.031087,-39.862118,-39.70351,-39.709029,-39.855541,-40.207099,-40.791842,-41.221906,-41.399379,-41.195505,-40.728832,-40.24842,-39.993073,-39.95937,-40.379514,-40.930773,-41.427664,-41.697684,-41.505716,-41.148103,-40.782123,-40.572714,-40.588211,-40.672687,-40.72563,-40.800859,-40.8707,-41.215767,-42.131766,-43.49456,-45.306316,-47.097709,-48.242568,-48.396352,-47.524265,-46.236984,-45.269444,-44.45626,-43.799103,-43.219558,-42.33823,-41.674582,-41.549861,-41.699306,-42.017974,-42.300617,-42.306983,-41.932148,-41.319663,-40.749138,-40.602413,-40.742609,-40.927902,-41.100841,-41.352888,-41.431619,-41.056868,-40.727836,-40.33106,-40.140302,-40.342548,-40.364359,-40.629692,-40.923518,-41.272112,-41.936633,-42.410917,-42.66524,-42.854547,-43.179026,-44.314846,-45.843328,-46.977741,-47.359896,-46.142695,-43.596803,-40.324911,-37.199599,-35.720137,-35.014441,-35.666388,-36.485313,-36.498238,-36.281552,-35.276036,-34.204837,-33.664918,-33.450595,-34.165868,-35.245496,-36.520644,-37.242068,-37.219178,-37.333772,-37.452087,-37.986941,-38.370534,-38.383109,-38.176971,-37.557613,-37.374613,-37.376581,-37.779823,-38.198072,-38.17446,-37.655694,-36.719447,-35.927037,-35.791458,-36.264499,-36.925544,-37.7578,-38.214882,-38.000546,-37.338189,-36.612649,-36.082586,-35.885886,-36.086871,-36.679924,-37.925586,-39.277462,-40.0248,-40.389543,-40.460699,-40.286102,-40.457319,-40.76065,-41.214754,-41.487164,-41.108763,-40.172425,-38.793447,-37.081776,-35.562241,-34.085685,-33.178633,-32.28481,-31.308819,-30.305308,-29.225018,-28.123959,-27.252605,-26.414957,-25.99808,-25.611524,-25.385563,-25.356683
"LT001",2022-07-21,2022-07-21 16:56:00,2022-07-27,"lakeTrout",81,454,410,930,249,48,"N","2",1,75,29,4,1,"2A","MD","Region_21","Region_21_774",4.124474," 20:58:41.8520",0.0234109999999994,0.72587,-0.8179,1.22641748150733,12.314291,-1.02,-1.1735,-0.219162,-0.252158,0.061799,0.021644,12.309758,774,725,867,82,-34.911075,12.525991,1.0453,-0.140467,18.097,18.9167,0.020224,16.5,12.509297,12.836905,12.264273,-0.143131,3.628866,4.20244,3.940947,3.64909,4.222664,3.961171,-41.437463,-42.339934,-43.594854,-44.653928,-45.868339,-46.605502,-46.938155,-46.679795,-46.015012,-45.13744,-43.944907,-42.598085,-41.108055,-39.770933,-38.606565,-37.604293,-36.762805,-36.039846,-35.416974,-34.942054,-34.549533,-34.244934,-34.014793,-33.823237,-33.714937,-33.714064,-33.812376,-34.073075,-34.389477,-34.717768,-35.047669,-35.321028,-35.602249,-35.846475,-35.983965,-36.032346,-35.93623,-35.779193,-35.60531,-35.415289,-35.202531,-34.926179,-34.506819,-34.021889,-33.522523,-32.964538,-32.443401,-31.87495,-31.324645,-30.77187,-30.263518,-29.823951,-29.468906,-29.205867,-29.027712,-28.942501,-28.958255,-29.047887,-29.224201,-29.423105,-29.630118,-29.844541,-30.055212,-30.328819,-30.623055,-30.950795,-31.243406,-31.520408,-31.717773,-31.856497,-31.862792,-31.742107,-31.452091,-31.034992,-30.490623,-29.897198,-29.234492,-28.575687,-27.93857,-27.315914,-26.809689,-26.354884,-25.965258,-25.707263,-25.497115,-25.303773,-25.386025,-25.833608,-26.585218,-27.467188,NA,NA,NA,NA,NA,NA,NA,NA,NA,NA,NA,NA,NA,NA,NA,NA,NA,NA,NA,NA,NA,NA,NA,NA,NA,NA,NA,NA,NA,NA,NA,NA,NA,NA,NA,NA,NA,NA,NA,NA,NA,NA,NA,NA,NA,NA,NA,NA,NA,NA,NA,NA,NA,NA,NA,NA,NA,NA,NA,NA,NA,NA,NA,NA,NA,NA,NA,NA,NA,NA,NA,NA,NA,NA,NA,NA,NA,NA,NA,NA,NA,NA,NA,NA,NA,NA,NA,NA,NA,NA,NA,NA,NA,NA,NA,NA,NA,NA,NA,NA,NA,NA,NA,NA,NA,NA,NA,NA,NA,NA,NA,NA,NA,NA,NA,NA,NA,NA,NA,NA,NA,NA,NA,NA,NA,NA,NA,NA,NA,NA,NA,NA,NA,NA,NA,NA,NA,NA,NA,NA,NA,NA,NA,NA,NA,NA,NA,NA,NA,NA,NA,NA,NA,NA,NA,NA,NA,NA,NA,NA,NA,-46.141742,-46.932424,-47.660666,-48.207001,-48.449923,-48.625537,-48.503419,-47.801935,-47.002476,-46.165744,-45.338147,-44.856978,-44.400517,-43.941881,-43.389725,-42.632799,-41.931895,-41.42614,-41.191366,-41.303577,-41.511631,-41.610694,-41.354618,-40.752386,-40.020813,-39.392166,-39.011239,-38.915674,-39.169042,-39.589545,-40.16808,-40.586211,-40.681475,-40.649252,-40.600965,-40.841025,-41.299435,-41.930929,-42.779081,-43.979237,-45.501779,-47.546552,-49.62152,-51.069559,-51.384934,-50.691119,-49.83178,-49.256956,-49.27989,-50.050932,-51.513036,-53.738117,-56.904273,-58.838492,-54.817794,-50.332241,-47.289037,-45.621521,-44.800773,-44.392019,-44.354463,-44.538264,-45.047422,-46.202698,-47.644584,-49.203389,-50.642647,-51.675969,-53.174523,-55.877687,-57.98772,-54.816164,-50.821646,-48.111138,-46.304855,-44.851958,-43.39123,-42.101663,-41.035697,-40.212765,-39.767655,-39.821181,-39.923866,-39.492642,-38.852968,-38.017124,-37.601674,-38.104802,-38.983198,-40.298677,-41.270189,-41.610377,-41.674223,-41.369024,-41.365799,-42.027829,-42.737551,-43.418484,-43.624428,-43.193163,-42.641465,-41.771484,-40.932906,-40.067394,-39.020868,-38.604724,-37.919786,-38.032216,-38.302712,-38.153657,-38.354369,-38.271805,-38.219785,-38.338495,-38.071015,-37.962487,-37.808511,-38.121758,-38.981059,-40.291636,-42.081521,-43.506865,-44.745038,-45.434829,-45.84736,-46.385153,-46.499026,-46.568433,-46.261112,-46.006272,-45.746386,-45.361792,-44.945289,-44.274184,-43.272715,-42.211271,-41.231366,-40.276824,-39.854457,-39.92408,-40.368237,-41.048551,-41.801847,-42.42877,-42.770859,-42.845255,-42.822276,-43.192462,-43.705623,-43.942335,-44.242773,-44.58712,-44.597198,-44.446666,-43.815704,-43.029585,-42.366363,-41.964126,-42.181926,-43.185666,-44.800929,-46.075643,-44.200054,-41.181954,-38.446984,-36.287874,-34.638295,-33.330228,-32.422578,-32.106129,-32.225689,-33.095295,-33.863469,-34.066565,-33.165162
"LT001",2022-07-21,2022-07-21 16:56:00,2022-07-27,"lakeTrout",81,454,410,930,249,48,"N","2",1,75,29,4,1,"2A","MD","Region_21","Region_21_784",1.863412," 20:58:43.1150",-0.0234109999999994,-0.79053,0.73984,-1.23866931779735,12.384525,0.59566,-0.87432,0.128735,-0.188967,0.048246,0.000994,12.382414,784,725,867,82,-34.911075,12.525991,1.0453,-0.140467,18.097,18.9167,0.020224,16.5,12.509297,12.836905,12.264273,-0.143131,3.628866,4.20244,3.940947,3.64909,4.222664,3.961171,-33.789153,-33.653678,-33.650128,-33.467573,-33.665528,-33.773715,-34.002113,-34.135963,-34.156499,-34.163985,-34.136225,-34.274428,-34.455447,-34.752054,-35.02602,-35.211227,-35.336978,-35.412298,-35.469101,-35.596834,-35.743072,-35.914054,-36.080699,-36.185754,-36.254688,-36.279805,-36.206483,-36.057753,-35.749024,-35.337331,-34.915628,-34.459036,-34.035114,-33.630492,-33.235624,-32.927037,-32.665629,-32.500972,-32.437149,-32.456258,-32.569446,-32.760442,-32.918875,-33.054887,-33.179034,-33.242061,-33.36243,-33.474123,-33.625556,-33.723652,-33.708299,-33.561312,-33.354173,-33.168498,-33.029866,-32.943362,-32.895157,-32.839572,-32.789469,-32.701827,-32.621141,-32.614975,-32.708189,-32.954156,-33.262365,-33.608108,-33.924424,-34.262461,-34.61036,-35.033947,-35.470159,-35.893751,-36.208005,-36.417592,-36.534431,-36.683761,-36.878241,-37.191262,-37.561969,-37.851117,-38.051806,-38.085437,-38.076096,-38.225015,-38.488269,-38.681569,-38.792588,-38.68875,-38.406613,-38.083614,NA,NA,NA,NA,NA,NA,NA,NA,NA,NA,NA,NA,NA,NA,NA,NA,NA,NA,NA,NA,NA,NA,NA,NA,NA,NA,NA,NA,NA,NA,NA,NA,NA,NA,NA,NA,NA,NA,NA,NA,NA,NA,NA,NA,NA,NA,NA,NA,NA,NA,NA,NA,NA,NA,NA,NA,NA,NA,NA,NA,NA,NA,NA,NA,NA,NA,NA,NA,NA,NA,NA,NA,NA,NA,NA,NA,NA,NA,NA,NA,NA,NA,NA,NA,NA,NA,NA,NA,NA,NA,NA,NA,NA,NA,NA,NA,NA,NA,NA,NA,NA,NA,NA,NA,NA,NA,NA,NA,NA,NA,NA,NA,NA,NA,NA,NA,NA,NA,NA,NA,NA,NA,NA,NA,NA,NA,NA,NA,NA,NA,NA,NA,NA,NA,NA,NA,NA,NA,NA,NA,NA,NA,NA,NA,NA,NA,NA,NA,NA,NA,NA,NA,NA,NA,NA,NA,NA,NA,NA,NA,NA,-40.732762,-40.237795,-39.732994,-39.225133,-38.75377,-38.580659,-38.516678,-38.161896,-37.877065,-37.641689,-37.406595,-37.526617,-37.689677,-37.959067,-38.335288,-38.587366,-38.826674,-38.987602,-39.044119,-39.133182,-39.164668,-39.22729,-39.278976,-39.325429,-39.351857,-39.362927,-39.342939,-39.238314,-39.126224,-38.82455,-38.501665,-38.040925,-37.497582,-37.070415,-36.627838,-36.345815,-36.100526,-35.845641,-35.643013,-35.621658,-35.678123,-36.04428,-36.476807,-36.895035,-37.324492,-37.527133,-37.695817,-37.784139,-37.890384,-38.099663,-38.341434,-38.570225,-38.810879,-38.947545,-39.037707,-39.179172,-39.147399,-39.103764,-38.944511,-38.590944,-38.217264,-37.775404,-37.330925,-37.184589,-37.049267,-36.885238,-36.720018,-36.089992,-35.443372,-35.129832,-34.932745,-34.897432,-35.024559,-35.259185,-35.512538,-35.725226,-35.926736,-36.407349,-37.053597,-37.733395,-38.442371,-39.166948,-39.543873,-39.101988,-38.392318,-37.452883,-36.815837,-36.930985,-37.264626,-37.959309,-38.283554,-37.975082,-37.204976,-35.804472,-34.597882,-34.103038,-34.022584,-34.373283,-34.554237,-34.194777,-33.599258,-32.632207,-31.798198,-31.120357,-30.732353,-31.522808,-32.141817,-33.25879,-34.072553,-34.110285,-34.375321,-34.238808,-34.255415,-34.668059,-34.890649,-35.2861,-35.323842,-35.550073,-36.221078,-37.360006,-39.157542,-40.765373,-42.153514,-42.539062,-42.246927,-42.207016,-42.544379,-44.116424,-46.552503,-50.009664,-53.084153,-53.864979,-54.230327,-55.84412,-58.197007,-57.774432,-56.48312,-56.542797,-57.74878,-58.083529,-55.844402,-52.118815,-48.587299,-45.787227,-43.71127,-42.225044,-41.171619,-40.744539,-40.477489,-39.799013,-39.138645,-38.507922,-37.845694,-37.585394,-37.294965,-37.108176,-36.870207,-36.321219,-35.711388,-35.021259,-34.314139,-34.033701,-33.950807,-34.709809,-35.472672,-35.899565,-36.005785,-35.796806,-35.663568,-36.068192,-36.861093,-38.00041,-37.960075,-36.762593,-35.392704
"LT001",2022-07-21,2022-07-21 16:56:00,2022-07-27,"lakeTrout",81,454,410,930,249,48,"N","2",1,75,29,4,1,"2A","MD","Region_21","Region_21_785",0.107797000000005," 20:58:43.2420",0,-0.20204,0.51471,0,12.361114,-0.19487,-0.13448,-0.042041,-0.029013,0.106533,0.002661,12.361008,785,725,867,82,-34.911075,12.525991,1.0453,-0.140467,18.097,18.9167,0.020224,16.5,12.509297,12.836905,12.264273,-0.143131,3.628866,4.20244,3.940947,3.64909,4.222664,3.961171,-33.969067,-33.692935,-33.47688,-33.149246,-33.308794,-33.477616,-33.821426,-34.09167,-34.237669,-34.315382,-34.279822,-34.338191,-34.401751,-34.589394,-34.799917,-34.971093,-35.12108,-35.230735,-35.306611,-35.435389,-35.577177,-35.770535,-36.009244,-36.23213,-36.435028,-36.559406,-36.511362,-36.321729,-35.955098,-35.499773,-35.031764,-34.490953,-33.938019,-33.388415,-32.868019,-32.474618,-32.168338,-31.975779,-31.87183,-31.804286,-31.769469,-31.786937,-31.805459,-31.865667,-31.966093,-32.020247,-32.114732,-32.157404,-32.187491,-32.148309,-32.050982,-31.914973,-31.772122,-31.636621,-31.492601,-31.341996,-31.196006,-31.05626,-30.987926,-30.96941,-31.018499,-31.125062,-31.244877,-31.439476,-31.692342,-32.055939,-32.494517,-33.035634,-33.625557,-34.297137,-34.976038,-35.644241,-36.20484,-36.635227,-36.912894,-37.151012,-37.36565,-37.650235,-37.953982,-38.156768,-38.288736,-38.288039,-38.257657,-38.331639,-38.384315,-38.219342,-38.090546,-38.236771,-38.729538,-39.268214,NA,NA,NA,NA,NA,NA,NA,NA,NA,NA,NA,NA,NA,NA,NA,NA,NA,NA,NA,NA,NA,NA,NA,NA,NA,NA,NA,NA,NA,NA,NA,NA,NA,NA,NA,NA,NA,NA,NA,NA,NA,NA,NA,NA,NA,NA,NA,NA,NA,NA,NA,NA,NA,NA,NA,NA,NA,NA,NA,NA,NA,NA,NA,NA,NA,NA,NA,NA,NA,NA,NA,NA,NA,NA,NA,NA,NA,NA,NA,NA,NA,NA,NA,NA,NA,NA,NA,NA,NA,NA,NA,NA,NA,NA,NA,NA,NA,NA,NA,NA,NA,NA,NA,NA,NA,NA,NA,NA,NA,NA,NA,NA,NA,NA,NA,NA,NA,NA,NA,NA,NA,NA,NA,NA,NA,NA,NA,NA,NA,NA,NA,NA,NA,NA,NA,NA,NA,NA,NA,NA,NA,NA,NA,NA,NA,NA,NA,NA,NA,NA,NA,NA,NA,NA,NA,NA,NA,NA,NA,NA,NA,-44.759362,-44.355383,-43.799451,-43.240598,-42.804869,-42.704728,-42.756253,-42.504107,-42.283229,-42.087387,-41.872758,-42.042189,-42.243842,-42.509454,-42.863801,-43.095789,-43.398713,-43.668902,-43.789092,-43.845315,-43.721344,-43.550415,-43.321003,-43.076299,-42.814836,-42.578141,-42.378597,-42.181122,-42.11603,-42.010429,-42.105694,-42.219869,-42.255632,-42.265503,-42.067228,-41.97458,-41.994126,-42.153358,-42.531364,-43.178492,-43.793639,-44.465799,-44.941245,-45.274247,-45.72336,-46.068098,-46.289792,-45.961156,-45.078758,-43.983881,-42.933957,-42.063452,-41.466449,-41.007118,-40.604848,-40.204093,-39.487556,-38.73303,-37.992139,-37.232963,-36.605809,-36.031371,-35.502703,-35.30661,-35.166786,-34.999607,-34.923046,-34.43935,-33.977783,-33.857081,-33.786551,-33.792123,-33.877689,-34.0093,-34.131536,-34.218152,-34.318649,-34.762643,-35.43207,-36.237326,-37.192419,-38.226423,-38.971759,-38.870669,-38.539987,-38.07616,-38.035042,-38.871647,-39.989028,-41.364232,-42.093495,-42.05288,-41.647546,-40.879427,-40.581312,-40.975841,-41.356228,-41.298267,-40.413196,-38.966365,-37.53792,-36.062571,-34.968562,-34.015985,-33.10697,-32.928834,-32.418476,-32.867758,-33.527379,-33.688405,-34.182671,-34.046114,-33.717807,-33.351223,-32.635468,-32.511166,-32.646653,-33.455876,-34.861339,-36.416346,-37.874045,-38.266675,-38.307525,-38.105339,-38.170007,-38.934515,-39.989596,-41.572644,-42.457016,-42.776908,-42.841215,-42.973959,-43.563279,-44.198471,-44.750364,-45.106566,-44.993695,-44.485744,-44.2866,-44.448494,-44.884906,-45.472526,-46.039446,-46.313002,-46.05731,-45.342026,-44.422816,-43.790952,-43.051465,-41.622942,-40.116004,-38.627674,-37.380663,-37.032333,-37.146967,-37.849683,-38.660853,-38.838033,-38.455064,-37.505944,-36.391889,-35.709592,-35.077955,-35.259206,-35.565801,-35.732064,-35.615048,-34.695315,-33.348006,-32.368839,-31.904014,-32.70589,-34.513625,-37.160097,-39.254943
"LT001",2022-07-21,2022-07-21 16:56:00,2022-07-27,"lakeTrout",81,454,410,930,249,48,"N","2",1,75,29,4,1,"2A","MD","Region_21","Region_21_786",0.548243999999997," 20:58:43.3670",-0.0117060000000002,0.01505,0.26675,-2.50875890936991,12.361114,-0.39691,0.38023,-0.085627,0.082029,0.096924,0.004061,12.360545,786,725,867,82,-34.911075,12.525991,1.0453,-0.140467,18.097,18.9167,0.020224,16.5,12.509297,12.836905,12.264273,-0.143131,3.628866,4.20244,3.940947,3.64909,4.222664,3.961171,-33.41668,-33.093978,-32.849751,-32.424935,-32.473694,-32.592093,-32.952504,-33.253343,-33.402341,-33.465106,-33.436353,-33.552579,-33.713285,-33.989229,-34.228523,-34.350327,-34.391741,-34.38084,-34.372441,-34.473756,-34.627835,-34.830343,-35.043098,-35.214735,-35.401148,-35.636328,-35.891401,-36.144678,-36.179912,-35.94877,-35.565434,-35.08037,-34.604245,-34.124261,-33.618645,-33.169313,-32.756964,-32.442559,-32.227701,-32.073182,-31.970329,-31.915457,-31.835035,-31.76861,-31.728848,-31.644017,-31.609719,-31.542254,-31.488046,-31.380639,-31.193971,-30.914548,-30.584754,-30.255371,-29.940738,-29.654386,-29.399348,-29.151659,-28.945775,-28.745132,-28.578343,-28.46627,-28.389649,-28.405557,-28.473329,-28.631068,-28.852392,-29.189791,-29.614111,-30.177277,-30.821095,-31.545039,-32.273311,-33.000029,-33.697849,-34.448982,-35.226421,-36.072569,-36.875803,-37.443645,-37.761573,-37.806271,-37.783954,-37.936233,-38.209314,-38.377515,-38.419303,-38.191991,-37.803894,-37.526034,NA,NA,NA,NA,NA,NA,NA,NA,NA,NA,NA,NA,NA,NA,NA,NA,NA,NA,NA,NA,NA,NA,NA,NA,NA,NA,NA,NA,NA,NA,NA,NA,NA,NA,NA,NA,NA,NA,NA,NA,NA,NA,NA,NA,NA,NA,NA,NA,NA,NA,NA,NA,NA,NA,NA,NA,NA,NA,NA,NA,NA,NA,NA,NA,NA,NA,NA,NA,NA,NA,NA,NA,NA,NA,NA,NA,NA,NA,NA,NA,NA,NA,NA,NA,NA,NA,NA,NA,NA,NA,NA,NA,NA,NA,NA,NA,NA,NA,NA,NA,NA,NA,NA,NA,NA,NA,NA,NA,NA,NA,NA,NA,NA,NA,NA,NA,NA,NA,NA,NA,NA,NA,NA,NA,NA,NA,NA,NA,NA,NA,NA,NA,NA,NA,NA,NA,NA,NA,NA,NA,NA,NA,NA,NA,NA,NA,NA,NA,NA,NA,NA,NA,NA,NA,NA,NA,NA,NA,NA,NA,NA,-44.996814,-44.721638,-44.299519,-43.792684,-43.260501,-42.923849,-42.635461,-42.007556,-41.431836,-40.956661,-40.610237,-40.831341,-41.23988,-41.725302,-42.10325,-42.067029,-41.9463,-41.967942,-42.297631,-43.082091,-44.03449,-44.978387,-45.667359,-46.147623,-46.646694,-47.482077,-48.867245,-50.810988,-53.061863,-54.153483,-53.254973,-51.342392,-49.669465,-48.732313,-48.096561,-47.549699,-46.749173,-45.67203,-44.585438,-43.865061,-43.548266,-43.889918,-44.480465,-44.922206,-45.020347,-44.572981,-44.16203,-44.10331,-44.600098,-45.553443,-46.508432,-46.953781,-46.717491,-45.990481,-45.417203,-45.635466,-46.499868,-47.468174,-47.237553,-45.61106,-43.664204,-41.963212,-40.761607,-40.371628,-40.321504,-40.152614,-39.628546,-38.272553,-36.794399,-35.7683,-35.02178,-34.559976,-34.281432,-34.021234,-33.652847,-33.195375,-32.804334,-32.861787,-33.225221,-33.712871,-34.2429,-34.725576,-34.893733,-34.4045,-33.98034,-33.651119,-33.78881,-34.632291,-35.453973,-36.351712,-36.779477,-36.819545,-36.793347,-36.491559,-36.535782,-37.037634,-37.445531,-37.825288,-37.958669,-37.815502,-37.698132,-37.332037,-36.93084,-36.075142,-34.746939,-34.177615,-33.685546,-34.412943,-35.389656,-35.737019,-36.120529,-35.538677,-34.569385,-33.694738,-32.791144,-32.718807,-32.991476,-33.82481,-34.887345,-35.527497,-35.74294,-35.202319,-34.777337,-34.316381,-34.049367,-34.205403,-34.229352,-34.450318,-34.177127,-33.908955,-33.747746,-33.756727,-34.224803,-34.749826,-35.172242,-35.350211,-35.092375,-34.590842,-34.591764,-35.094393,-35.856383,-36.527836,-36.835601,-36.772447,-36.562503,-36.450909,-36.567964,-37.272416,-38.091364,-38.315314,-38.331726,-38.097725,-37.774136,-38.041025,-38.539481,-39.455034,-40.465597,-41.083187,-41.547006,-41.83387,-42.171023,-43.012227,-43.915461,-45.724318,-48.131929,-51.143141,-53.181077,-50.555482,-46.043193,-42.446583,-40.019173,-39.166063,-39.132119,-39.48631,-39.79466
"LT001",2022-07-21,2022-07-21 16:56:00,2022-07-27,"lakeTrout",81,454,410,930,249,48,"N","2",1,75,29,4,1,"2A","MD","Region_21","Region_21_787",0.925111999999999," 20:58:43.4950",0,0.3904211,-0.01285,0,12.349408,-0.38186,0.64698,-0.082299,0.139443,0.24063,0.005701,12.348346,787,725,867,82,-34.911075,12.525991,1.0453,-0.140467,18.097,18.9167,0.020224,16.5,12.509297,12.836905,12.264273,-0.143131,3.628866,4.20244,3.940947,3.64909,4.222664,3.961171,-33.350919,-33.064268,-32.938914,-32.680371,-32.862973,-33.040404,-33.42263,-33.775223,-34.046461,-34.29692,-34.477621,-34.778484,-35.083131,-35.484086,-35.864013,-36.162575,-36.405823,-36.587267,-36.719747,-36.878115,-36.997919,-37.087239,-37.127988,-37.075351,-36.961049,-36.772449,-36.454051,-36.051717,-35.522969,-34.948041,-34.404962,-33.83629,-33.290742,-32.759105,-32.245697,-31.838144,-31.49818,-31.263946,-31.123091,-31.035741,-30.998002,-31.005385,-30.978138,-30.947176,-30.919775,-30.826548,-30.767713,-30.665739,-30.575279,-30.442463,-30.25933,-30.019694,-29.755048,-29.504654,-29.28123,-29.103186,-28.98152,-28.898797,-28.889633,-28.90847,-28.968554,-29.088848,-29.271128,-29.600034,-30.047972,-30.646342,-31.354231,-32.219243,-33.22319,-34.441075,-35.830135,-37.357885,-38.81862,-39.96767,-40.546747,-40.590257,-40.202572,-39.601059,-38.857527,-37.970596,-37.054246,-36.081004,-35.152291,-34.399959,-33.723583,-32.968088,-32.303322,-31.77609,-31.432501,-31.257762,NA,NA,NA,NA,NA,NA,NA,NA,NA,NA,NA,NA,NA,NA,NA,NA,NA,NA,NA,NA,NA,NA,NA,NA,NA,NA,NA,NA,NA,NA,NA,NA,NA,NA,NA,NA,NA,NA,NA,NA,NA,NA,NA,NA,NA,NA,NA,NA,NA,NA,NA,NA,NA,NA,NA,NA,NA,NA,NA,NA,NA,NA,NA,NA,NA,NA,NA,NA,NA,NA,NA,NA,NA,NA,NA,NA,NA,NA,NA,NA,NA,NA,NA,NA,NA,NA,NA,NA,NA,NA,NA,NA,NA,NA,NA,NA,NA,NA,NA,NA,NA,NA,NA,NA,NA,NA,NA,NA,NA,NA,NA,NA,NA,NA,NA,NA,NA,NA,NA,NA,NA,NA,NA,NA,NA,NA,NA,NA,NA,NA,NA,NA,NA,NA,NA,NA,NA,NA,NA,NA,NA,NA,NA,NA,NA,NA,NA,NA,NA,NA,NA,NA,NA,NA,NA,NA,NA,NA,NA,NA,NA,-41.493801,-41.603347,-41.845999,-42.14261,-42.405862,-42.783166,-43.140812,-43.207936,-43.511606,-44.166908,-45.14203,-46.636623,-47.840435,-48.195236,-47.704922,-46.783999,-46.040422,-45.435648,-44.755597,-44.00187,-43.098644,-42.280611,-41.635685,-41.233966,-41.031308,-40.957429,-40.906034,-40.76793,-40.650221,-40.431391,-40.390454,-40.413444,-40.429729,-40.451507,-40.249729,-40.092668,-39.982633,-39.953802,-40.089308,-40.473554,-40.891696,-41.478054,-41.931913,-42.199619,-42.452717,-42.545451,-42.677148,-42.721837,-42.709474,-42.644037,-42.386511,-41.88072,-41.212158,-40.339781,-39.382411,-38.573372,-37.858213,-37.4995,-37.336466,-37.153541,-37.006395,-36.775663,-36.471575,-36.406274,-36.352545,-36.310752,-36.392841,-36.115192,-35.889405,-36.028324,-36.272125,-36.65344,-37.148221,-37.644647,-37.981378,-38.073903,-38.021476,-38.250154,-38.730511,-39.375511,-40.157454,-40.95609,-41.320167,-40.726996,-39.870761,-38.928316,-38.453228,-38.816357,-39.331383,-40.002196,-40.141412,-39.801879,-39.414324,-38.886159,-38.942469,-39.741629,-40.438309,-40.622915,-40.056988,-39.035698,-38.124152,-37.203359,-36.68235,-36.386802,-36.253454,-36.943366,-37.182142,-38.082286,-38.974386,-39.225335,-39.64377,-39.326063,-38.730755,-38.132783,-37.26296,-36.968509,-36.877297,-37.328689,-38.150479,-38.847444,-39.315484,-38.97756,-38.628406,-38.187702,-37.951299,-38.181895,-38.268624,-38.42543,-37.960147,-37.476403,-37.161783,-37.06669,-37.399462,-37.684068,-37.709061,-37.543746,-37.18825,-36.702998,-36.681774,-37.069398,-37.652117,-38.186277,-38.543484,-38.773039,-39.01103,-39.345638,-39.746533,-40.427253,-40.853087,-40.381407,-39.526093,-38.397474,-37.166251,-36.464448,-35.915971,-35.686142,-35.509556,-35.006009,-34.477552,-33.956841,-33.650748,-34.063514,-34.838873,-36.354248,-37.171093,-36.908764,-36.485993,-36.460026,-37.202797,-38.710461,-39.558109,-39.060762,-37.925309,-37.394603,-37.998733
"LT001",2022-07-21,2022-07-21 16:56:00,2022-07-27,"lakeTrout",81,454,410,930,249,48,"N","2",1,75,29,4,1,"2A","MD","Region_21","Region_21_788",0.595241999999999," 20:58:43.6210",0,0.8993189,-0.34188,0,12.349408,0.0085611,0.63413,0.001845,0.136676,0.013276,0.013391,12.348652,788,725,867,82,-34.911075,12.525991,1.0453,-0.140467,18.097,18.9167,0.020224,16.5,12.509297,12.836905,12.264273,-0.143131,3.628866,4.20244,3.940947,3.64909,4.222664,3.961171,-34.958961,-35.124787,-35.408297,-35.528857,-36.061214,-36.540061,-37.153489,-37.679252,-38.110631,-38.551616,-38.960554,-39.47718,-39.896915,-40.24794,-40.41463,-40.378396,-40.200171,-39.877039,-39.40654,-38.858955,-38.198276,-37.489967,-36.771019,-36.029979,-35.318264,-34.649269,-34.009641,-33.48094,-33.005173,-32.590282,-32.249795,-31.918001,-31.670881,-31.516282,-31.443916,-31.505728,-31.625598,-31.816513,-32.065877,-32.365232,-32.766308,-33.300744,-33.860618,-34.413984,-34.930738,-35.342814,-35.775043,-36.179613,-36.6308,-37.074344,-37.491809,-37.874852,-38.263188,-38.727073,-39.341564,-40.212429,-41.464538,-43.247451,-45.883562,-49.876987,-55.157885,-52.234148,-46.618997,-42.737962,-39.962796,-37.950127,-36.426172,-35.267567,-34.328809,-33.604791,-33.037108,-32.666654,-32.46843,-32.459197,-32.589812,-32.890209,-33.286935,-33.816305,-34.422149,-34.99833,-35.556372,-35.972164,-36.276229,-36.563205,-36.723039,-36.640423,-36.638552,-36.963279,-37.698135,-38.651186,NA,NA,NA,NA,NA,NA,NA,NA,NA,NA,NA,NA,NA,NA,NA,NA,NA,NA,NA,NA,NA,NA,NA,NA,NA,NA,NA,NA,NA,NA,NA,NA,NA,NA,NA,NA,NA,NA,NA,NA,NA,NA,NA,NA,NA,NA,NA,NA,NA,NA,NA,NA,NA,NA,NA,NA,NA,NA,NA,NA,NA,NA,NA,NA,NA,NA,NA,NA,NA,NA,NA,NA,NA,NA,NA,NA,NA,NA,NA,NA,NA,NA,NA,NA,NA,NA,NA,NA,NA,NA,NA,NA,NA,NA,NA,NA,NA,NA,NA,NA,NA,NA,NA,NA,NA,NA,NA,NA,NA,NA,NA,NA,NA,NA,NA,NA,NA,NA,NA,NA,NA,NA,NA,NA,NA,NA,NA,NA,NA,NA,NA,NA,NA,NA,NA,NA,NA,NA,NA,NA,NA,NA,NA,NA,NA,NA,NA,NA,NA,NA,NA,NA,NA,NA,NA,NA,NA,NA,NA,NA,NA,-40.989956,-40.425727,-39.893898,-39.384359,-38.90631,-38.654443,-38.470516,-37.960424,-37.501289,-37.099315,-36.703437,-36.687692,-36.698122,-36.770909,-36.925279,-36.937426,-36.988556,-37.045476,-37.097784,-37.291199,-37.50596,-37.814068,-38.136048,-38.450457,-38.697227,-38.851496,-38.872469,-38.693757,-38.423849,-37.890218,-37.338621,-36.693414,-36.049929,-35.612005,-35.186919,-34.932355,-34.706555,-34.459904,-34.270385,-34.283405,-34.374071,-34.76571,-35.189701,-35.524734,-35.817145,-35.825439,-35.782648,-35.652249,-35.540214,-35.522165,-35.526589,-35.50022,-35.475324,-35.369564,-35.284761,-35.416384,-35.592519,-35.958316,-36.331723,-36.567371,-36.823179,-37.072738,-37.365831,-37.976355,-38.564803,-39.010329,-39.424913,-39.413047,-39.49639,-40.039051,-40.736093,-41.50713,-42.197754,-42.650925,-42.831377,-42.888583,-43.076176,-43.8094,-44.937809,-46.232144,-47.538126,-48.679771,-49.310661,-49.086715,-48.785871,-48.489943,-48.592277,-49.36252,-50.180382,-51.259413,-51.964707,-52.062415,-51.561462,-50.176601,-48.77666,-47.940398,-47.540871,-47.724082,-48.000177,-48.049022,-48.060778,-47.848736,-47.927956,-48.264952,-48.817068,-49.926229,-50.179245,-51.116673,-52.302537,-53.08395,-54.043946,-53.587924,-51.756122,-49.591159,-47.564353,-46.634019,-46.281093,-46.726713,-47.732783,-48.700561,-49.348044,-49.030861,-48.649114,-48.207273,-48.072103,-48.588427,-49.221957,-50.124108,-50.353366,-50.427155,-50.59793,-50.959156,-51.82508,-53.03897,-55.018239,-58.493237,-64.157501,-69.081713,-62.421152,-57.975486,-55.524539,-54.404108,-54.404993,-55.419614,-57.15003,-58.509028,-57.132021,-53.474605,-49.796864,-46.518323,-44.187992,-42.655579,-41.808353,-41.970311,-42.267393,-42.140594,-41.069871,-39.388618,-38.080114,-37.36071,-37.437184,-38.823658,-41.149291,-43.5875,-42.252344,-39.586765,-37.867228,-37.078336,-37.179356,-38.064834,-38.4756,-37.416171,-35.237939,-33.445852,-32.537383
"LT001",2022-07-21,2022-07-21 16:56:00,2022-07-27,"lakeTrout",81,454,410,930,249,48,"N","2",1,75,29,4,1,"2A","MD","Region_21","Region_21_789",1.880089," 20:58:43.7480",0.0117060000000002,1.01232,-0.42224,0.611459503778284,12.349408,0.90788,0.29225,0.195672,0.062983,0.053241,0.013213,12.347697,789,725,867,82,-34.911075,12.525991,1.0453,-0.140467,18.097,18.9167,0.020224,16.5,12.509297,12.836905,12.264273,-0.143131,3.628866,4.20244,3.940947,3.64909,4.222664,3.961171,-37.059263,-37.339827,-37.602926,-37.626443,-38.023406,-38.350126,-38.832137,-39.266289,-39.629049,-39.983141,-40.238344,-40.513506,-40.634014,-40.682647,-40.5776,-40.30703,-39.92704,-39.445719,-38.87953,-38.311032,-37.697424,-37.074256,-36.447403,-35.788161,-35.149847,-34.562763,-34.03333,-33.652875,-33.349249,-33.102257,-32.902209,-32.689427,-32.567688,-32.569173,-32.695843,-32.992193,-33.360903,-33.786202,-34.224892,-34.6593,-35.176417,-35.883365,-36.731625,-37.680556,-38.641128,-39.482969,-40.284762,-40.98506,-41.705271,-42.518023,-43.554026,-44.860531,-46.446313,-48.429526,-51.26064,-56.503928,-77.407351,-54.729878,-48.20449,-44.272676,-41.487986,-39.339618,-37.548972,-36.069306,-34.839976,-33.885094,-33.139029,-32.605704,-32.215544,-32.006261,-31.941798,-32.071476,-32.373699,-32.875726,-33.546738,-34.44713,-35.550641,-36.953945,-38.687603,-40.757862,-43.310908,-46.404701,-50.392332,-55.823401,-58.523782,-54.517637,-51.607993,-49.484515,-47.256508,-45.291797,NA,NA,NA,NA,NA,NA,NA,NA,NA,NA,NA,NA,NA,NA,NA,NA,NA,NA,NA,NA,NA,NA,NA,NA,NA,NA,NA,NA,NA,NA,NA,NA,NA,NA,NA,NA,NA,NA,NA,NA,NA,NA,NA,NA,NA,NA,NA,NA,NA,NA,NA,NA,NA,NA,NA,NA,NA,NA,NA,NA,NA,NA,NA,NA,NA,NA,NA,NA,NA,NA,NA,NA,NA,NA,NA,NA,NA,NA,NA,NA,NA,NA,NA,NA,NA,NA,NA,NA,NA,NA,NA,NA,NA,NA,NA,NA,NA,NA,NA,NA,NA,NA,NA,NA,NA,NA,NA,NA,NA,NA,NA,NA,NA,NA,NA,NA,NA,NA,NA,NA,NA,NA,NA,NA,NA,NA,NA,NA,NA,NA,NA,NA,NA,NA,NA,NA,NA,NA,NA,NA,NA,NA,NA,NA,NA,NA,NA,NA,NA,NA,NA,NA,NA,NA,NA,NA,NA,NA,NA,NA,NA,-41.288243,-40.842329,-40.414785,-40.008945,-39.636081,-39.522053,-39.427379,-38.920518,-38.357937,-37.744493,-37.108736,-36.892893,-36.854063,-37.100001,-37.609902,-38.076584,-38.53068,-38.891368,-39.213198,-39.750125,-40.459149,-41.32623,-42.006784,-42.120025,-41.569458,-40.66505,-39.722815,-38.86221,-38.194433,-37.498997,-36.885037,-36.187466,-35.470624,-34.978809,-34.603907,-34.513225,-34.543498,-34.591446,-34.683862,-34.914529,-35.157288,-35.649181,-36.152537,-36.604333,-37.044151,-37.230561,-37.352765,-37.372803,-37.393682,-37.521389,-37.705626,-37.897273,-38.109066,-38.171189,-38.086449,-37.983456,-37.802636,-37.89728,-38.227229,-38.676236,-39.401057,-40.372055,-41.637942,-43.350533,-44.799605,-45.570768,-45.869795,-45.632037,-45.550766,-45.974122,-46.488799,-46.906275,-47.196336,-47.492608,-47.844572,-48.250537,-48.971446,-50.717545,-53.749843,-57.51384,-57.789392,-55.177668,-53.207803,-51.56898,-50.285845,-48.839338,-47.447619,-46.635542,-46.137673,-46.316746,-46.557221,-46.54488,-46.267344,-45.473017,-45.029087,-45.479654,-46.368256,-47.272431,-47.323357,-46.361352,-45.023085,-43.381553,-42.003414,-40.901832,-40.204751,-40.740708,-41.157253,-42.206046,-43.103055,-43.342545,-43.874704,-43.951804,-44.094662,-44.578276,-45.056089,-46.247465,-47.658606,-49.432666,-51.196241,-52.505383,-53.313687,-52.51981,-50.859339,-48.915243,-47.371228,-46.682427,-46.431198,-46.796949,-46.384455,-45.13968,-43.694408,-42.654108,-42.50376,-43.101134,-44.681179,-47.338651,-49.945785,-50.740714,-50.603036,-50.995605,-52.543171,-55.549275,-60.381827,-65.044001,-62.769922,-60.038104,-57.804735,-55.33691,-52.791271,-50.440058,-49.009627,-48.490952,-48.828413,-50.483975,-53.169789,-57.653191,-64.921472,-60.976416,-53.272193,-47.180496,-42.085649,-38.268165,-35.282627,-33.665961,-32.609884,-31.797014,-31.267835,-30.785255,-30.335734,-30.157973,-30.072744,-30.560834,-31.179534,-31.891385,-32.799241
"LT001",2022-07-21,2022-07-21 16:56:00,2022-07-27,"lakeTrout",81,454,410,930,249,48,"N","2",1,75,29,4,1,"2A","MD","Region_21","Region_21_796",3.024352," 20:58:44.6230",0.0117060000000002,-0.76454,0.05008,0.875321166090096,12.454758,1.1547,-0.36143,0.250979,-0.07855,0.015477,0.015688,12.451982,796,725,867,82,-34.911075,12.525991,1.0453,-0.140467,18.097,18.9167,0.020224,16.5,12.509297,12.836905,12.264273,-0.143131,3.628866,4.20244,3.940947,3.64909,4.222664,3.961171,-35.313252,-35.368089,-35.431874,-35.2755,-35.516785,-35.706004,-36.069199,-36.396182,-36.657379,-36.929278,-37.155774,-37.506252,-37.844174,-38.248493,-38.598372,-38.841091,-38.998946,-39.062232,-39.034469,-38.983158,-38.851257,-38.655846,-38.386304,-37.997098,-37.521348,-36.971515,-36.34765,-35.760715,-35.186374,-34.66104,-34.201513,-33.736152,-33.340146,-33.026893,-32.803346,-32.733429,-32.746164,-32.852836,-33.023082,-33.225606,-33.495372,-33.875607,-34.303561,-34.784172,-35.29022,-35.740175,-36.235732,-36.707427,-37.215314,-37.701848,-38.157793,-38.572633,-38.955732,-39.328785,-39.719337,-40.193798,-40.844533,-41.751053,-43.008903,-44.501108,-45.901463,-46.732543,-46.668027,-45.592516,-43.648681,-41.496306,-39.55129,-37.986887,-36.744977,-35.822606,-35.131497,-34.670361,-34.377564,-34.257682,-34.268962,-34.465257,-34.812456,-35.380484,-36.153337,-37.052544,-38.082094,-39.071529,-39.939775,-40.602668,-40.736544,-40.195302,-39.599929,-39.568984,-40.27436,-41.295095,NA,NA,NA,NA,NA,NA,NA,NA,NA,NA,NA,NA,NA,NA,NA,NA,NA,NA,NA,NA,NA,NA,NA,NA,NA,NA,NA,NA,NA,NA,NA,NA,NA,NA,NA,NA,NA,NA,NA,NA,NA,NA,NA,NA,NA,NA,NA,NA,NA,NA,NA,NA,NA,NA,NA,NA,NA,NA,NA,NA,NA,NA,NA,NA,NA,NA,NA,NA,NA,NA,NA,NA,NA,NA,NA,NA,NA,NA,NA,NA,NA,NA,NA,NA,NA,NA,NA,NA,NA,NA,NA,NA,NA,NA,NA,NA,NA,NA,NA,NA,NA,NA,NA,NA,NA,NA,NA,NA,NA,NA,NA,NA,NA,NA,NA,NA,NA,NA,NA,NA,NA,NA,NA,NA,NA,NA,NA,NA,NA,NA,NA,NA,NA,NA,NA,NA,NA,NA,NA,NA,NA,NA,NA,NA,NA,NA,NA,NA,NA,NA,NA,NA,NA,NA,NA,NA,NA,NA,NA,NA,NA,-39.594983,-39.561739,-39.476711,-39.275814,-38.935555,-38.748209,-38.517757,-37.912764,-37.360811,-36.868027,-36.424773,-36.347625,-36.285334,-36.261836,-36.244521,-36.073166,-35.935331,-35.853344,-35.838849,-36.007335,-36.223273,-36.49795,-36.744462,-36.936348,-37.085773,-37.237121,-37.414227,-37.595072,-37.823462,-37.879085,-37.833438,-37.541195,-37.114769,-36.851319,-36.691999,-36.787028,-36.949289,-37.024999,-36.9699,-36.826907,-36.524889,-36.417198,-36.402037,-36.535501,-36.875952,-37.138669,-37.303514,-37.116919,-36.644868,-36.158126,-35.764038,-35.507528,-35.464432,-35.515203,-35.696216,-35.985541,-35.992076,-35.829599,-35.520999,-35.110666,-34.839981,-34.67684,-34.688618,-35.16362,-35.737254,-36.305446,-36.808284,-36.772836,-36.669641,-36.838261,-37.048678,-37.316842,-37.637958,-38.005191,-38.432199,-38.961709,-39.648602,-40.71308,-41.936772,-43.107959,-44.195138,-45.212302,-45.820514,-45.586654,-44.987893,-43.938712,-42.855592,-42.198787,-41.585587,-41.347278,-40.978768,-40.316026,-39.51873,-38.307211,-37.306341,-36.944128,-36.878067,-37.139404,-37.194386,-36.674792,-35.907284,-34.769035,-33.754538,-32.938758,-32.506063,-33.386058,-34.255747,-35.616236,-36.553714,-36.663174,-37.048138,-37.216064,-37.842551,-39.305096,-41.038279,-42.931715,-43.74559,-44.369951,-45.966919,-49.306468,-54.129909,-51.438633,-47.132001,-44.338354,-42.681818,-42.162894,-42.209485,-43.037029,-43.499091,-43.300939,-42.584299,-41.937177,-41.979098,-42.757731,-44.702285,-48.218083,-51.357799,-49.68605,-47.369407,-46.423457,-46.5864,-47.101676,-46.655048,-44.82096,-42.689245,-40.990016,-39.853475,-39.552605,-39.566007,-39.224713,-38.842016,-38.368419,-37.737034,-37.412455,-37.034537,-36.729348,-36.34684,-35.618924,-34.795241,-33.863017,-32.848696,-32.184453,-31.628557,-31.842384,-32.261613,-32.747387,-33.405159,-34.121126,-34.953137,-36.188417,-37.570143,-39.181541,-39.950945,-39.704306,-39.038987
"LT001",2022-07-21,2022-07-21 16:56:00,2022-07-27,"lakeTrout",81,454,410,930,249,48,"N","2",1,75,29,4,1,"2A","MD","Region_21","Region_21_797",0.467171999999998," 20:58:44.7490",0,-0.7962,0.214851,0,12.466464,0.39016,-0.31135,0.08489,-0.067742,0.075567,0.018005,12.465991,797,725,867,82,-34.911075,12.525991,1.0453,-0.140467,18.097,18.9167,0.020224,16.5,12.509297,12.836905,12.264273,-0.143131,3.628866,4.20244,3.940947,3.64909,4.222664,3.961171,-34.916984,-34.363157,-34.011866,-33.531156,-33.437069,-33.270159,-33.283731,-33.299913,-33.285058,-33.268043,-33.149936,-33.089269,-32.983104,-32.969734,-32.97442,-32.948713,-32.904385,-32.804232,-32.633429,-32.4636,-32.25528,-32.060476,-31.895796,-31.728606,-31.591262,-31.476048,-31.345632,-31.258992,-31.147366,-31.030066,-30.938921,-30.808149,-30.692886,-30.574829,-30.429671,-30.317359,-30.191078,-30.099701,-30.054846,-30.041447,-30.072728,-30.146261,-30.170537,-30.174673,-30.18187,-30.14193,-30.173672,-30.213396,-30.316224,-30.398204,-30.390635,-30.254772,-30.050073,-29.853595,-29.685179,-29.540872,-29.391483,-29.178543,-28.915021,-28.567612,-28.190957,-27.833203,-27.480288,-27.172071,-26.849266,-26.544619,-26.235354,-25.976704,-25.739477,-25.578333,-25.448905,-25.378513,-25.322937,-25.291883,-25.245201,-25.231988,-25.197664,-25.198653,-25.206267,-25.162033,-25.138057,-25.052393,-24.946375,-24.917615,-24.881502,-24.740754,-24.749065,-24.975353,-25.388499,-25.860197,NA,NA,NA,NA,NA,NA,NA,NA,NA,NA,NA,NA,NA,NA,NA,NA,NA,NA,NA,NA,NA,NA,NA,NA,NA,NA,NA,NA,NA,NA,NA,NA,NA,NA,NA,NA,NA,NA,NA,NA,NA,NA,NA,NA,NA,NA,NA,NA,NA,NA,NA,NA,NA,NA,NA,NA,NA,NA,NA,NA,NA,NA,NA,NA,NA,NA,NA,NA,NA,NA,NA,NA,NA,NA,NA,NA,NA,NA,NA,NA,NA,NA,NA,NA,NA,NA,NA,NA,NA,NA,NA,NA,NA,NA,NA,NA,NA,NA,NA,NA,NA,NA,NA,NA,NA,NA,NA,NA,NA,NA,NA,NA,NA,NA,NA,NA,NA,NA,NA,NA,NA,NA,NA,NA,NA,NA,NA,NA,NA,NA,NA,NA,NA,NA,NA,NA,NA,NA,NA,NA,NA,NA,NA,NA,NA,NA,NA,NA,NA,NA,NA,NA,NA,NA,NA,NA,NA,NA,NA,NA,NA,-37.325868,-37.161678,-37.009097,-36.829268,-36.618261,-36.572936,-36.554781,-36.198835,-35.909758,-35.706407,-35.548206,-35.819847,-36.152986,-36.544244,-36.975892,-37.227354,-37.508389,-37.798648,-38.089445,-38.499309,-38.835848,-39.115377,-39.272365,-39.339708,-39.294812,-39.127642,-38.818892,-38.35735,-37.930075,-37.427773,-37.103778,-36.767743,-36.316024,-35.829374,-35.17824,-34.682252,-34.305783,-34.00871,-33.815509,-33.779387,-33.693339,-33.770112,-33.807997,-33.80364,-33.90617,-33.876243,-33.844817,-33.652491,-33.36732,-33.121414,-32.924719,-32.776528,-32.728093,-32.664121,-32.610432,-32.690738,-32.72113,-32.9105,-33.142291,-33.277904,-33.434854,-33.528188,-33.564081,-33.851449,-34.150236,-34.429075,-34.813953,-34.798915,-34.771534,-35.01342,-35.240648,-35.511191,-35.867719,-36.296732,-36.723497,-37.059997,-37.298189,-37.761418,-38.367576,-39.044024,-39.81146,-40.622895,-41.129625,-40.823476,-40.385724,-39.974397,-40.131488,-41.213572,-42.467906,-43.711025,-44.046816,-43.586563,-42.964986,-42.233913,-42.173985,-42.93264,-43.584443,-43.44503,-42.253373,-40.516326,-38.857191,-37.171947,-35.881307,-34.770412,-33.672797,-33.152772,-32.209549,-32.268513,-32.624348,-32.543189,-32.795622,-32.371371,-31.635083,-30.768493,-29.562406,-28.997126,-28.72777,-29.106339,-29.958674,-30.717485,-31.169385,-30.691614,-30.154903,-29.514799,-29.078629,-29.131366,-29.166147,-29.508083,-29.355573,-29.080772,-28.740771,-28.419842,-28.461746,-28.565029,-28.761834,-29.017248,-28.906373,-28.363612,-28.115017,-28.246758,-28.633046,-29.051932,-29.295438,-29.286262,-29.117654,-28.959459,-28.938814,-29.45718,-30.10032,-30.198597,-30.128604,-29.768418,-29.205048,-29.093998,-29.110398,-29.534046,-30.138634,-30.451663,-30.595567,-30.351942,-29.872356,-29.758584,-29.831584,-30.900309,-32.006645,-32.51674,-32.489942,-32.100941,-31.825692,-32.083314,-32.623721,-33.562916,-33.723728,-32.948793,-32.0524
"LT001",2022-07-21,2022-07-21 16:56:00,2022-07-27,"lakeTrout",81,454,410,930,249,48,"N","2",1,75,29,4,1,"2A","MD","Region_21","Region_21_798",0.365736999999996," 20:58:44.8730",-0.0117060000000002,-0.34451,0.289749,-1.48959758733062,12.466464,-0.40604,-0.096499,-0.088345,-0.020996,0.156074,0.022473,12.466133,798,725,867,82,-34.911075,12.525991,1.0453,-0.140467,18.097,18.9167,0.020224,16.5,12.509297,12.836905,12.264273,-0.143131,3.628866,4.20244,3.940947,3.64909,4.222664,3.961171,-36.922427,-36.599295,-36.504342,-36.160697,-36.00577,-35.627146,-35.401364,-35.250479,-35.181908,-35.212673,-35.189203,-35.19613,-35.086791,-35.015394,-34.958384,-34.91144,-34.903815,-34.885873,-34.807633,-34.700449,-34.500577,-34.263061,-34.023193,-33.76197,-33.507134,-33.228989,-32.871251,-32.507617,-32.12523,-31.799658,-31.567419,-31.313802,-31.038319,-30.704415,-30.311029,-29.955913,-29.618508,-29.353141,-29.159637,-28.998702,-28.8575,-28.727819,-28.540297,-28.346472,-28.170558,-27.949289,-27.788261,-27.618175,-27.506062,-27.407146,-27.300576,-27.152439,-26.977844,-26.815711,-26.681689,-26.590601,-26.539143,-26.490455,-26.463437,-26.405126,-26.327223,-26.231653,-26.084219,-25.940225,-25.77038,-25.626932,-25.488683,-25.39996,-25.315692,-25.273067,-25.211217,-25.146488,-25.03404,-24.89446,-24.705024,-24.531298,-24.328591,-24.157866,-23.990959,-23.768508,-23.559312,-23.272636,-22.936849,-22.634706,-22.270577,-21.748409,-21.347613,-21.174622,-21.223593,-21.36206,NA,NA,NA,NA,NA,NA,NA,NA,NA,NA,NA,NA,NA,NA,NA,NA,NA,NA,NA,NA,NA,NA,NA,NA,NA,NA,NA,NA,NA,NA,NA,NA,NA,NA,NA,NA,NA,NA,NA,NA,NA,NA,NA,NA,NA,NA,NA,NA,NA,NA,NA,NA,NA,NA,NA,NA,NA,NA,NA,NA,NA,NA,NA,NA,NA,NA,NA,NA,NA,NA,NA,NA,NA,NA,NA,NA,NA,NA,NA,NA,NA,NA,NA,NA,NA,NA,NA,NA,NA,NA,NA,NA,NA,NA,NA,NA,NA,NA,NA,NA,NA,NA,NA,NA,NA,NA,NA,NA,NA,NA,NA,NA,NA,NA,NA,NA,NA,NA,NA,NA,NA,NA,NA,NA,NA,NA,NA,NA,NA,NA,NA,NA,NA,NA,NA,NA,NA,NA,NA,NA,NA,NA,NA,NA,NA,NA,NA,NA,NA,NA,NA,NA,NA,NA,NA,NA,NA,NA,NA,NA,NA,-34.722076,-35.116333,-35.436705,-35.601476,-35.620853,-35.748873,-35.905986,-35.730709,-35.567509,-35.352114,-35.011316,-34.989701,-35.024313,-35.191386,-35.451247,-35.434096,-35.192983,-34.697236,-34.077909,-33.622586,-33.253695,-33.007242,-32.734881,-32.373607,-31.893138,-31.367144,-30.863193,-30.385063,-30.050898,-29.62799,-29.264348,-28.768868,-28.19588,-27.80108,-27.452358,-27.326313,-27.238834,-27.073697,-26.874955,-26.794223,-26.74467,-27.007847,-27.346725,-27.635261,-27.889235,-27.824147,-27.686943,-27.497149,-27.395738,-27.450192,-27.554437,-27.608767,-27.617843,-27.488225,-27.335087,-27.383572,-27.458161,-27.675545,-27.823961,-27.744078,-27.614433,-27.453405,-27.35017,-27.623047,-27.935301,-28.096282,-28.135267,-27.58459,-26.98439,-26.754095,-26.643552,-26.647126,-26.691328,-26.656891,-26.458943,-26.140715,-25.853777,-25.950375,-26.244505,-26.540348,-26.783032,-26.948519,-26.859697,-26.202108,-25.649313,-25.11613,-24.855288,-25.058821,-25.079389,-25.201318,-25.052737,-24.782293,-24.65109,-24.331136,-24.316212,-24.612842,-24.662637,-24.628198,-24.430537,-24.117852,-23.996921,-23.803343,-23.781695,-23.526838,-22.959655,-23.146096,-23.2873,-24.519528,-25.892651,-26.559277,-27.211468,-26.831472,-26.027886,-25.328188,-24.632787,-24.787686,-25.237589,-26.106998,-26.959529,-27.161252,-26.961147,-26.170361,-25.599311,-25.000459,-24.534728,-24.37517,-23.981604,-23.839215,-23.445826,-23.312629,-23.374207,-23.523638,-23.931971,-24.129418,-24.115431,-24.118941,-24.05641,-23.861865,-24.039898,-24.484237,-24.947011,-25.190321,-25.143614,-24.93033,-24.741201,-24.707159,-24.846376,-25.435498,-25.960127,-25.755251,-25.355726,-24.829409,-24.36898,-24.588964,-24.996568,-25.62869,-26.02877,-25.757059,-25.323455,-24.913507,-24.846168,-25.637181,-26.780825,-28.415855,-29.000425,-28.676161,-28.698101,-29.558764,-31.813223,-36.546656,-43.981149,-39.362464,-35.198006,-33.539069,-33.651054
"LT001",2022-07-21,2022-07-21 16:56:00,2022-07-27,"lakeTrout",81,454,410,930,249,48,"N","2",1,75,29,4,1,"2A","MD","Region_21","Region_21_799",1.256361," 20:58:44.9970",-0.0117049999999992,0.18922,0.37321,-1.60232366977309,12.454758,-0.75055,0.19325,-0.163146,0.042005,0.014605,0.001805,12.453619,799,725,867,82,-34.911075,12.525991,1.0453,-0.140467,18.097,18.9167,0.020224,16.5,12.509297,12.836905,12.264273,-0.143131,3.628866,4.20244,3.940947,3.64909,4.222664,3.961171,-37.634188,-37.111235,-36.704953,-36.098542,-35.820416,-35.414629,-35.169894,-34.966106,-34.812183,-34.741176,-34.613208,-34.528639,-34.352349,-34.233497,-34.132763,-34.037677,-33.975494,-33.904601,-33.78478,-33.653104,-33.448081,-33.220477,-33.004882,-32.789378,-32.614318,-32.461356,-32.269172,-32.08317,-31.853494,-31.641867,-31.501804,-31.348273,-31.194828,-30.994559,-30.727526,-30.475269,-30.21035,-29.990171,-29.821716,-29.6778,-29.557713,-29.458662,-29.309631,-29.156369,-29.020059,-28.842017,-28.733263,-28.629357,-28.598056,-28.585089,-28.55404,-28.463838,-28.340736,-28.241657,-28.192563,-28.206277,-28.269634,-28.329985,-28.387466,-28.379337,-28.323878,-28.249963,-28.147641,-28.064268,-27.940007,-27.800689,-27.615804,-27.436863,-27.230595,-27.045268,-26.830106,-26.609845,-26.34649,-26.066264,-25.74721,-25.452182,-25.135463,-24.854443,-24.583991,-24.270525,-23.98548,-23.637891,-23.246213,-22.883112,-22.451773,-21.870943,-21.433175,-21.270984,-21.380014,-21.587957,NA,NA,NA,NA,NA,NA,NA,NA,NA,NA,NA,NA,NA,NA,NA,NA,NA,NA,NA,NA,NA,NA,NA,NA,NA,NA,NA,NA,NA,NA,NA,NA,NA,NA,NA,NA,NA,NA,NA,NA,NA,NA,NA,NA,NA,NA,NA,NA,NA,NA,NA,NA,NA,NA,NA,NA,NA,NA,NA,NA,NA,NA,NA,NA,NA,NA,NA,NA,NA,NA,NA,NA,NA,NA,NA,NA,NA,NA,NA,NA,NA,NA,NA,NA,NA,NA,NA,NA,NA,NA,NA,NA,NA,NA,NA,NA,NA,NA,NA,NA,NA,NA,NA,NA,NA,NA,NA,NA,NA,NA,NA,NA,NA,NA,NA,NA,NA,NA,NA,NA,NA,NA,NA,NA,NA,NA,NA,NA,NA,NA,NA,NA,NA,NA,NA,NA,NA,NA,NA,NA,NA,NA,NA,NA,NA,NA,NA,NA,NA,NA,NA,NA,NA,NA,NA,NA,NA,NA,NA,NA,NA,-38.143641,-37.939364,-37.68851,-37.444213,-37.210538,-37.130404,-36.932608,-36.224866,-35.486789,-34.83474,-34.293986,-34.1949,-34.06272,-33.807458,-33.44608,-32.927768,-32.572846,-32.368142,-32.200024,-32.075232,-31.818563,-31.550851,-31.311946,-31.173964,-31.132611,-31.156324,-31.155695,-31.018061,-30.825363,-30.448626,-30.1764,-29.955251,-29.805873,-29.780466,-29.598499,-29.446473,-29.280453,-29.109822,-29.016483,-29.087103,-29.133397,-29.351078,-29.520421,-29.647653,-29.874674,-29.98373,-30.100303,-30.060648,-29.922637,-29.836886,-29.820166,-29.856051,-29.960767,-29.963554,-29.86709,-29.822762,-29.745774,-29.910691,-30.184711,-30.364685,-30.515263,-30.530023,-30.446347,-30.617667,-30.821629,-31.030024,-31.283743,-31.022751,-30.626449,-30.414734,-30.164204,-29.955051,-29.828341,-29.752642,-29.62888,-29.370523,-29.0012,-28.84697,-28.809997,-28.807181,-28.877015,-29.020408,-28.953315,-28.281356,-27.631672,-26.955639,-26.57104,-26.731229,-26.791878,-26.935014,-26.714953,-26.275417,-25.969805,-25.558714,-25.574569,-26.053954,-26.280398,-26.234791,-25.855917,-25.297185,-24.986577,-24.712868,-24.736203,-24.628684,-24.086026,-24.012055,-23.763663,-24.632843,-25.785125,-26.427736,-27.19531,-26.969486,-26.179552,-25.379979,-24.593327,-24.727849,-25.297082,-26.420837,-27.514621,-27.682037,-27.231443,-26.29128,-25.773105,-25.428137,-25.348277,-25.571731,-25.325032,-25.004548,-24.367923,-24.139574,-24.334915,-24.841249,-25.709106,-26.20403,-25.973236,-25.417508,-24.951915,-24.675782,-25.009826,-25.671593,-26.150309,-26.067894,-25.552995,-25.002798,-24.701069,-24.734055,-24.999523,-25.596711,-25.886307,-25.308052,-24.586748,-23.937197,-23.506469,-23.787386,-24.155019,-24.463602,-24.369409,-23.783925,-23.354478,-23.216097,-23.474737,-24.301843,-24.671419,-24.792679,-24.528348,-24.460721,-25.177429,-26.690307,-28.698182,-29.418339,-27.868103,-26.99873,-27.425199,-29.344054,-33.450558
"LT001",2022-07-21,2022-07-21 16:56:00,2022-07-27,"lakeTrout",81,454,410,930,249,48,"N","2",1,75,29,4,1,"2A","MD","Region_21","Region_21_800",1.138259," 20:58:45.1230",-0.0117060000000002,0.64125,0.35389,-0.915658905551901,12.443053,-0.56133,0.56646,-0.121898,0.123012,0.089253,0.004734,12.441848,800,725,867,82,-34.911075,12.525991,1.0453,-0.140467,18.097,18.9167,0.020224,16.5,12.509297,12.836905,12.264273,-0.143131,3.628866,4.20244,3.940947,3.64909,4.222664,3.961171,-37.605975,-37.008288,-36.590664,-35.977623,-35.662605,-35.19039,-34.857857,-34.534768,-34.217164,-33.948063,-33.626448,-33.401046,-33.157469,-33.026469,-32.932222,-32.834427,-32.752513,-32.656556,-32.531754,-32.439013,-32.326046,-32.232295,-32.169396,-32.10503,-32.069521,-32.04856,-31.994843,-31.965847,-31.909678,-31.870347,-31.886928,-31.875641,-31.861371,-31.805687,-31.685511,-31.572687,-31.430736,-31.313403,-31.227908,-31.149152,-31.07886,-31.014781,-30.88742,-30.747574,-30.622021,-30.455221,-30.358195,-30.265233,-30.240865,-30.223636,-30.169931,-30.038961,-29.862085,-29.695931,-29.559998,-29.460332,-29.3801,-29.267975,-29.133607,-28.930005,-28.686379,-28.425841,-28.121876,-27.81911,-27.476474,-27.143577,-26.803003,-26.506127,-26.212027,-25.961529,-25.700369,-25.453747,-25.185522,-24.921191,-24.635424,-24.385239,-24.120097,-23.894851,-23.685583,-23.441629,-23.237105,-22.981591,-22.691461,-22.436903,-22.118501,-21.654236,-21.332566,-21.28196,-21.498273,-21.816801,NA,NA,NA,NA,NA,NA,NA,NA,NA,NA,NA,NA,NA,NA,NA,NA,NA,NA,NA,NA,NA,NA,NA,NA,NA,NA,NA,NA,NA,NA,NA,NA,NA,NA,NA,NA,NA,NA,NA,NA,NA,NA,NA,NA,NA,NA,NA,NA,NA,NA,NA,NA,NA,NA,NA,NA,NA,NA,NA,NA,NA,NA,NA,NA,NA,NA,NA,NA,NA,NA,NA,NA,NA,NA,NA,NA,NA,NA,NA,NA,NA,NA,NA,NA,NA,NA,NA,NA,NA,NA,NA,NA,NA,NA,NA,NA,NA,NA,NA,NA,NA,NA,NA,NA,NA,NA,NA,NA,NA,NA,NA,NA,NA,NA,NA,NA,NA,NA,NA,NA,NA,NA,NA,NA,NA,NA,NA,NA,NA,NA,NA,NA,NA,NA,NA,NA,NA,NA,NA,NA,NA,NA,NA,NA,NA,NA,NA,NA,NA,NA,NA,NA,NA,NA,NA,NA,NA,NA,NA,NA,NA,-37.048335,-37.13729,-37.257354,-37.329358,-37.248318,-37.168869,-36.983805,-36.44355,-36.02912,-35.74324,-35.443802,-35.34998,-35.04749,-34.669037,-34.391774,-34.094358,-33.902013,-33.640529,-33.188231,-32.710777,-32.216844,-31.892133,-31.7176,-31.665801,-31.649397,-31.61812,-31.540865,-31.39591,-31.327835,-31.191782,-31.190179,-31.152636,-31.04674,-31.026598,-30.979813,-31.150608,-31.426122,-31.706511,-31.970953,-32.266722,-32.457072,-32.849575,-33.315511,-33.85782,-34.522125,-34.927465,-35.07859,-34.86557,-34.51968,-34.289192,-34.185615,-34.137538,-34.074629,-33.751145,-33.160726,-32.552637,-31.967555,-31.723833,-31.644465,-31.454513,-31.167553,-30.687638,-30.121751,-29.894106,-29.820674,-29.848457,-29.953041,-29.534724,-28.982105,-28.66309,-28.388881,-28.231578,-28.182723,-28.151166,-28.027438,-27.789316,-27.533901,-27.594338,-27.818574,-28.029717,-28.200224,-28.373048,-28.400937,-27.989538,-27.733265,-27.455791,-27.317615,-27.44896,-27.286001,-27.31666,-27.294701,-27.32051,-27.582279,-27.608748,-27.639963,-27.558282,-27.082645,-26.816361,-26.731601,-26.6985,-26.883149,-26.813152,-26.483337,-25.473761,-24.09376,-23.86321,-24.030181,-25.484289,-27.052474,-27.632829,-27.751718,-26.70115,-25.469506,-24.73449,-24.293574,-24.795545,-25.502998,-26.219043,-26.37284,-25.913715,-25.661931,-25.36014,-25.483847,-25.499197,-25.287619,-24.912452,-24.074955,-23.689427,-23.497053,-23.902963,-24.628134,-25.253749,-25.576716,-25.159582,-24.534224,-24.464535,-24.92086,-25.488501,-26.1929,-26.530092,-26.356993,-25.988017,-25.74836,-25.776752,-26.053435,-26.412989,-26.584147,-26.758866,-26.708569,-26.174036,-25.828997,-25.698527,-25.700716,-26.09994,-26.174781,-26.075526,-25.943483,-25.828403,-26.204594,-26.994118,-27.8959,-28.320349,-27.403332,-26.892036,-27.025501,-28.011425,-30.311576,-33.97851,-35.811356,-32.540433,-30.172076,-30.347028,-32.683041,-37.853746,-47.376888
"LT001",2022-07-21,2022-07-21 16:56:00,2022-07-27,"lakeTrout",81,454,410,930,249,48,"N","2",1,75,29,4,1,"2A","MD","Region_21","Region_21_801",1.266654," 20:58:45.2490",-0.011705000000001,1.00468,0.25465,-0.647034216969,12.431347,0.07992,0.92035,0.017338,0.199677,0.040886,0.035159,12.429731,801,725,867,82,-34.911075,12.525991,1.0453,-0.140467,18.097,18.9167,0.020224,16.5,12.509297,12.836905,12.264273,-0.143131,3.628866,4.20244,3.940947,3.64909,4.222664,3.961171,-38.100055,-37.583129,-37.274698,-36.723552,-36.406893,-35.909324,-35.570596,-35.261737,-34.954371,-34.670225,-34.299774,-34.003544,-33.690222,-33.509677,-33.38962,-33.283421,-33.199181,-33.097766,-32.96118,-32.849941,-32.716097,-32.600237,-32.510758,-32.408836,-32.315252,-32.210585,-32.050951,-31.906192,-31.739914,-31.598805,-31.511701,-31.385974,-31.251354,-31.087769,-30.890634,-30.740882,-30.598658,-30.508535,-30.467371,-30.446449,-30.452311,-30.48558,-30.470342,-30.444479,-30.425867,-30.358952,-30.357778,-30.362486,-30.443677,-30.539526,-30.596985,-30.560107,-30.450098,-30.320201,-30.187042,-30.053598,-29.904445,-29.697812,-29.462833,-29.174743,-28.872819,-28.573559,-28.232911,-27.883821,-27.487917,-27.102041,-26.710156,-26.359712,-26.003364,-25.678375,-25.331728,-24.993775,-24.635082,-24.284686,-23.916825,-23.583921,-23.233239,-22.918882,-22.622575,-22.300176,-22.029401,-21.720401,-21.384191,-21.085515,-20.72294,-20.222288,-19.868024,-19.779057,-19.942095,-20.202728,NA,NA,NA,NA,NA,NA,NA,NA,NA,NA,NA,NA,NA,NA,NA,NA,NA,NA,NA,NA,NA,NA,NA,NA,NA,NA,NA,NA,NA,NA,NA,NA,NA,NA,NA,NA,NA,NA,NA,NA,NA,NA,NA,NA,NA,NA,NA,NA,NA,NA,NA,NA,NA,NA,NA,NA,NA,NA,NA,NA,NA,NA,NA,NA,NA,NA,NA,NA,NA,NA,NA,NA,NA,NA,NA,NA,NA,NA,NA,NA,NA,NA,NA,NA,NA,NA,NA,NA,NA,NA,NA,NA,NA,NA,NA,NA,NA,NA,NA,NA,NA,NA,NA,NA,NA,NA,NA,NA,NA,NA,NA,NA,NA,NA,NA,NA,NA,NA,NA,NA,NA,NA,NA,NA,NA,NA,NA,NA,NA,NA,NA,NA,NA,NA,NA,NA,NA,NA,NA,NA,NA,NA,NA,NA,NA,NA,NA,NA,NA,NA,NA,NA,NA,NA,NA,NA,NA,NA,NA,NA,NA,-34.881126,-35.006565,-35.112454,-35.07389,-34.863088,-34.770417,-34.73092,-34.409852,-34.156061,-33.871667,-33.401988,-33.108611,-32.787668,-32.635105,-32.717186,-32.733549,-32.673494,-32.393742,-31.950948,-31.645999,-31.479256,-31.5318,-31.665073,-31.769549,-31.741734,-31.58675,-31.362241,-31.104877,-30.971083,-30.791031,-30.702863,-30.479336,-30.085109,-29.745671,-29.415329,-29.330912,-29.343246,-29.327461,-29.251884,-29.199016,-29.087157,-29.240177,-29.512018,-29.858542,-30.278878,-30.418898,-30.402715,-30.231875,-30.124721,-30.223236,-30.436119,-30.639457,-30.758647,-30.636529,-30.410429,-30.394918,-30.536737,-30.9599,-31.348139,-31.429678,-31.325243,-31.074512,-30.879317,-31.148211,-31.605965,-32.062904,-32.35236,-31.887034,-31.185472,-30.753488,-30.461602,-30.362065,-30.384244,-30.33784,-30.013762,-29.392995,-28.693508,-28.361819,-28.318798,-28.398256,-28.51638,-28.568638,-28.240882,-27.255779,-26.345412,-25.499403,-25.043186,-25.180349,-25.182204,-25.226051,-24.910263,-24.405498,-24.075587,-23.651955,-23.662112,-24.129648,-24.31683,-24.299598,-24.027674,-23.591469,-23.380097,-23.130213,-23.096441,-22.901058,-22.344101,-22.468006,-22.530247,-23.634284,-24.878959,-25.445298,-25.981401,-25.536504,-24.648232,-23.888077,-23.183508,-23.333686,-23.828445,-24.752451,-25.580319,-25.659023,-25.300599,-24.440424,-23.895878,-23.411834,-23.11594,-23.145314,-22.845979,-22.648946,-22.175704,-22.008103,-22.164776,-22.562798,-23.309825,-23.862624,-23.905279,-23.656588,-23.342773,-23.03594,-23.264027,-23.859273,-24.449462,-24.646827,-24.359921,-23.842911,-23.408509,-23.234219,-23.331353,-23.899639,-24.360281,-24.035399,-23.434236,-22.757275,-22.164722,-22.235611,-22.518236,-22.981681,-23.199427,-22.838245,-22.372556,-22.017278,-21.95559,-22.526405,-23.090648,-23.749929,-23.660279,-23.314696,-23.4406,-24.186126,-25.712158,-27.556168,-27.710513,-26.887914,-26.52311,-27.365006,-29.645278
"LT001",2022-07-21,2022-07-21 16:56:00,2022-07-27,"lakeTrout",81,454,410,930,249,48,"N","2",1,75,29,4,1,"2A","MD","Region_21","Region_21_802",4.40213," 20:58:45.3760",-0.0234120000000004,0.9946,0.1961,-1.32298243683117,12.419642,1.0846,1.175,0.235048,0.254627,0.028464,0.028239,12.414806,802,725,867,82,-34.911075,12.525991,1.0453,-0.140467,18.097,18.9167,0.020224,16.5,12.509297,12.836905,12.264273,-0.143131,3.628866,4.20244,3.940947,3.64909,4.222664,3.961171,-35.411036,-34.887714,-34.479918,-33.775857,-33.381914,-32.937762,-32.765684,-32.666453,-32.55737,-32.459296,-32.276897,-32.186475,-32.095099,-32.130615,-32.193214,-32.230852,-32.244654,-32.209055,-32.122939,-32.052138,-31.952388,-31.847937,-31.735026,-31.575217,-31.402934,-31.2338,-31.059948,-30.959035,-30.853497,-30.731207,-30.595237,-30.393993,-30.223127,-30.096657,-30.004854,-29.990729,-29.971708,-29.967929,-29.964394,-29.952309,-29.983781,-30.092353,-30.192944,-30.280086,-30.334721,-30.29331,-30.263682,-30.182653,-30.121945,-30.023803,-29.855271,-29.581553,-29.225526,-28.83145,-28.417856,-28.003737,-27.60546,-27.210399,-26.853363,-26.493672,-26.125576,-25.734901,-25.293339,-24.878536,-24.490438,-24.184741,-23.913352,-23.698105,-23.475821,-23.284488,-23.088604,-22.937364,-22.810557,-22.736441,-22.672864,-22.647986,-22.596983,-22.554024,-22.504274,-22.414869,-22.372762,-22.30977,-22.237267,-22.209326,-22.114398,-21.884634,-21.748988,-21.81173,-22.072186,-22.419403,NA,NA,NA,NA,NA,NA,NA,NA,NA,NA,NA,NA,NA,NA,NA,NA,NA,NA,NA,NA,NA,NA,NA,NA,NA,NA,NA,NA,NA,NA,NA,NA,NA,NA,NA,NA,NA,NA,NA,NA,NA,NA,NA,NA,NA,NA,NA,NA,NA,NA,NA,NA,NA,NA,NA,NA,NA,NA,NA,NA,NA,NA,NA,NA,NA,NA,NA,NA,NA,NA,NA,NA,NA,NA,NA,NA,NA,NA,NA,NA,NA,NA,NA,NA,NA,NA,NA,NA,NA,NA,NA,NA,NA,NA,NA,NA,NA,NA,NA,NA,NA,NA,NA,NA,NA,NA,NA,NA,NA,NA,NA,NA,NA,NA,NA,NA,NA,NA,NA,NA,NA,NA,NA,NA,NA,NA,NA,NA,NA,NA,NA,NA,NA,NA,NA,NA,NA,NA,NA,NA,NA,NA,NA,NA,NA,NA,NA,NA,NA,NA,NA,NA,NA,NA,NA,NA,NA,NA,NA,NA,NA,-37.237382,-37.158905,-37.056454,-36.954161,-36.82415,-36.890705,-36.778382,-36.076434,-35.237102,-34.359049,-33.534412,-33.118057,-32.811392,-32.603374,-32.380648,-31.97967,-31.572744,-31.2097,-30.903226,-30.73181,-30.55875,-30.396811,-30.209714,-30.021811,-29.879753,-29.806166,-29.789026,-29.764275,-29.731295,-29.522208,-29.263552,-28.935199,-28.645739,-28.553302,-28.483114,-28.483817,-28.395408,-28.193509,-27.963517,-27.840681,-27.762434,-27.935579,-28.100447,-28.206058,-28.247338,-28.089861,-27.97123,-27.886412,-27.886656,-28.003265,-28.101968,-28.122538,-28.104673,-27.970372,-27.888861,-28.018353,-28.178154,-28.451776,-28.640385,-28.648102,-28.686817,-28.726453,-28.873467,-29.367227,-29.777681,-30.025289,-30.063766,-29.629573,-29.29147,-29.376936,-29.603817,-29.844473,-29.933103,-29.779041,-29.470096,-29.22112,-29.211913,-29.631714,-30.177907,-30.479238,-30.469498,-30.385848,-30.172827,-29.725653,-29.563658,-29.428424,-29.38985,-29.494982,-29.168614,-28.918118,-28.565658,-28.15294,-27.993516,-27.718827,-27.620668,-27.739296,-27.4663,-27.188639,-26.866448,-26.371082,-26.10174,-25.729411,-25.44977,-25.026461,-24.252805,-24.18798,-24.116509,-24.950908,-25.845396,-26.069171,-26.247772,-25.687641,-24.822072,-24.157413,-23.519867,-23.545259,-23.802749,-24.412532,-25.018581,-25.220669,-25.187049,-24.635929,-24.248286,-23.815778,-23.48045,-23.522391,-23.406036,-23.522772,-23.432861,-23.477611,-23.671831,-24.016623,-24.665542,-25.402897,-26.011589,-26.423531,-26.533224,-26.307912,-26.362573,-26.707962,-27.191889,-27.58647,-27.69049,-27.460354,-27.041961,-26.64404,-26.405517,-26.68141,-27.073057,-27.028663,-26.814715,-26.521474,-26.053803,-25.903261,-25.852991,-25.95393,-26.01368,-25.762914,-25.364408,-24.99138,-24.65695,-24.690525,-24.756941,-25.0854,-24.941425,-24.502986,-24.12563,-23.979663,-24.216471,-24.879134,-25.397086,-25.754211,-25.705027,-26.075378,-27.103374
"LT001",2022-07-21,2022-07-21 16:56:00,2022-07-27,"lakeTrout",81,454,410,930,249,48,"N","2",1,75,29,4,1,"2A","MD","Region_21","Region_21_811",3.512796," 20:58:46.5170",0.0117060000000002,-1.295902,-0.188565,0.512150746946786,12.524992,1.2671,0.25113,0.27697,0.054883,0.041052,0.036248,12.521809,811,725,867,82,-34.911075,12.525991,1.0453,-0.140467,18.097,18.9167,0.020224,16.5,12.509297,12.836905,12.264273,-0.143131,3.628866,4.20244,3.940947,3.64909,4.222664,3.961171,-43.961152,-45.214701,-46.661147,-47.297561,-47.102559,-45.924626,-44.754485,-43.772552,-42.940067,-42.143186,-41.137873,-40.060764,-38.916779,-37.965252,-37.185962,-36.539196,-36.015619,-35.572324,-35.190888,-34.926443,-34.716553,-34.57922,-34.516334,-34.504953,-34.604322,-34.843872,-35.205188,-35.712934,-36.191951,-36.552095,-36.778851,-36.793561,-36.603686,-36.150677,-35.472764,-34.761474,-34.082941,-33.539385,-33.135745,-32.826853,-32.593707,-32.423505,-32.247943,-32.110626,-32.018107,-31.897035,-31.837366,-31.750993,-31.682008,-31.564177,-31.393302,-31.195484,-31.041322,-30.988555,-31.048993,-31.22203,-31.484308,-31.762805,-32.017687,-32.145571,-32.13367,-32.002762,-31.747838,-31.428571,-31.02342,-30.608298,-30.185989,-29.823571,-29.487728,-29.225584,-28.993553,-28.825259,-28.685889,-28.599556,-28.532365,-28.532669,-28.550196,-28.633026,-28.75765,-28.87117,-29.044024,-29.204356,-29.391607,-29.698336,-30.03447,-30.281753,-30.557656,-30.781366,-30.8648,-30.799345,NA,NA,NA,NA,NA,NA,NA,NA,NA,NA,NA,NA,NA,NA,NA,NA,NA,NA,NA,NA,NA,NA,NA,NA,NA,NA,NA,NA,NA,NA,NA,NA,NA,NA,NA,NA,NA,NA,NA,NA,NA,NA,NA,NA,NA,NA,NA,NA,NA,NA,NA,NA,NA,NA,NA,NA,NA,NA,NA,NA,NA,NA,NA,NA,NA,NA,NA,NA,NA,NA,NA,NA,NA,NA,NA,NA,NA,NA,NA,NA,NA,NA,NA,NA,NA,NA,NA,NA,NA,NA,NA,NA,NA,NA,NA,NA,NA,NA,NA,NA,NA,NA,NA,NA,NA,NA,NA,NA,NA,NA,NA,NA,NA,NA,NA,NA,NA,NA,NA,NA,NA,NA,NA,NA,NA,NA,NA,NA,NA,NA,NA,NA,NA,NA,NA,NA,NA,NA,NA,NA,NA,NA,NA,NA,NA,NA,NA,NA,NA,NA,NA,NA,NA,NA,NA,NA,NA,NA,NA,NA,NA,-46.050792,-45.601621,-44.750332,-43.571441,-42.331502,-41.569582,-41.139811,-40.678491,-40.554999,-40.708882,-41.052929,-41.755466,-42.319191,-42.740638,-43.035274,-42.919519,-42.255418,-41.01636,-39.540837,-38.291773,-37.356563,-36.865259,-36.7926,-37.099173,-37.705453,-38.452382,-39.05432,-39.187213,-38.841624,-38.118109,-37.525759,-37.241736,-37.424637,-38.180949,-39.22167,-40.556439,-42.015881,-43.600573,-45.512525,-48.072574,-51.593271,-57.578996,-76.167989,-58.48722,-52.08504,-48.257426,-45.877039,-44.624637,-44.440892,-45.321609,-47.194618,-50.196491,-54.017982,-52.236105,-46.683712,-42.506208,-39.55374,-37.707186,-36.540577,-35.670856,-35.082021,-34.622368,-34.339121,-34.570264,-35.052366,-35.812294,-36.837104,-37.644571,-38.67558,-40.288892,-42.382343,-45.248538,-49.528189,-57.340703,-60.360628,-51.829128,-47.834761,-45.782646,-44.783716,-44.458198,-44.742903,-45.619955,-46.608586,-47.046352,-47.198673,-47.007532,-47.071961,-47.823059,-48.28811,-48.133691,-47.264485,-46.279071,-45.636454,-44.964685,-44.563162,-44.543133,-44.477356,-44.648824,-44.852626,-44.842453,-44.846438,-44.479101,-43.954569,-43.197291,-42.367301,-42.540626,-42.722802,-43.670671,-44.45643,-44.470996,-44.599536,-44.174087,-43.636914,-43.187789,-42.373225,-41.827766,-41.210661,-40.971289,-41.183228,-41.739973,-42.812795,-43.655448,-44.466587,-44.732151,-44.570853,-44.457166,-44.198518,-44.408933,-44.613128,-45.08691,-45.703827,-46.394433,-47.262552,-47.892626,-48.306356,-48.98628,-50.360483,-52.966796,-59.394484,-66.086336,-53.393015,-48.142634,-44.954175,-42.909558,-41.72784,-41.289908,-41.471089,-42.385714,-43.229468,-43.107565,-42.516963,-41.904196,-41.575954,-42.212747,-43.540565,-45.116178,-44.965897,-42.666374,-40.250003,-38.303021,-36.74912,-35.829037,-35.125004,-35.080948,-34.958977,-34.47053,-33.719202,-32.803747,-32.006355,-31.756081,-31.809641,-32.169423,-31.700618,-30.268553,-28.597273
"LT001",2022-07-21,2022-07-21 16:56:00,2022-07-27,"lakeTrout",81,454,410,930,249,48,"N","2",1,75,29,4,1,"2A","MD","Region_21","Region_21_812",0.00756400000000212," 20:58:46.6430",0.0234110000000012,-0.746948,-0.208015,1.72942060715264,12.536698,-0.028802,0.062565,-0.006302,0.01369,0.040367,0.028477,12.536689,812,725,867,82,-34.911075,12.525991,1.0453,-0.140467,18.097,18.9167,0.020224,16.5,12.509297,12.836905,12.264273,-0.143131,3.628866,4.20244,3.940947,3.64909,4.222664,3.961171,-39.294854,-39.810363,-40.720501,-41.720068,-43.172113,-44.329259,-45.216192,-45.657944,-45.773012,-45.686673,-45.258191,-44.566434,-43.539647,-42.457461,-41.390616,-40.37452,-39.450708,-38.580462,-37.737167,-36.979051,-36.250933,-35.5923,-35.012961,-34.483264,-34.050023,-33.727856,-33.505024,-33.458952,-33.518467,-33.677267,-33.94258,-34.243814,-34.639166,-35.09493,-35.536915,-35.950015,-36.217049,-36.352925,-36.380592,-36.317596,-36.205281,-36.061893,-35.820284,-35.533886,-35.236419,-34.871526,-34.540934,-34.153834,-33.739414,-33.222946,-32.604385,-31.92477,-31.26437,-30.677564,-30.168433,-29.745391,-29.415224,-29.164279,-29.034816,-28.97985,-28.995726,-29.063753,-29.151362,-29.339552,-29.615821,-30.015809,-30.471254,-30.963642,-31.386006,-31.727305,-31.90194,-31.928835,-31.785073,-31.517287,-31.123861,-30.685858,-30.172905,-29.6678,-29.172759,-28.668612,-28.26584,-27.896553,-27.58318,-27.378526,-27.152122,-26.793758,-26.622923,-26.82021,-27.417965,-28.219966,NA,NA,NA,NA,NA,NA,NA,NA,NA,NA,NA,NA,NA,NA,NA,NA,NA,NA,NA,NA,NA,NA,NA,NA,NA,NA,NA,NA,NA,NA,NA,NA,NA,NA,NA,NA,NA,NA,NA,NA,NA,NA,NA,NA,NA,NA,NA,NA,NA,NA,NA,NA,NA,NA,NA,NA,NA,NA,NA,NA,NA,NA,NA,NA,NA,NA,NA,NA,NA,NA,NA,NA,NA,NA,NA,NA,NA,NA,NA,NA,NA,NA,NA,NA,NA,NA,NA,NA,NA,NA,NA,NA,NA,NA,NA,NA,NA,NA,NA,NA,NA,NA,NA,NA,NA,NA,NA,NA,NA,NA,NA,NA,NA,NA,NA,NA,NA,NA,NA,NA,NA,NA,NA,NA,NA,NA,NA,NA,NA,NA,NA,NA,NA,NA,NA,NA,NA,NA,NA,NA,NA,NA,NA,NA,NA,NA,NA,NA,NA,NA,NA,NA,NA,NA,NA,NA,NA,NA,NA,NA,NA,-41.321534,-41.262748,-41.331939,-41.561843,-41.970322,-42.6941,-43.511137,-43.951713,-44.382014,-44.896254,-45.613026,-47.13467,-49.296433,-52.186912,-55.341915,-57.107091,-57.192283,-56.854557,-56.861508,-57.428362,-58.110227,-58.427742,-57.807592,-56.253189,-54.281701,-52.460113,-51.031341,-49.983787,-49.392984,-49.017429,-49.0522,-49.223104,-49.117582,-48.460336,-47.315866,-46.403126,-45.842124,-45.647546,-45.922472,-46.781962,-47.838071,-48.599378,-48.155029,-46.909723,-45.790091,-44.95371,-44.763708,-45.18847,-46.279526,-48.045129,-50.408381,-53.436985,-57.346953,-60.422546,-58.66584,-56.348575,-54.898694,-53.572272,-52.123251,-50.918634,-50.318078,-50.30338,-50.925269,-52.553864,-54.993506,-58.08106,-60.781138,-60.034151,-57.602165,-55.875749,-54.87208,-54.491899,-54.496981,-54.544317,-54.528592,-54.900477,-56.389527,-59.779147,-62.284008,-59.165313,-56.639329,-56.310891,-58.269134,-64.065499,-71.58097,-58.101733,-53.266297,-50.914698,-49.221666,-48.039779,-46.792655,-45.475351,-44.21583,-42.662228,-41.473508,-40.978911,-40.906738,-41.274104,-41.522614,-41.324087,-40.855181,-39.954334,-39.131852,-38.34319,-37.804908,-38.403934,-38.790156,-39.878574,-40.899142,-41.290223,-42.021346,-42.234533,-42.46625,-42.880717,-43.056915,-43.827971,-44.836725,-46.478287,-48.486823,-50.010229,-50.865233,-50.902564,-51.165429,-51.460701,-51.820102,-51.97756,-50.814092,-48.897141,-46.413706,-44.382699,-42.918245,-41.97424,-41.781654,-41.850977,-41.831431,-41.264321,-40.051636,-38.692198,-38.021912,-38.088289,-38.778906,-39.909552,-41.190256,-42.20858,-42.733398,-43.092754,-43.880022,-45.835214,-48.150627,-47.867012,-45.112375,-42.261954,-40.046384,-38.880825,-38.051532,-37.544334,-36.983208,-35.990469,-34.982089,-33.933126,-33.003025,-32.620906,-32.390007,-33.060514,-33.774006,-34.130295,-34.19458,-33.795416,-33.291318,-33.317888,-34.00486,-36.113539,-39.281476,-43.185549,-46.953174
"LT001",2022-07-21,2022-07-21 16:56:00,2022-07-27,"lakeTrout",81,454,410,930,249,48,"N","2",1,75,29,4,1,"2A","MD","Region_21","Region_21_813",1.315347," 20:58:46.7680",0,-0.19087,-0.14665,0,12.560109,-0.77575,-0.14545,-0.170051,-0.031883,0.028021,0.011277,12.558917,813,725,867,82,-34.911075,12.525991,1.0453,-0.140467,18.097,18.9167,0.020224,16.5,12.509297,12.836905,12.264273,-0.143131,3.628866,4.20244,3.940947,3.64909,4.222664,3.961171,-39.273822,-38.868166,-38.777727,-38.556594,-38.686989,-38.715073,-38.899915,-39.047551,-39.113472,-39.140357,-39.059499,-39.056778,-39.022342,-39.048949,-39.018079,-38.878354,-38.674887,-38.425249,-38.158667,-37.955074,-37.7468,-37.541264,-37.325847,-37.058022,-36.762843,-36.413242,-35.94357,-35.409667,-34.796233,-34.207732,-33.724313,-33.275951,-32.894146,-32.550167,-32.231683,-32.012548,-31.846044,-31.765844,-31.758221,-31.785577,-31.850149,-31.956771,-32.031315,-32.104453,-32.182125,-32.197401,-32.260166,-32.312481,-32.440312,-32.622114,-32.855546,-33.106986,-33.383158,-33.723785,-34.145103,-34.627612,-35.061894,-35.228252,-34.99196,-34.338035,-33.471622,-32.562533,-31.638565,-30.761574,-29.920406,-29.194296,-28.571174,-28.089043,-27.692785,-27.418281,-27.215621,-27.115349,-27.078193,-27.116292,-27.184355,-27.321281,-27.463442,-27.657679,-27.874004,-28.057931,-28.286438,-28.484963,-28.697345,-29.022513,-29.37634,-29.64732,-30.010758,-30.40176,-30.6846,-30.783318,NA,NA,NA,NA,NA,NA,NA,NA,NA,NA,NA,NA,NA,NA,NA,NA,NA,NA,NA,NA,NA,NA,NA,NA,NA,NA,NA,NA,NA,NA,NA,NA,NA,NA,NA,NA,NA,NA,NA,NA,NA,NA,NA,NA,NA,NA,NA,NA,NA,NA,NA,NA,NA,NA,NA,NA,NA,NA,NA,NA,NA,NA,NA,NA,NA,NA,NA,NA,NA,NA,NA,NA,NA,NA,NA,NA,NA,NA,NA,NA,NA,NA,NA,NA,NA,NA,NA,NA,NA,NA,NA,NA,NA,NA,NA,NA,NA,NA,NA,NA,NA,NA,NA,NA,NA,NA,NA,NA,NA,NA,NA,NA,NA,NA,NA,NA,NA,NA,NA,NA,NA,NA,NA,NA,NA,NA,NA,NA,NA,NA,NA,NA,NA,NA,NA,NA,NA,NA,NA,NA,NA,NA,NA,NA,NA,NA,NA,NA,NA,NA,NA,NA,NA,NA,NA,NA,NA,NA,NA,NA,NA,-48.074399,-46.839189,-45.62291,-44.710046,-44.319813,-44.76273,-45.79267,-46.729306,-47.351121,-47.109533,-46.216647,-45.767054,-45.939188,-46.900539,-48.209339,-48.869985,-49.052238,-49.067182,-48.491043,-47.074855,-45.179752,-43.504926,-42.326377,-41.779715,-41.882979,-42.623393,-43.922305,-45.638863,-47.731521,-49.64256,-50.263436,-48.398312,-45.798071,-43.982028,-42.906586,-42.492453,-42.308157,-42.03974,-41.609608,-41.160148,-40.72934,-40.758843,-41.161276,-41.937333,-43.141839,-44.480112,-46.079996,-47.822559,-49.725271,-51.837216,-54.1195,-56.423712,-58.129322,-57.939096,-55.780888,-52.885166,-50.029132,-47.797759,-46.075751,-44.623142,-43.484397,-42.543155,-41.818985,-41.623508,-41.661168,-41.8227,-42.122169,-42.072658,-42.149033,-42.688991,-43.39631,-44.221252,-45.056269,-45.751101,-46.179694,-46.344393,-46.420047,-46.873024,-47.70191,-48.869161,-50.409139,-52.256746,-53.98733,-55.108311,-56.428543,-58.159433,-58.453596,-55.161203,-52.09511,-50.843297,-50.674642,-51.172686,-52.019607,-52.108399,-51.1617,-49.434549,-47.457641,-46.067253,-45.107949,-44.321144,-43.863811,-43.419461,-43.291295,-43.343051,-43.822314,-45.855665,-47.901077,-49.376043,-49.19798,-48.159479,-47.85939,-47.586927,-47.518623,-46.979814,-45.260865,-43.967446,-43.28842,-43.721211,-45.123382,-46.6614,-47.300293,-46.520734,-46.076047,-46.286654,-47.525034,-49.422243,-48.241555,-44.986351,-42.244477,-40.77217,-40.188689,-40.088651,-40.222614,-39.658913,-38.428147,-37.396321,-36.849303,-36.631812,-37.043914,-37.796979,-38.440841,-38.615134,-38.353533,-37.970495,-37.754161,-37.867703,-38.363078,-39.534017,-40.730841,-40.892411,-40.18274,-38.902162,-37.607194,-37.095039,-36.987013,-37.369546,-37.877817,-37.984677,-37.847639,-37.475005,-37.283667,-38.188673,-40.567316,-46.787102,-48.959655,-40.814112,-36.422134,-33.749032,-32.143339,-31.553585,-31.631577,-32.653777,-33.261191,-32.148058,-30.282705
"LT001",2022-07-21,2022-07-21 16:56:00,2022-07-27,"lakeTrout",81,454,410,930,249,48,"N","2",1,75,29,4,1,"2A","MD","Region_21","Region_21_814",2.11421," 20:58:46.9050",0,0.54994,-0.0204299999999999,0,12.560109,-0.96662,-0.2921,-0.211884,-0.064023,0.054175,0.011264,12.558158,814,725,867,82,-34.911075,12.525991,1.0453,-0.140467,18.097,18.9167,0.020224,16.5,12.509297,12.836905,12.264273,-0.143131,3.628866,4.20244,3.940947,3.64909,4.222664,3.961171,-43.446553,-42.496145,-41.731216,-40.877783,-40.501387,-40.108665,-39.916835,-39.751549,-39.606207,-39.528482,-39.399674,-39.331489,-39.179372,-39.069929,-38.942599,-38.774557,-38.59044,-38.364514,-38.086679,-37.82641,-37.546126,-37.301217,-37.120165,-36.980637,-36.909056,-36.865576,-36.749972,-36.561941,-36.238612,-35.879844,-35.580967,-35.266158,-34.936332,-34.54117,-34.083704,-33.676541,-33.311012,-33.04612,-32.876273,-32.759802,-32.684747,-32.640797,-32.553273,-32.461924,-32.376565,-32.225948,-32.105115,-31.935344,-31.783345,-31.62659,-31.497433,-31.404599,-31.357066,-31.365179,-31.431124,-31.574238,-31.805502,-32.091961,-32.423051,-32.68142,-32.799752,-32.747116,-32.513022,-32.176785,-31.715276,-31.192482,-30.617611,-30.078619,-29.568085,-29.152791,-28.796178,-28.528351,-28.303927,-28.132297,-27.970197,-27.862909,-27.757268,-27.704668,-27.676721,-27.612398,-27.574815,-27.476207,-27.340764,-27.245882,-27.099175,-26.829379,-26.728555,-26.936625,-27.433999,-28.000148,NA,NA,NA,NA,NA,NA,NA,NA,NA,NA,NA,NA,NA,NA,NA,NA,NA,NA,NA,NA,NA,NA,NA,NA,NA,NA,NA,NA,NA,NA,NA,NA,NA,NA,NA,NA,NA,NA,NA,NA,NA,NA,NA,NA,NA,NA,NA,NA,NA,NA,NA,NA,NA,NA,NA,NA,NA,NA,NA,NA,NA,NA,NA,NA,NA,NA,NA,NA,NA,NA,NA,NA,NA,NA,NA,NA,NA,NA,NA,NA,NA,NA,NA,NA,NA,NA,NA,NA,NA,NA,NA,NA,NA,NA,NA,NA,NA,NA,NA,NA,NA,NA,NA,NA,NA,NA,NA,NA,NA,NA,NA,NA,NA,NA,NA,NA,NA,NA,NA,NA,NA,NA,NA,NA,NA,NA,NA,NA,NA,NA,NA,NA,NA,NA,NA,NA,NA,NA,NA,NA,NA,NA,NA,NA,NA,NA,NA,NA,NA,NA,NA,NA,NA,NA,NA,NA,NA,NA,NA,NA,NA,-46.667116,-46.384788,-46.566645,-47.129924,-47.920365,-48.766731,-48.90925,-48.066494,-47.299545,-47.069449,-47.552925,-49.298169,-52.392779,-56.978709,-57.633895,-54.803051,-53.867923,-54.574076,-55.967599,-56.800615,-56.233817,-55.283195,-54.775071,-54.740779,-54.687611,-54.295306,-53.820923,-53.622092,-54.039466,-55.356553,-59.033998,-69.175726,-62.989998,-59.031186,-60.234902,-67.351504,-70.407793,-61.252272,-57.520504,-55.475054,-54.17061,-53.285334,-51.780899,-49.618594,-47.659928,-46.066746,-44.898173,-43.819359,-42.718314,-41.629668,-40.540955,-39.503517,-38.64098,-37.879824,-37.295444,-37.002787,-36.807956,-36.883228,-37.071069,-37.205808,-37.410121,-37.602107,-37.809841,-38.339301,-38.921934,-39.511688,-40.034912,-39.857524,-39.369997,-39.002515,-38.6905,-38.615767,-38.846207,-39.313297,-39.871746,-40.426198,-40.976548,-41.745413,-42.553199,-43.31492,-44.132712,-45.073527,-45.847134,-46.095865,-46.539289,-47.399342,-49.426942,-53.326352,-57.233046,-56.471195,-53.907024,-51.73421,-49.945002,-48.073426,-46.611397,-45.850651,-45.532294,-45.833224,-46.280251,-46.521474,-46.894252,-47.375089,-48.483735,-49.728956,-49.737782,-49.463773,-49.554379,-50.921472,-51.105918,-49.280593,-47.884773,-46.993258,-47.352796,-48.520628,-47.069187,-44.02618,-41.594348,-40.503562,-40.468216,-40.73769,-40.659524,-39.454263,-38.253463,-37.196426,-36.579829,-36.706441,-37.090647,-37.978137,-38.385462,-38.482151,-38.491313,-38.709254,-39.441229,-40.127116,-40.244448,-39.816039,-39.339911,-39.189581,-40.013232,-41.819678,-44.388545,-47.03263,-48.477479,-48.370739,-47.649737,-46.836224,-45.976739,-45.465784,-45.08191,-44.460124,-44.169838,-44.290888,-44.961947,-46.952206,-50.346289,-56.284064,-66.903628,-59.877809,-53.537744,-49.818841,-47.83996,-47.780012,-49.176121,-52.443856,-56.000059,-55.689147,-51.839016,-47.729419,-43.683714,-40.314668,-37.794455,-36.691623,-36.666318,-38.011439,-41.039288
"LT001",2022-07-21,2022-07-21 16:56:00,2022-07-27,"lakeTrout",81,454,410,930,249,48,"N","2",1,75,29,4,1,"2A","MD","Region_21","Region_21_815",0.513745999999998," 20:58:47.0400",-0.0117060000000002,1.0116,0.11614,-0.658657584017724,12.560109,-0.41668,-0.31253,-0.09134,-0.068509,0.020695,0.003994,12.55959,815,725,867,82,-34.911075,12.525991,1.0453,-0.140467,18.097,18.9167,0.020224,16.5,12.509297,12.836905,12.264273,-0.143131,3.628866,4.20244,3.940947,3.64909,4.222664,3.961171,-38.879766,-38.365873,-38.058029,-37.597868,-37.550266,-37.505197,-37.7166,-37.985089,-38.278075,-38.656832,-39.062539,-39.663739,-40.312343,-41.060617,-41.74828,-42.273094,-42.63175,-42.802123,-42.79246,-42.679473,-42.409065,-42.027114,-41.571018,-41.039651,-40.482256,-39.8843,-39.192125,-38.474932,-37.723088,-37.025272,-36.4351,-35.862982,-35.339064,-34.850143,-34.403582,-34.090147,-33.870573,-33.776013,-33.787015,-33.860393,-34.000727,-34.22417,-34.463975,-34.747143,-35.070632,-35.357921,-35.711922,-36.064084,-36.480744,-36.919387,-37.377488,-37.845844,-38.349088,-38.93366,-39.631181,-40.438406,-41.181363,-41.36592,-40.562519,-38.950033,-37.132778,-35.429082,-33.855703,-32.451195,-31.192898,-30.147617,-29.289108,-28.641161,-28.138031,-27.806825,-27.588156,-27.504291,-27.511895,-27.624808,-27.809527,-28.125679,-28.53476,-29.112173,-29.840996,-30.650701,-31.571977,-32.476462,-33.393305,-34.456611,-35.63518,-36.824996,-38.093684,-39.064324,-39.259715,-38.736673,NA,NA,NA,NA,NA,NA,NA,NA,NA,NA,NA,NA,NA,NA,NA,NA,NA,NA,NA,NA,NA,NA,NA,NA,NA,NA,NA,NA,NA,NA,NA,NA,NA,NA,NA,NA,NA,NA,NA,NA,NA,NA,NA,NA,NA,NA,NA,NA,NA,NA,NA,NA,NA,NA,NA,NA,NA,NA,NA,NA,NA,NA,NA,NA,NA,NA,NA,NA,NA,NA,NA,NA,NA,NA,NA,NA,NA,NA,NA,NA,NA,NA,NA,NA,NA,NA,NA,NA,NA,NA,NA,NA,NA,NA,NA,NA,NA,NA,NA,NA,NA,NA,NA,NA,NA,NA,NA,NA,NA,NA,NA,NA,NA,NA,NA,NA,NA,NA,NA,NA,NA,NA,NA,NA,NA,NA,NA,NA,NA,NA,NA,NA,NA,NA,NA,NA,NA,NA,NA,NA,NA,NA,NA,NA,NA,NA,NA,NA,NA,NA,NA,NA,NA,NA,NA,NA,NA,NA,NA,NA,NA,-63.210913,-59.582815,-54.595012,-51.298436,-49.135687,-47.957479,-47.441861,-47.120478,-47.306763,-47.844728,-48.287582,-48.4034,-47.584949,-46.276744,-44.974352,-43.68089,-42.681942,-42.042625,-41.846867,-42.285439,-43.199942,-44.519404,-45.880184,-46.890579,-47.334014,-47.439229,-47.522129,-47.608182,-47.432694,-46.148352,-43.973622,-41.544254,-39.4741,-38.107575,-37.214619,-36.873764,-36.857478,-37.030044,-37.386408,-37.966234,-38.518395,-39.16698,-39.63106,-39.904921,-40.208261,-40.401562,-40.712404,-41.050656,-41.470778,-41.983156,-42.426834,-42.69936,-42.92361,-43.248196,-44.037432,-45.422548,-46.273739,-45.972491,-45.157574,-44.240535,-43.276012,-42.062801,-40.66601,-39.582623,-38.749177,-38.202911,-38.013673,-37.568027,-37.174771,-37.079841,-36.972058,-36.877761,-36.821341,-36.775594,-36.637179,-36.330853,-35.961105,-35.960577,-36.251378,-36.692823,-37.228885,-37.76974,-37.997555,-37.490869,-36.93809,-36.377767,-36.205001,-36.730846,-37.409941,-38.571453,-39.754193,-40.803596,-41.30828,-40.208942,-38.485937,-37.401533,-37.037769,-37.24351,-37.108852,-36.223911,-35.038857,-33.607782,-32.498074,-31.662612,-31.214283,-31.82849,-31.975008,-32.655139,-33.29754,-33.370929,-33.749809,-33.511938,-33.144888,-32.905527,-32.493058,-32.726548,-33.176913,-34.231975,-35.947165,-38.306849,-41.845602,-46.302415,-50.089182,-46.717056,-42.641169,-39.904848,-37.58431,-35.825915,-33.961371,-32.495427,-31.423497,-30.703079,-30.600944,-30.817089,-31.437436,-32.39381,-32.996941,-33.008236,-33.295345,-34.15265,-35.616936,-37.539883,-39.442834,-40.423529,-40.226172,-39.73987,-39.648247,-40.449297,-41.610399,-42.231061,-42.417479,-41.932451,-40.983081,-40.374891,-39.795219,-39.441566,-39.080847,-38.4211,-37.866844,-37.361481,-36.924347,-36.751255,-36.200441,-35.986468,-35.682904,-35.444108,-35.62671,-35.85435,-35.722743,-35.380491,-35.182812,-36.01219,-36.80693,-36.195869,-34.612754
"LT001",2022-07-21,2022-07-21 16:56:00,2022-07-27,"lakeTrout",81,454,410,930,249,48,"N","2",1,75,29,4,1,"2A","MD","Region_21","Region_21_816",0.811678999999998," 20:58:47.1640",-0.011705000000001,1.45828,0.261971,-0.45263386365477,12.548403,0.59492,-0.19639,0.130292,-0.043009,0.00154,0.003416,12.547653,816,725,867,82,-34.911075,12.525991,1.0453,-0.140467,18.097,18.9167,0.020224,16.5,12.509297,12.836905,12.264273,-0.143131,3.628866,4.20244,3.940947,3.64909,4.222664,3.961171,-37.306269,-37.078235,-37.094725,-37.035509,-37.452963,-37.897839,-38.591982,-39.315443,-40.024033,-40.774817,-41.510967,-42.418372,-43.387763,-44.511673,-45.636516,-46.612011,-47.322903,-47.577539,-47.215883,-46.297773,-44.971213,-43.532539,-42.148131,-40.828093,-39.59621,-38.434349,-37.318266,-36.345093,-35.483818,-34.759815,-34.179199,-33.655907,-33.252665,-32.975889,-32.820869,-32.842434,-32.961954,-33.183173,-33.479882,-33.831338,-34.289417,-34.907122,-35.603555,-36.356647,-37.128534,-37.841338,-38.623079,-39.45268,-40.461379,-41.645297,-42.880087,-43.738105,-43.752562,-42.890789,-41.456527,-39.753012,-37.978396,-36.243719,-34.674887,-33.279971,-32.078243,-31.04053,-30.09975,-29.306336,-28.645841,-28.174936,-27.857322,-27.715847,-27.688664,-27.806841,-28.013424,-28.332383,-28.724898,-29.216192,-29.789788,-30.523208,-31.386375,-32.431732,-33.559131,-34.53671,-35.222645,-35.452756,-35.371091,-35.21849,-34.966973,-34.472247,-33.882826,-33.224938,-32.585257,-32.03417,NA,NA,NA,NA,NA,NA,NA,NA,NA,NA,NA,NA,NA,NA,NA,NA,NA,NA,NA,NA,NA,NA,NA,NA,NA,NA,NA,NA,NA,NA,NA,NA,NA,NA,NA,NA,NA,NA,NA,NA,NA,NA,NA,NA,NA,NA,NA,NA,NA,NA,NA,NA,NA,NA,NA,NA,NA,NA,NA,NA,NA,NA,NA,NA,NA,NA,NA,NA,NA,NA,NA,NA,NA,NA,NA,NA,NA,NA,NA,NA,NA,NA,NA,NA,NA,NA,NA,NA,NA,NA,NA,NA,NA,NA,NA,NA,NA,NA,NA,NA,NA,NA,NA,NA,NA,NA,NA,NA,NA,NA,NA,NA,NA,NA,NA,NA,NA,NA,NA,NA,NA,NA,NA,NA,NA,NA,NA,NA,NA,NA,NA,NA,NA,NA,NA,NA,NA,NA,NA,NA,NA,NA,NA,NA,NA,NA,NA,NA,NA,NA,NA,NA,NA,NA,NA,NA,NA,NA,NA,NA,NA,-41.893401,-41.550688,-41.429022,-41.58796,-42.064302,-42.99786,-43.996358,-44.282958,-43.940621,-43.063161,-41.906814,-41.033782,-40.1569,-39.375013,-38.80962,-38.376179,-38.380053,-38.887085,-39.971352,-41.899086,-44.818563,-49.542996,-58.588794,-56.48086,-49.723499,-46.267005,-44.017539,-42.203495,-40.589342,-38.860179,-37.262702,-35.813009,-34.70455,-34.178124,-34.009784,-34.292518,-34.829957,-35.539051,-36.500743,-37.877996,-39.579319,-41.849104,-44.319094,-46.404657,-47.277527,-46.656201,-45.784078,-45.271661,-45.331934,-45.988271,-47.177654,-49.064503,-52.419764,-60.362019,-61.784437,-51.2909,-46.833343,-44.323872,-42.583505,-41.024684,-39.602952,-38.21733,-36.925704,-36.09008,-35.482947,-35.05364,-34.871199,-34.417811,-34.128101,-34.356214,-34.874324,-35.745387,-36.971065,-38.451713,-40.007103,-41.504272,-42.983509,-44.772264,-46.500425,-47.408483,-47.328668,-47.122321,-47.245529,-47.245884,-47.043746,-45.937513,-44.551924,-43.810063,-43.282034,-42.829604,-41.618966,-39.89894,-38.28066,-36.655124,-35.648887,-35.43006,-35.46691,-35.687288,-35.721401,-35.528918,-35.518238,-35.567342,-36.074128,-36.764991,-37.49031,-39.170107,-41.187717,-45.174256,-51.119812,-56.795382,-51.788195,-46.892032,-43.326098,-40.444641,-37.679914,-35.851721,-34.543915,-34.085966,-34.363281,-34.92679,-35.479343,-34.997092,-34.188204,-33.169557,-32.390589,-32.24851,-32.387335,-33.308231,-34.223323,-35.138994,-35.720592,-36.003111,-36.463088,-36.917218,-37.457151,-38.057398,-38.213793,-37.755337,-37.428783,-37.432964,-37.767458,-38.354536,-39.139794,-40.12773,-41.341107,-42.705575,-43.94807,-45.187077,-46.321606,-47.502958,-50.112502,-55.251329,-53.84592,-47.363817,-43.427981,-41.090842,-39.485722,-37.919415,-36.586332,-35.495681,-34.950836,-35.656395,-37.694156,-42.76233,-51.504943,-46.071961,-41.619246,-40.022249,-40.192644,-41.315659,-41.133796,-40.406364,-40.804085,-43.275659,-48.828992
"LT001",2022-07-21,2022-07-21 16:56:00,2022-07-27,"lakeTrout",81,454,410,930,249,48,"N","2",1,75,29,4,1,"2A","MD","Region_21","Region_21_830",4.37043600000001," 20:58:48.9730",0.0117060000000002,1.70475,-0.65224,0.367451014245951,12.665459,-0.72877,1.5045,-0.161037,0.332512,0.029475,0.053646,12.66007,830,725,867,82,-34.911075,12.525991,1.0453,-0.140467,18.097,18.9167,0.020224,16.5,12.509297,12.836905,12.264273,-0.143131,3.628866,4.20244,3.940947,3.64909,4.222664,3.961171,-37.703797,-37.257734,-37.053656,-36.750334,-36.928564,-37.1387,-37.635348,-38.203824,-38.780187,-39.419179,-40.049686,-40.852833,-41.717295,-42.741566,-43.793368,-44.792955,-45.710942,-46.468444,-46.940444,-46.959534,-46.304013,-45.124359,-43.730374,-42.301525,-40.93446,-39.629003,-38.352838,-37.193935,-36.131588,-35.211665,-34.451958,-33.770078,-33.219599,-32.794405,-32.488057,-32.357667,-32.327092,-32.412187,-32.583397,-32.813905,-33.136968,-33.568572,-34.016775,-34.468966,-34.893396,-35.219353,-35.553791,-35.843489,-36.186207,-36.570345,-37.007372,-37.436999,-37.785822,-38.014188,-38.094126,-37.997532,-37.666668,-37.01222,-36.061235,-34.872152,-33.597527,-32.366606,-31.230999,-30.283943,-29.505692,-28.927249,-28.485999,-28.201194,-28.011524,-27.956361,-27.994751,-28.161945,-28.421904,-28.793044,-29.240062,-29.81308,-30.481221,-31.302135,-32.253731,-33.240574,-34.242518,-35.090736,-35.741673,-36.224367,-36.364431,-35.983037,-35.223872,-34.275636,-33.389482,-32.711258,NA,NA,NA,NA,NA,NA,NA,NA,NA,NA,NA,NA,NA,NA,NA,NA,NA,NA,NA,NA,NA,NA,NA,NA,NA,NA,NA,NA,NA,NA,NA,NA,NA,NA,NA,NA,NA,NA,NA,NA,NA,NA,NA,NA,NA,NA,NA,NA,NA,NA,NA,NA,NA,NA,NA,NA,NA,NA,NA,NA,NA,NA,NA,NA,NA,NA,NA,NA,NA,NA,NA,NA,NA,NA,NA,NA,NA,NA,NA,NA,NA,NA,NA,NA,NA,NA,NA,NA,NA,NA,NA,NA,NA,NA,NA,NA,NA,NA,NA,NA,NA,NA,NA,NA,NA,NA,NA,NA,NA,NA,NA,NA,NA,NA,NA,NA,NA,NA,NA,NA,NA,NA,NA,NA,NA,NA,NA,NA,NA,NA,NA,NA,NA,NA,NA,NA,NA,NA,NA,NA,NA,NA,NA,NA,NA,NA,NA,NA,NA,NA,NA,NA,NA,NA,NA,NA,NA,NA,NA,NA,NA,-47.493471,-49.056017,-50.411596,-51.588309,-52.832113,-54.718197,-56.984905,-58.534044,-58.294254,-56.28985,-53.874581,-52.103899,-50.896562,-50.170045,-49.605122,-48.988259,-48.639563,-48.653841,-48.87152,-49.081022,-48.923655,-48.385962,-47.549681,-46.569866,-45.555976,-44.56032,-43.613981,-42.711379,-41.941677,-41.246383,-40.860281,-40.836346,-41.219075,-41.891755,-42.268395,-42.159782,-41.569823,-40.806171,-40.168927,-39.910816,-40.025854,-40.728526,-41.763768,-43.072364,-44.659503,-46.438718,-48.689039,-51.376636,-54.468894,-57.984071,-62.335804,-69.193756,-66.668063,-59.507149,-55.336238,-52.89117,-51.300854,-50.195568,-49.119557,-47.863629,-46.569297,-45.189941,-43.894666,-43.030925,-42.390025,-42.139993,-42.275774,-42.349426,-42.612855,-43.158779,-43.629143,-43.983896,-44.260597,-44.509683,-44.731921,-44.923502,-45.196827,-45.914501,-47.081104,-48.520207,-50.069013,-51.498271,-52.233593,-52.247569,-52.766063,-54.704321,-59.844671,-58.80224,-52.647516,-49.42129,-47.059669,-44.683545,-42.509834,-40.423578,-39.135927,-39.078101,-39.576327,-40.369676,-40.713937,-40.317314,-39.768214,-38.966137,-38.432234,-38.302869,-38.395202,-39.136776,-39.17798,-39.752166,-40.632627,-41.419922,-42.779387,-43.579139,-43.283915,-42.477337,-41.811588,-42.287482,-43.418074,-44.578865,-44.528233,-43.840996,-43.82848,-44.236393,-45.395077,-46.757757,-48.041201,-48.804876,-47.712885,-45.433897,-42.734029,-40.658819,-39.411559,-39.0122,-39.671598,-41.302054,-43.072741,-43.252415,-42.2609,-41.619561,-42.298962,-44.366989,-47.898173,-52.213104,-52.658766,-50.555684,-49.636596,-49.299652,-47.678795,-45.186619,-42.898166,-40.780645,-39.06786,-37.773713,-36.584992,-35.756598,-34.879482,-33.91071,-32.850995,-31.780808,-31.00469,-30.738288,-30.902008,-31.687881,-32.541433,-33.251329,-33.187531,-33.24546,-33.989199,-35.549704,-37.736866,-38.677477,-37.363323,-37.028144,-38.722352,-44.259892,-60.765763
"LT001",2022-07-21,2022-07-21 16:56:00,2022-07-27,"lakeTrout",81,454,410,930,249,48,"N","2",1,75,29,4,1,"2A","MD","Region_21","Region_21_831",3.043859," 20:58:49.0990",0.0117049999999992,1.98682,-0.63249,0.321639832503917,12.677165,0.97598,0.85226,0.21591,0.188534,0.033136,0.042745,12.673924,831,725,867,82,-34.911075,12.525991,1.0453,-0.140467,18.097,18.9167,0.020224,16.5,12.509297,12.836905,12.264273,-0.143131,3.628866,4.20244,3.940947,3.64909,4.222664,3.961171,-41.267789,-40.169599,-39.349971,-38.479792,-38.138866,-37.867693,-37.882572,-37.940956,-37.96397,-37.987451,-37.94063,-38.014381,-38.111903,-38.340541,-38.575649,-38.740293,-38.835409,-38.855419,-38.837448,-38.890057,-38.98663,-39.153453,-39.382753,-39.645631,-40.009403,-40.521358,-41.151914,-41.808376,-42.082864,-41.77939,-41.076539,-40.137379,-39.127813,-38.09568,-37.102542,-36.279152,-35.603378,-35.110083,-34.769418,-34.535541,-34.419708,-34.438513,-34.513817,-34.647013,-34.807841,-34.905039,-35.020295,-35.062322,-35.080347,-35.029633,-34.936355,-34.825535,-34.722925,-34.636855,-34.557225,-34.499612,-34.492816,-34.540201,-34.677597,-34.828605,-34.920004,-34.848728,-34.506985,-33.933658,-33.145414,-32.268201,-31.345727,-30.475418,-29.649292,-28.940476,-28.330357,-27.870926,-27.532963,-27.329349,-27.207561,-27.198389,-27.246449,-27.410368,-27.688424,-28.045975,-28.554258,-29.120416,-29.755149,-30.532366,-31.359229,-32.14863,-33.125921,-34.42582,-36.115255,-38.031026,NA,NA,NA,NA,NA,NA,NA,NA,NA,NA,NA,NA,NA,NA,NA,NA,NA,NA,NA,NA,NA,NA,NA,NA,NA,NA,NA,NA,NA,NA,NA,NA,NA,NA,NA,NA,NA,NA,NA,NA,NA,NA,NA,NA,NA,NA,NA,NA,NA,NA,NA,NA,NA,NA,NA,NA,NA,NA,NA,NA,NA,NA,NA,NA,NA,NA,NA,NA,NA,NA,NA,NA,NA,NA,NA,NA,NA,NA,NA,NA,NA,NA,NA,NA,NA,NA,NA,NA,NA,NA,NA,NA,NA,NA,NA,NA,NA,NA,NA,NA,NA,NA,NA,NA,NA,NA,NA,NA,NA,NA,NA,NA,NA,NA,NA,NA,NA,NA,NA,NA,NA,NA,NA,NA,NA,NA,NA,NA,NA,NA,NA,NA,NA,NA,NA,NA,NA,NA,NA,NA,NA,NA,NA,NA,NA,NA,NA,NA,NA,NA,NA,NA,NA,NA,NA,NA,NA,NA,NA,NA,NA,-52.655911,-51.684775,-49.761759,-48.070955,-46.912238,-46.474227,-46.362438,-46.060702,-45.838062,-45.531165,-44.913852,-44.130917,-42.871808,-41.454887,-40.195124,-39.087025,-38.256473,-37.588444,-37.001068,-36.591351,-36.260491,-36.068449,-35.963653,-35.934387,-35.978983,-36.120612,-36.386255,-36.793806,-37.483988,-38.386124,-39.71456,-41.332438,-43.061825,-44.698664,-45.801295,-46.42203,-46.485701,-46.100268,-45.56608,-45.194466,-44.924153,-44.841343,-44.48491,-43.700428,-42.683063,-41.553188,-40.667809,-39.906884,-39.224899,-38.716923,-38.389921,-38.235869,-38.250823,-38.231965,-38.180172,-38.208653,-38.240374,-38.564582,-39.091502,-39.68361,-40.464843,-41.360023,-42.449542,-44.012956,-45.631645,-47.153327,-48.696729,-50.33201,-53.484994,-62.160095,-60.635434,-51.136091,-46.675722,-43.983793,-42.201941,-40.886372,-39.82505,-39.200559,-38.924584,-38.922114,-39.242057,-39.873241,-40.29587,-39.900718,-39.189411,-38.297305,-37.850057,-38.355382,-39.29436,-40.730092,-41.913219,-42.829031,-44.320892,-47.394877,-56.795566,-50.051307,-43.813673,-41.355869,-40.005758,-38.468468,-36.695639,-34.5908,-32.823201,-31.601577,-31.1243,-32.213454,-33.132772,-34.038271,-34.380016,-34.128797,-34.378649,-34.432868,-34.449287,-34.162247,-32.987567,-32.000171,-31.241346,-31.203296,-31.817007,-32.718371,-33.675613,-33.764882,-33.531608,-32.982471,-32.531461,-32.6484,-32.998022,-34.087225,-35.308863,-36.739753,-38.057647,-39.109226,-40.162811,-41.178347,-42.308483,-43.562974,-44.320835,-44.030696,-43.38374,-42.902788,-42.921806,-43.571106,-44.898164,-46.868267,-49.063617,-50.460469,-51.064788,-52.529952,-53.540942,-50.189123,-46.030907,-43.040501,-41.057197,-40.338335,-40.483163,-41.675337,-43.881134,-46.73698,-48.68303,-46.068418,-41.362777,-37.319049,-33.997611,-31.947708,-30.472368,-29.43497,-28.887602,-28.651989,-28.643941,-28.827254,-28.762265,-28.804234,-28.631948,-28.509588,-28.513326
"LT001",2022-07-21,2022-07-21 16:56:00,2022-07-27,"lakeTrout",81,454,410,930,249,48,"N","2",1,75,29,4,1,"2A","MD","Region_35","Region_35_2918",2.71940900000001," 21:03:08.8950",NA,NA,NA,NA,11.096909,-1.0756,-0.42582,-0.208305,-0.082456,0.033884,0.011039,11.094647,2918,2882,2977,52,-39.990401,11.257636,1.3846,0.046822,11.617,16.0847,0.020224,16.5,11.237789,11.420896,11.066902,0.046311,5.045244,5.396412,5.219304,5.065467,5.416635,5.239527,-48.307403,-47.59811,-46.938842,-45.994323,-45.314294,-44.472184,-43.77651,-43.08815,-42.406084,-41.812592,-41.264743,-40.960922,-40.795214,-40.858346,-41.015218,-41.181908,-41.347315,-41.469376,-41.523374,-41.558532,-41.518596,-41.445011,-41.364555,-41.268735,-41.217609,-41.233058,-41.300216,-41.488206,-41.716197,-41.97017,-42.232303,-42.397461,-42.497292,-42.502481,-42.396542,-42.250139,-42.024237,-41.776689,-41.530623,-41.305416,-41.167425,-41.1543,-41.169963,-41.190028,-41.17569,-41.044704,-40.903623,-40.694185,-40.49869,-40.284586,-40.041711,-39.740144,-39.397489,-39.063502,-38.7744,-38.568754,-38.472517,-38.475109,-38.605756,-38.803764,-39.036688,-39.237199,-39.29404,-39.197926,-38.898886,-38.470383,-37.934026,-37.391435,-36.855481,-36.423242,-36.095069,-35.934166,-35.913544,-36.0404,-36.248169,-36.544992,-36.837049,-37.132242,-37.366314,-37.455324,-37.461466,-37.324563,-37.106995,-36.917412,-36.67502,-36.298208,-36.046359,-36.069498,-36.428276,-37.007067,NA,NA,NA,NA,NA,NA,NA,NA,NA,NA,NA,NA,NA,NA,NA,NA,NA,NA,NA,NA,NA,NA,NA,NA,NA,NA,NA,NA,NA,NA,NA,NA,NA,NA,NA,NA,NA,NA,NA,NA,NA,NA,NA,NA,NA,NA,NA,NA,NA,NA,NA,NA,NA,NA,NA,NA,NA,NA,NA,NA,NA,NA,NA,NA,NA,NA,NA,NA,NA,NA,NA,NA,NA,NA,NA,NA,NA,NA,NA,NA,NA,NA,NA,NA,NA,NA,NA,NA,NA,NA,NA,NA,NA,NA,NA,NA,NA,NA,NA,NA,NA,NA,NA,NA,NA,NA,NA,NA,NA,NA,NA,NA,NA,NA,NA,NA,NA,NA,NA,NA,NA,NA,NA,NA,NA,NA,NA,NA,NA,NA,NA,NA,NA,NA,NA,NA,NA,NA,NA,NA,NA,NA,NA,NA,NA,NA,NA,NA,NA,NA,NA,NA,NA,NA,NA,NA,NA,NA,NA,NA,NA,-53.12239,-53.503647,-53.738679,-53.96899,-54.385838,-55.338586,-56.471862,-57.04531,-57.028421,-56.317265,-55.272575,-54.770606,-54.867182,-55.691527,-57.032919,-58.685543,-61.322896,-64.66655,-63.844346,-60.61512,-58.425042,-57.091478,-56.014628,-54.785151,-53.221836,-51.459604,-49.749938,-48.226468,-47.002213,-45.900948,-45.085851,-44.474226,-44.080349,-43.922779,-43.671398,-43.399697,-43.017669,-42.566115,-42.220727,-42.195948,-42.462715,-43.293236,-44.447761,-45.867818,-47.626694,-49.650295,-52.234711,-54.667306,-54.869246,-53.188937,-51.498657,-50.192359,-49.19845,-48.269324,-47.440001,-46.865494,-46.390844,-46.153619,-45.942463,-45.564592,-45.154879,-44.686346,-44.293564,-44.373942,-44.684434,-45.178249,-45.772398,-45.912938,-46.040718,-46.548574,-47.29932,-48.403851,-49.894559,-51.675237,-53.498087,-55.03024,-56.073005,-56.994525,-58.017813,-59.306959,-60.952615,-62.809672,-64.24424,-64.822613,-65.593258,-66.862198,-66.588098,-63.009374,-59.63171,-57.734859,-56.507868,-55.497501,-54.589942,-53.121354,-51.3455,-49.766194,-48.550121,-48.144566,-48.161177,-48.153232,-48.170341,-47.721015,-47.013534,-46.098407,-45.415911,-46.250566,-47.573438,-49.900501,-51.796336,-52.142691,-51.775496,-50.387241,-48.953281,-48.105651,-47.655905,-48.265587,-49.189243,-49.845,-49.364479,-48.272768,-47.734511,-47.425279,-47.733327,-48.199903,-48.731943,-49.124092,-48.545453,-47.862222,-47.244403,-47.34106,-48.069887,-49.291864,-51.042459,-52.589066,-53.150513,-52.750011,-52.126559,-51.703274,-52.036559,-52.930071,-53.867176,-54.168472,-53.452017,-51.95543,-50.178966,-48.466994,-46.95638,-46.047155,-45.40072,-44.541189,-43.94744,-43.646782,-43.580601,-44.143298,-44.795394,-45.401872,-45.58223,-45.148509,-44.744101,-44.796317,-45.763574,-48.568901,-53.349573,-56.315996,-53.065707,-48.942813,-44.614783,-40.905977,-38.143784,-36.4705,-35.503447,-35.41797,-35.384117,-35.08663,-34.671575
"LT001",2022-07-21,2022-07-21 16:56:00,2022-07-27,"lakeTrout",81,454,410,930,249,48,"N","2",1,75,29,4,1,"2A","MD","Region_35","Region_35_2934",0.627373999999996," 21:03:10.8510",0,1.99919,-0.77599,0,11.132026,0.50211,0.24715,0.097553,0.048017,0.120225,0.034708,11.131495,2934,2882,2977,52,-39.990401,11.257636,1.3846,0.046822,11.617,16.0847,0.020224,16.5,11.237789,11.420896,11.066902,0.046311,5.045244,5.396412,5.219304,5.065467,5.416635,5.239527,-58.739765,-59.505651,-61.054859,-62.906473,-62.026664,-58.557239,-56.046487,-54.423932,-53.251968,-52.325437,-51.51823,-51.049966,-50.829376,-50.930121,-51.198867,-51.547557,-51.994874,-52.537432,-53.177389,-53.935934,-54.650809,-55.252971,-55.692817,-55.8354,-55.477826,-54.428461,-52.836966,-51.207294,-49.816788,-48.768281,-47.943892,-47.071945,-46.132551,-45.177654,-44.292294,-43.608068,-43.097668,-42.791413,-42.659633,-42.630048,-42.650003,-42.673106,-42.610831,-42.511761,-42.398367,-42.199073,-42.001599,-41.713236,-41.382881,-40.971822,-40.500759,-39.983713,-39.445541,-38.898992,-38.332991,-37.756043,-37.180244,-36.595733,-36.045531,-35.486232,-34.922797,-34.355829,-33.781939,-33.312694,-32.960117,-32.776196,-32.709072,-32.766846,-32.876704,-33.061442,-33.257334,-33.482255,-33.688472,-33.882383,-34.012406,-34.102723,-34.062736,-33.915068,-33.624832,-33.170798,-32.690247,-32.155691,-31.624354,-31.177463,-30.708806,-30.123198,-29.713304,-29.611406,-29.82694,-30.215484,NA,NA,NA,NA,NA,NA,NA,NA,NA,NA,NA,NA,NA,NA,NA,NA,NA,NA,NA,NA,NA,NA,NA,NA,NA,NA,NA,NA,NA,NA,NA,NA,NA,NA,NA,NA,NA,NA,NA,NA,NA,NA,NA,NA,NA,NA,NA,NA,NA,NA,NA,NA,NA,NA,NA,NA,NA,NA,NA,NA,NA,NA,NA,NA,NA,NA,NA,NA,NA,NA,NA,NA,NA,NA,NA,NA,NA,NA,NA,NA,NA,NA,NA,NA,NA,NA,NA,NA,NA,NA,NA,NA,NA,NA,NA,NA,NA,NA,NA,NA,NA,NA,NA,NA,NA,NA,NA,NA,NA,NA,NA,NA,NA,NA,NA,NA,NA,NA,NA,NA,NA,NA,NA,NA,NA,NA,NA,NA,NA,NA,NA,NA,NA,NA,NA,NA,NA,NA,NA,NA,NA,NA,NA,NA,NA,NA,NA,NA,NA,NA,NA,NA,NA,NA,NA,NA,NA,NA,NA,NA,NA,-44.956931,-45.614614,-46.38575,-47.290364,-48.339867,-49.679311,-51.010319,-51.716905,-51.945752,-51.637074,-50.940435,-50.554822,-50.443331,-50.940647,-52.301055,-54.166322,-55.21147,-53.748246,-51.357854,-49.326594,-47.556216,-46.012661,-44.633393,-43.501863,-42.677534,-42.211117,-42.069012,-42.130395,-42.399189,-42.581298,-42.824095,-43.021757,-43.340048,-44.091738,-45.133629,-46.621335,-48.442296,-50.678378,-53.697058,-58.174122,-64.771387,-66.246263,-61.053446,-57.657046,-55.466842,-53.7296,-52.368406,-51.215156,-50.3347,-49.737942,-49.249428,-48.702395,-48.020971,-47.007118,-45.714196,-44.453818,-43.30225,-42.607219,-42.211646,-41.84977,-41.525746,-41.09571,-40.573979,-40.336401,-40.243399,-40.364264,-40.873929,-41.281078,-41.980291,-43.264515,-44.855924,-46.786708,-49.019191,-51.401431,-53.742993,-55.958384,-58.235901,-61.651441,-68.625469,-77.260477,-65.310388,-62.18977,-61.944624,-63.437378,-67.5563,-75.428555,-72.466028,-66.035565,-60.697905,-56.584656,-53.339475,-50.700098,-48.520377,-46.251116,-44.413681,-43.226017,-42.234786,-41.47409,-40.703652,-39.923548,-39.477909,-39.176867,-39.420298,-40.071327,-41.240144,-43.762779,-46.10196,-48.13549,-48.041282,-46.176262,-44.595869,-42.816912,-41.421777,-40.56862,-39.715759,-39.464868,-39.325304,-39.729234,-40.759732,-42.28731,-44.459813,-46.358011,-48.127869,-49.462904,-51.075389,-54.094834,-58.128793,-55.985084,-51.47911,-49.113609,-48.08168,-47.663397,-47.640437,-47.430368,-47.147169,-47.0927,-47.029929,-46.691339,-46.526854,-46.53592,-46.607966,-46.448735,-45.749715,-44.606319,-43.442609,-42.581147,-42.101113,-42.248482,-42.415468,-41.838156,-41.022704,-40.109556,-39.330902,-39.28831,-39.458187,-39.834428,-39.963484,-39.399817,-38.597571,-37.710616,-36.982956,-36.807021,-36.679052,-37.281579,-37.984912,-38.665183,-39.423041,-39.844105,-39.895329,-40.111505,-40.930206,-43.73704,-49.020302,-49.321797,-44.04088
"LT001",2022-07-21,2022-07-21 16:56:00,2022-07-27,"lakeTrout",81,454,410,930,249,48,"N","2",1,75,29,4,1,"2A","MD","Region_35","Region_35_2949",3.756875," 21:03:12.6840",-0.0819400000000012,1.30225,0.0219,-3.59990315644196,11.190554,-0.58516,1.4457,-0.11425,0.282327,0.021086,0.25352,11.186408,2949,2882,2977,52,-39.990401,11.257636,1.3846,0.046822,11.617,16.0847,0.020224,16.5,11.237789,11.420896,11.066902,0.046311,5.045244,5.396412,5.219304,5.065467,5.416635,5.239527,-49.209773,-47.986247,-47.095319,-46.258289,-46.036327,-45.84062,-45.754501,-45.516534,-45.144927,-44.793828,-44.434816,-44.233133,-44.067694,-44.084,-44.230798,-44.496911,-44.904811,-45.430523,-46.072678,-46.904687,-47.882464,-48.935387,-49.753695,-49.900211,-49.402751,-48.72845,-48.273738,-48.206713,-48.194752,-47.841283,-47.165229,-46.439823,-45.896605,-45.464278,-45.024895,-44.627116,-44.295331,-44.185545,-44.400889,-44.997589,-45.958343,-47.032748,-47.783646,-48.092442,-48.080728,-47.848943,-47.574487,-47.191361,-46.762388,-46.279015,-45.829119,-45.515183,-45.441262,-45.644949,-46.069442,-46.617888,-47.175719,-47.64614,-48.095688,-48.569988,-48.972344,-48.876601,-48.034017,-46.900634,-45.798956,-44.779184,-43.718318,-42.656197,-41.616713,-40.717999,-39.95628,-39.366832,-38.894687,-38.533897,-38.222694,-37.978842,-37.733745,-37.525104,-37.351511,-37.201972,-37.183275,-37.223951,-37.302981,-37.424162,-37.42444,-37.216428,-37.06798,-37.165581,-37.552243,-38.04547,NA,NA,NA,NA,NA,NA,NA,NA,NA,NA,NA,NA,NA,NA,NA,NA,NA,NA,NA,NA,NA,NA,NA,NA,NA,NA,NA,NA,NA,NA,NA,NA,NA,NA,NA,NA,NA,NA,NA,NA,NA,NA,NA,NA,NA,NA,NA,NA,NA,NA,NA,NA,NA,NA,NA,NA,NA,NA,NA,NA,NA,NA,NA,NA,NA,NA,NA,NA,NA,NA,NA,NA,NA,NA,NA,NA,NA,NA,NA,NA,NA,NA,NA,NA,NA,NA,NA,NA,NA,NA,NA,NA,NA,NA,NA,NA,NA,NA,NA,NA,NA,NA,NA,NA,NA,NA,NA,NA,NA,NA,NA,NA,NA,NA,NA,NA,NA,NA,NA,NA,NA,NA,NA,NA,NA,NA,NA,NA,NA,NA,NA,NA,NA,NA,NA,NA,NA,NA,NA,NA,NA,NA,NA,NA,NA,NA,NA,NA,NA,NA,NA,NA,NA,NA,NA,NA,NA,NA,NA,NA,NA,-57.799276,-55.37568,-53.571266,-52.277511,-51.255186,-50.527675,-49.75102,-48.674398,-47.901126,-47.615435,-47.92213,-49.187429,-50.893604,-52.206002,-52.349133,-51.849367,-51.390579,-50.653113,-49.343902,-47.88431,-46.630335,-45.84048,-45.466752,-45.389218,-45.440826,-45.485789,-45.484976,-45.463734,-45.585101,-45.789189,-46.206624,-46.631656,-46.921594,-47.166545,-47.323886,-47.596612,-47.870375,-48.089192,-48.258437,-48.468828,-48.639605,-48.993106,-49.330389,-49.656572,-50.002034,-50.164645,-50.290815,-50.347392,-50.484047,-50.815017,-51.201228,-51.473611,-51.502141,-51.164987,-50.741032,-50.513908,-50.22302,-49.759956,-48.938428,-47.830738,-46.731134,-45.625307,-44.644729,-44.09398,-43.70282,-43.523263,-43.486656,-43.121751,-42.770721,-42.693073,-42.686135,-42.805027,-43.078673,-43.483718,-43.945567,-44.377589,-44.745545,-45.259327,-45.869835,-46.526017,-47.341989,-48.423108,-49.3135,-49.488302,-49.308506,-48.671908,-48.039849,-47.79901,-47.414503,-47.2292,-46.870435,-46.292205,-45.750184,-44.834309,-43.978571,-43.535697,-43.185977,-43.270092,-43.440983,-43.340785,-43.220746,-42.690743,-42.087157,-41.49444,-41.013195,-41.694788,-42.456238,-43.896287,-45.067597,-45.329267,-45.541798,-45.19901,-44.658039,-44.198147,-43.4725,-43.074006,-42.628769,-42.397013,-42.321427,-42.36122,-42.691862,-42.733008,-42.899992,-42.853159,-42.739466,-42.920851,-42.993703,-43.515115,-44.06659,-44.854496,-45.683369,-46.300679,-46.71094,-46.840699,-46.811333,-46.883787,-46.778508,-45.988398,-44.957849,-43.83247,-42.76334,-41.857398,-41.193808,-40.846416,-40.884014,-41.348703,-42.221854,-43.701019,-45.278969,-46.297476,-46.917995,-47.192572,-47.006247,-46.915359,-46.83339,-46.995738,-47.37216,-47.740085,-48.037401,-48.103242,-47.719528,-47.246032,-46.675509,-46.646841,-46.591936,-46.592533,-46.374337,-45.113823,-42.701097,-40.033328,-37.635882,-36.195258,-35.222162,-34.953176,-35.153179
"LT001",2022-07-21,2022-07-21 16:56:00,2022-07-27,"lakeTrout",81,454,410,930,249,48,"N","2",1,75,29,4,1,"2A","MD","Region_35","Region_35_2950",4.180924," 21:03:12.8050",-0.0117049999999992,1.42611,-0.2171,-0.464896850257746,11.108614,0.71709,1.4676,0.138982,0.284483,0.028798,0.01148,11.104101,2950,2882,2977,52,-39.990401,11.257636,1.3846,0.046822,11.617,16.0847,0.020224,16.5,11.237789,11.420896,11.066902,0.046311,5.045244,5.396412,5.219304,5.065467,5.416635,5.239527,-48.95103,-48.442543,-47.837996,-46.918949,-46.352863,-45.738681,-45.349801,-44.983707,-44.583813,-44.202522,-43.766774,-43.469749,-43.232065,-43.197228,-43.285112,-43.475647,-43.812253,-44.307363,-44.970836,-45.813176,-46.647844,-47.294485,-47.596568,-47.525548,-47.255028,-46.964268,-46.77694,-46.868113,-47.220382,-47.78758,-48.381918,-48.638362,-48.446596,-47.90708,-47.236694,-46.642403,-46.10414,-45.654665,-45.295009,-45.07065,-45.111803,-45.477072,-45.998884,-46.530575,-46.948253,-47.148852,-47.23419,-47.14649,-46.984099,-46.776555,-46.627328,-46.547891,-46.462505,-46.309572,-46.086498,-45.850913,-45.669391,-45.561892,-45.567548,-45.618928,-45.664814,-45.650519,-45.507736,-45.248857,-44.790457,-44.14654,-43.308121,-42.388564,-41.417447,-40.502326,-39.649742,-38.927735,-38.318695,-37.841927,-37.444658,-37.145376,-36.875389,-36.664732,-36.490959,-36.30201,-36.155516,-35.952633,-35.683013,-35.398811,-35.004885,-34.475943,-34.100501,-34.050112,-34.330957,-34.728069,NA,NA,NA,NA,NA,NA,NA,NA,NA,NA,NA,NA,NA,NA,NA,NA,NA,NA,NA,NA,NA,NA,NA,NA,NA,NA,NA,NA,NA,NA,NA,NA,NA,NA,NA,NA,NA,NA,NA,NA,NA,NA,NA,NA,NA,NA,NA,NA,NA,NA,NA,NA,NA,NA,NA,NA,NA,NA,NA,NA,NA,NA,NA,NA,NA,NA,NA,NA,NA,NA,NA,NA,NA,NA,NA,NA,NA,NA,NA,NA,NA,NA,NA,NA,NA,NA,NA,NA,NA,NA,NA,NA,NA,NA,NA,NA,NA,NA,NA,NA,NA,NA,NA,NA,NA,NA,NA,NA,NA,NA,NA,NA,NA,NA,NA,NA,NA,NA,NA,NA,NA,NA,NA,NA,NA,NA,NA,NA,NA,NA,NA,NA,NA,NA,NA,NA,NA,NA,NA,NA,NA,NA,NA,NA,NA,NA,NA,NA,NA,NA,NA,NA,NA,NA,NA,NA,NA,NA,NA,NA,NA,-46.650108,-46.88942,-47.117219,-47.290149,-47.391745,-47.724666,-48.053584,-48.039721,-48.10871,-48.270406,-48.479692,-48.996925,-49.526484,-50.203701,-51.169458,-52.415581,-54.082271,-56.043177,-58.061472,-59.896206,-60.938773,-60.720198,-59.488991,-58.125143,-57.166256,-56.732203,-56.733493,-56.959518,-57.338626,-57.837651,-58.777241,-59.417661,-58.082742,-55.864503,-54.060982,-52.752095,-51.549288,-50.460875,-49.731434,-49.624484,-50.069006,-51.018477,-51.70789,-51.816799,-51.772143,-51.860671,-52.159667,-52.145292,-51.741732,-51.342088,-51.118248,-51.056519,-51.005871,-50.566721,-49.604117,-48.313197,-46.973831,-46.142087,-45.762952,-45.618202,-45.704251,-45.840274,-46.144481,-47.029376,-48.353982,-50.098279,-51.612015,-51.700109,-50.749793,-49.599061,-48.457524,-47.582997,-47.123738,-47.128701,-47.524072,-48.117494,-48.728408,-49.544201,-50.646041,-52.093593,-54.000283,-56.341296,-58.423935,-59.319427,-58.667491,-56.952009,-56.182702,-57.589434,-59.59234,-57.459647,-53.758241,-51.031116,-49.379112,-48.180617,-47.607297,-47.463042,-46.936251,-46.557904,-46.303388,-45.868505,-45.45382,-44.578341,-43.463635,-42.073677,-40.452443,-39.845585,-39.513826,-40.260885,-41.170357,-41.454265,-41.720778,-41.331088,-40.676142,-40.209703,-39.696507,-39.715204,-39.842783,-40.215184,-40.575963,-40.732183,-40.893,-40.655644,-40.558582,-40.289828,-39.931966,-39.741318,-39.197662,-38.811481,-38.266819,-37.946085,-37.89301,-38.106262,-38.723271,-39.524512,-40.155899,-40.551979,-40.740727,-40.791804,-41.435972,-42.760894,-44.687115,-46.978841,-49.151794,-50.490068,-50.645011,-50.064443,-49.311967,-48.884711,-48.462213,-47.744269,-47.388144,-47.9299,-49.610878,-52.917025,-53.306059,-49.335087,-46.442505,-44.866868,-44.343578,-44.600591,-44.929236,-44.51557,-42.726329,-41.02793,-39.666958,-39.015294,-39.058583,-39.55304,-40.143691,-40.007353,-38.674626,-37.504595,-36.747098,-36.893338,-37.655331
"LT001",2022-07-21,2022-07-21 16:56:00,2022-07-27,"lakeTrout",81,454,410,930,249,48,"N","2",1,75,29,4,1,"2A","MD","Region_35","Region_35_2959",1.696966," 21:03:13.9010",0,-1.43543,0.630113,0,11.331021,0.77804,-0.53298,0.153856,-0.105394,0.00888,0.004452,11.329486,2959,2882,2977,52,-39.990401,11.257636,1.3846,0.046822,11.617,16.0847,0.020224,16.5,11.237789,11.420896,11.066902,0.046311,5.045244,5.396412,5.219304,5.065467,5.416635,5.239527,-41.096802,-40.705455,-40.381603,-39.926993,-39.925489,-39.890243,-40.017646,-40.093011,-40.090762,-40.088013,-40.03856,-40.130419,-40.248051,-40.488526,-40.742147,-40.958626,-41.167272,-41.359652,-41.536122,-41.753528,-41.935783,-42.087345,-42.193184,-42.212167,-42.182028,-42.10518,-41.950398,-41.783343,-41.548881,-41.282784,-41.021109,-40.695332,-40.362323,-40.019282,-39.67129,-39.399615,-39.157295,-38.974348,-38.830906,-38.690134,-38.574246,-38.52829,-38.513658,-38.565198,-38.674453,-38.766694,-38.954147,-39.187085,-39.550859,-39.992582,-40.452317,-40.869637,-41.300787,-41.875457,-42.699399,-43.847866,-45.316247,-46.899274,-48.109035,-48.209027,-47.135277,-45.43964,-43.575572,-41.891683,-40.500121,-39.454804,-38.661562,-38.09362,-37.664538,-37.401749,-37.252142,-37.234122,-37.283861,-37.382633,-37.457862,-37.532006,-37.539879,-37.532952,-37.489079,-37.355017,-37.201086,-36.948672,-36.642897,-36.39155,-36.1279,-35.781937,-35.605822,-35.668246,-35.93124,-36.259824,NA,NA,NA,NA,NA,NA,NA,NA,NA,NA,NA,NA,NA,NA,NA,NA,NA,NA,NA,NA,NA,NA,NA,NA,NA,NA,NA,NA,NA,NA,NA,NA,NA,NA,NA,NA,NA,NA,NA,NA,NA,NA,NA,NA,NA,NA,NA,NA,NA,NA,NA,NA,NA,NA,NA,NA,NA,NA,NA,NA,NA,NA,NA,NA,NA,NA,NA,NA,NA,NA,NA,NA,NA,NA,NA,NA,NA,NA,NA,NA,NA,NA,NA,NA,NA,NA,NA,NA,NA,NA,NA,NA,NA,NA,NA,NA,NA,NA,NA,NA,NA,NA,NA,NA,NA,NA,NA,NA,NA,NA,NA,NA,NA,NA,NA,NA,NA,NA,NA,NA,NA,NA,NA,NA,NA,NA,NA,NA,NA,NA,NA,NA,NA,NA,NA,NA,NA,NA,NA,NA,NA,NA,NA,NA,NA,NA,NA,NA,NA,NA,NA,NA,NA,NA,NA,NA,NA,NA,NA,NA,NA,-40.83958,-40.749504,-40.579631,-40.260268,-39.862649,-39.756354,-39.862769,-39.848244,-40.094844,-40.555648,-41.1017,-41.923685,-42.502166,-42.841501,-43.083505,-43.178324,-43.366217,-43.6643,-44.093479,-44.771231,-45.500352,-46.217772,-46.743581,-47.015601,-47.040751,-46.912466,-46.733248,-46.578504,-46.64565,-46.855159,-47.480106,-48.436036,-49.443746,-49.603364,-48.271145,-46.629099,-45.221146,-44.078457,-43.194368,-42.622655,-42.212008,-42.189376,-42.318183,-42.534235,-42.883154,-43.120934,-43.422482,-43.72235,-44.110843,-44.682598,-45.370734,-46.09661,-46.814901,-47.292203,-47.530978,-47.808491,-48.252992,-49.282089,-50.776194,-52.289716,-53.131237,-52.516189,-51.044324,-49.783605,-48.55113,-47.100646,-45.437022,-43.27428,-41.26434,-39.842559,-38.774998,-38.049042,-37.58474,-37.240333,-36.858439,-36.355279,-35.788208,-35.518433,-35.495174,-35.657615,-36.063562,-36.740145,-37.352619,-37.372339,-37.226183,-36.792057,-36.499586,-36.815225,-37.313808,-38.300067,-39.263671,-40.157695,-41.255153,-42.437867,-44.647236,-48.443795,-50.486383,-47.657522,-44.754639,-42.374102,-40.38153,-38.299794,-36.445888,-34.796173,-33.623208,-34.053258,-34.972317,-37.032807,-39.068304,-40.264663,-41.543171,-42.381055,-43.64058,-45.777479,-47.46154,-46.830793,-44.46545,-42.632898,-41.420344,-40.33163,-39.372907,-37.961282,-36.689322,-35.331137,-34.124925,-33.403878,-32.775715,-32.745276,-32.678237,-32.75965,-32.747506,-32.551895,-32.488106,-32.438932,-32.678297,-33.478948,-34.475801,-35.13983,-35.737007,-36.302299,-36.943216,-37.742424,-38.727245,-39.862333,-41.040984,-42.115334,-42.98125,-43.980793,-44.781889,-44.915442,-44.931708,-44.850869,-44.570517,-44.402994,-43.802267,-42.911683,-41.632287,-39.813322,-37.919149,-36.083758,-34.508689,-33.70352,-33.406741,-34.280611,-35.482789,-36.44276,-36.747525,-36.181514,-35.435543,-35.316066,-35.839178,-37.371118,-38.89427,-39.477464,-39.177517
"LT001",2022-07-21,2022-07-21 16:56:00,2022-07-27,"lakeTrout",81,454,410,930,249,48,"N","2",1,75,29,4,1,"2A","MD","Region_35","Region_35_2960",0.936543," 21:03:14.0230",0,-1.09211,0.901047,0,11.331021,-0.65739,0.097133,-0.130005,0.019208,0.013129,0.037076,11.330259,2960,2882,2977,52,-39.990401,11.257636,1.3846,0.046822,11.617,16.0847,0.020224,16.5,11.237789,11.420896,11.066902,0.046311,5.045244,5.396412,5.219304,5.065467,5.416635,5.239527,-41.641982,-41.22673,-40.736497,-40.123402,-40.071294,-40.110007,-40.368832,-40.558648,-40.619472,-40.633587,-40.593522,-40.73334,-40.963698,-41.377195,-41.841958,-42.282084,-42.71476,-43.128862,-43.531648,-43.993734,-44.447179,-44.898333,-45.321934,-45.656898,-45.918194,-46.086684,-46.121218,-46.097507,-45.989233,-45.859412,-45.742856,-45.537399,-45.264615,-44.911381,-44.497636,-44.132908,-43.796442,-43.532592,-43.328029,-43.146671,-43.013479,-42.982,-43.018136,-43.15304,-43.367635,-43.569953,-43.854712,-44.151437,-44.522938,-44.903075,-45.232658,-45.434799,-45.470061,-45.293627,-44.831802,-44.068853,-43.073633,-41.948091,-40.838345,-39.758415,-38.723088,-37.718117,-36.729149,-35.871547,-35.166358,-34.667974,-34.31956,-34.122273,-33.996339,-33.958249,-33.938592,-33.949199,-33.936801,-33.906991,-33.81635,-33.710905,-33.536223,-33.355107,-33.161091,-32.930036,-32.760877,-32.569536,-32.35816,-32.171695,-31.89737,-31.47204,-31.252898,-31.439399,-32.040872,-32.817284,NA,NA,NA,NA,NA,NA,NA,NA,NA,NA,NA,NA,NA,NA,NA,NA,NA,NA,NA,NA,NA,NA,NA,NA,NA,NA,NA,NA,NA,NA,NA,NA,NA,NA,NA,NA,NA,NA,NA,NA,NA,NA,NA,NA,NA,NA,NA,NA,NA,NA,NA,NA,NA,NA,NA,NA,NA,NA,NA,NA,NA,NA,NA,NA,NA,NA,NA,NA,NA,NA,NA,NA,NA,NA,NA,NA,NA,NA,NA,NA,NA,NA,NA,NA,NA,NA,NA,NA,NA,NA,NA,NA,NA,NA,NA,NA,NA,NA,NA,NA,NA,NA,NA,NA,NA,NA,NA,NA,NA,NA,NA,NA,NA,NA,NA,NA,NA,NA,NA,NA,NA,NA,NA,NA,NA,NA,NA,NA,NA,NA,NA,NA,NA,NA,NA,NA,NA,NA,NA,NA,NA,NA,NA,NA,NA,NA,NA,NA,NA,NA,NA,NA,NA,NA,NA,NA,NA,NA,NA,NA,NA,-41.256367,-40.99958,-40.807794,-40.665068,-40.547741,-40.628024,-40.720965,-40.464145,-40.29853,-40.294684,-40.470235,-41.21372,-42.11322,-43.039142,-43.773313,-43.994849,-44.01176,-44.015131,-44.153499,-44.632357,-45.312811,-46.176801,-47.011687,-47.647985,-47.973135,-48.074324,-48.135362,-48.303789,-48.802045,-49.444764,-50.12507,-49.847954,-48.234973,-46.378187,-44.804006,-43.760667,-42.988223,-42.316106,-41.771506,-41.503583,-41.442528,-41.887005,-42.627032,-43.579335,-44.772035,-45.872779,-46.894197,-47.564311,-47.981025,-48.458964,-49.147215,-50.115743,-51.542867,-53.699159,-57.800551,-70.294175,-61.679951,-54.872271,-51.72638,-49.746957,-48.348977,-47.161682,-46.069761,-45.315046,-44.614166,-43.960189,-43.523356,-42.860426,-42.396472,-42.427046,-42.689288,-43.276928,-44.301723,-45.820963,-47.709451,-49.434246,-50.039739,-49.343162,-47.754111,-45.791462,-43.881901,-42.315002,-41.001935,-39.538644,-38.384711,-37.271545,-36.368677,-35.940326,-35.529649,-35.534927,-35.526061,-35.482701,-35.557928,-35.390009,-35.503982,-36.082078,-36.763731,-37.741361,-38.773392,-39.779492,-41.137859,-42.820301,-45.513373,-49.263062,-51.77869,-50.995055,-49.820646,-49.357095,-48.026802,-45.702759,-43.809205,-41.728194,-40.10696,-39.236401,-38.647884,-38.814944,-38.895616,-38.905628,-38.756506,-38.485958,-38.590189,-38.554571,-38.798104,-38.870251,-38.840572,-38.896203,-38.598309,-38.553502,-38.322307,-38.360301,-38.563565,-38.831412,-39.354348,-39.711419,-39.874403,-39.97786,-39.945803,-39.847669,-40.368851,-41.599286,-43.438057,-45.54754,-47.253439,-47.996911,-48.103077,-48.194913,-48.521114,-49.468401,-50.739721,-51.984275,-53.805318,-55.128536,-53.40828,-50.661149,-48.72659,-48.345792,-49.606151,-52.051827,-50.801612,-45.37408,-41.20419,-38.844577,-37.622265,-38.01682,-38.880719,-39.11949,-38.178996,-36.399775,-34.689744,-33.657479,-33.164899,-33.664312,-34.527987,-35.206543,-35.187652
"LT001",2022-07-21,2022-07-21 16:56:00,2022-07-27,"lakeTrout",81,454,410,930,249,48,"N","2",1,75,29,4,1,"2A","MD","Region_36","Region_36_4063",4.755352," 21:05:30.8330",NA,NA,NA,NA,14.948051,0.018124,-1.7925,0.004726,-0.467564,0.034899,0.133381,14.940736,4063,4046,4097,34,-47.881438,14.990054,1.6097,0.339462,6.369,10.2521,0.020224,16.5,14.971206,15.131898,14.723136,0.351402,1.334568,1.720853,1.492031,1.354792,1.741077,1.512255,-50.387585,-49.619958,-48.53695,-47.164148,-46.315927,-45.60334,-45.25866,-45.030738,-44.821414,-44.654769,-44.432435,-44.335586,-44.282701,-44.420289,-44.668769,-45.012795,-45.496577,-46.134452,-46.946294,-47.967864,-49.0777,-50.17307,-51.115341,-51.777123,-52.16833,-52.336791,-52.324335,-52.254171,-52.088943,-51.82366,-51.449841,-50.927951,-50.404949,-49.970027,-49.679333,-49.617631,-49.709026,-49.950801,-50.260912,-50.507237,-50.582091,-50.456046,-50.198137,-50.009245,-49.967646,-50.04125,-50.368461,-50.943302,-51.838738,-52.650438,-52.574873,-51.501403,-50.140402,-48.855087,-47.656874,-46.520985,-45.469832,-44.535372,-43.806425,-43.264741,-42.838312,-42.338274,-41.546738,-40.538902,-39.491504,-38.615171,-37.917992,-37.421825,-37.042132,-36.79232,-36.607184,-36.497374,-36.4026,-36.317857,-36.190471,-36.061774,-35.91567,-35.852499,-35.941878,-36.22033,-36.805784,-37.622228,-38.63636,-39.841776,-41.032183,-41.998765,-42.761192,-43.326685,-43.782026,-44.191869,NA,NA,NA,NA,NA,NA,NA,NA,NA,NA,NA,NA,NA,NA,NA,NA,NA,NA,NA,NA,NA,NA,NA,NA,NA,NA,NA,NA,NA,NA,NA,NA,NA,NA,NA,NA,NA,NA,NA,NA,NA,NA,NA,NA,NA,NA,NA,NA,NA,NA,NA,NA,NA,NA,NA,NA,NA,NA,NA,NA,NA,NA,NA,NA,NA,NA,NA,NA,NA,NA,NA,NA,NA,NA,NA,NA,NA,NA,NA,NA,NA,NA,NA,NA,NA,NA,NA,NA,NA,NA,NA,NA,NA,NA,NA,NA,NA,NA,NA,NA,NA,NA,NA,NA,NA,NA,NA,NA,NA,NA,NA,NA,NA,NA,NA,NA,NA,NA,NA,NA,NA,NA,NA,NA,NA,NA,NA,NA,NA,NA,NA,NA,NA,NA,NA,NA,NA,NA,NA,NA,NA,NA,NA,NA,NA,NA,NA,NA,NA,NA,NA,NA,NA,NA,NA,NA,NA,NA,NA,NA,NA,-49.917954,-48.726877,-47.401547,-46.044858,-44.832233,-44.20104,-43.939375,-43.684871,-43.8333,-44.39508,-45.323767,-46.792785,-48.096044,-48.45582,-47.682032,-46.482257,-45.566505,-45.060752,-44.914919,-45.127578,-45.473796,-45.784629,-45.785723,-45.409864,-44.825174,-44.257687,-43.875977,-43.743699,-43.988597,-44.565129,-45.56356,-46.539028,-46.680943,-45.886427,-44.749908,-43.872495,-43.258056,-42.904454,-42.81994,-43.077113,-43.547331,-44.297771,-44.914455,-45.178153,-45.033859,-44.528514,-44.13916,-44.013905,-44.279932,-44.963458,-45.911928,-47.09911,-48.604824,-50.483135,-52.964022,-55.513712,-56.145761,-55.331305,-54.440114,-53.70912,-53.293052,-53.179579,-53.673336,-55.28403,-57.946669,-61.754297,-66.245906,-69.947369,-68.6063,-64.702395,-61.886569,-60.094699,-58.660868,-56.886818,-54.631925,-52.337161,-50.392843,-49.050304,-48.109838,-47.27588,-46.549251,-46.173198,-45.934124,-45.631774,-45.704247,-45.908263,-46.435855,-47.348997,-47.825421,-48.0701,-47.761168,-46.997171,-46.285017,-45.412543,-44.956426,-45.326653,-45.974472,-46.983146,-47.729497,-47.73124,-47.425014,-46.650048,-45.947069,-45.506053,-45.275174,-46.196168,-47.053722,-48.173572,-48.64694,-48.122607,-47.6598,-46.962252,-46.363183,-46.26088,-46.409994,-47.382024,-48.725645,-49.94704,-49.916058,-48.929657,-47.862913,-46.453155,-45.434262,-44.821557,-45.035658,-46.777526,-50.15976,-57.160992,-64.310381,-57.624301,-55.089298,-53.607602,-51.724704,-49.604154,-47.607273,-46.056101,-44.891736,-43.780416,-43.110574,-42.621684,-42.041581,-41.321199,-40.60557,-40.048402,-39.722844,-39.623351,-39.685585,-40.080681,-40.440063,-40.382961,-40.25394,-40.326544,-40.31884,-40.452215,-40.360733,-40.052371,-39.608274,-39.095857,-38.640692,-38.43433,-38.340574,-38.603378,-39.098252,-40.146794,-40.983598,-41.678507,-42.043995,-41.986708,-41.629111,-40.872984,-39.649727,-38.80804,-38.236376,-38.575002,-39.383603
"LT001",2022-07-21,2022-07-21 16:56:00,2022-07-27,"lakeTrout",81,454,410,930,249,48,"N","2",1,75,29,4,1,"2A","MD","Region_36","Region_36_4065",4.95667299999999," 21:05:31.0830",0,0.74512,-0.2038,0,14.936346,0.82038,-1.5763,0.213776,-0.410842,0.04197,0.174593,14.929164,4065,4046,4097,34,-47.881438,14.990054,1.6097,0.339462,6.369,10.2521,0.020224,16.5,14.971206,15.131898,14.723136,0.351402,1.334568,1.720853,1.492031,1.354792,1.741077,1.512255,-51.01655,-50.283866,-49.443396,-48.597172,-48.471257,-48.503778,-48.705086,-48.590173,-47.954608,-47.008927,-46.026101,-45.466897,-45.336832,-45.740305,-46.517622,-47.556263,-48.730244,-49.718831,-50.104219,-49.808194,-49.09598,-48.349198,-47.749566,-47.324546,-47.112814,-47.102666,-47.239652,-47.554757,-47.926742,-48.257575,-48.4285,-48.314192,-48.019235,-47.61356,-47.153385,-46.742772,-46.34512,-46.010218,-45.724368,-45.449742,-45.185612,-44.928346,-44.625696,-44.342157,-44.103984,-43.86546,-43.737963,-43.666538,-43.73617,-43.892243,-44.085594,-44.252985,-44.412887,-44.628454,-44.902946,-45.141219,-45.123717,-44.605662,-43.655236,-42.549494,-41.637156,-41.162296,-41.228467,-41.88899,-42.931739,-43.984896,-44.456852,-44.143957,-43.302924,-42.421756,-41.73405,-41.383366,-41.326897,-41.475677,-41.594713,-41.507553,-41.076724,-40.465049,-39.907811,-39.594045,-39.740555,-40.327531,-41.335212,-42.653192,-43.697921,-43.782803,-43.255521,-42.978543,-43.362246,-44.351604,NA,NA,NA,NA,NA,NA,NA,NA,NA,NA,NA,NA,NA,NA,NA,NA,NA,NA,NA,NA,NA,NA,NA,NA,NA,NA,NA,NA,NA,NA,NA,NA,NA,NA,NA,NA,NA,NA,NA,NA,NA,NA,NA,NA,NA,NA,NA,NA,NA,NA,NA,NA,NA,NA,NA,NA,NA,NA,NA,NA,NA,NA,NA,NA,NA,NA,NA,NA,NA,NA,NA,NA,NA,NA,NA,NA,NA,NA,NA,NA,NA,NA,NA,NA,NA,NA,NA,NA,NA,NA,NA,NA,NA,NA,NA,NA,NA,NA,NA,NA,NA,NA,NA,NA,NA,NA,NA,NA,NA,NA,NA,NA,NA,NA,NA,NA,NA,NA,NA,NA,NA,NA,NA,NA,NA,NA,NA,NA,NA,NA,NA,NA,NA,NA,NA,NA,NA,NA,NA,NA,NA,NA,NA,NA,NA,NA,NA,NA,NA,NA,NA,NA,NA,NA,NA,NA,NA,NA,NA,NA,NA,-49.136235,-49.616373,-50.204774,-50.990556,-52.051701,-53.734159,-55.764324,-57.917914,-61.161259,-66.488083,-63.525421,-56.553499,-52.073599,-49.242929,-47.579844,-46.615482,-46.059585,-45.487842,-44.63775,-43.637311,-42.621599,-41.838238,-41.350511,-41.158909,-41.218884,-41.442907,-41.739579,-41.999603,-42.220597,-42.284615,-42.32576,-42.300423,-42.231365,-42.231397,-42.213832,-42.344092,-42.538326,-42.733045,-42.81538,-42.713251,-42.330258,-42.033367,-41.845178,-41.971968,-42.549315,-43.420068,-44.405999,-44.712773,-44.071623,-43.070932,-42.126547,-41.417132,-41.047442,-41.00675,-41.568176,-42.978753,-45.083012,-47.852283,-50.972275,-54.031832,-55.323411,-53.480808,-51.298539,-50.507234,-51.172279,-53.469216,-56.281317,-55.125706,-51.341831,-48.211483,-45.855431,-44.194964,-43.144774,-42.593567,-42.372329,-42.277521,-42.174695,-42.220723,-42.376936,-42.565065,-42.898807,-43.59829,-44.362812,-44.865788,-45.477588,-46.128299,-47.560574,-50.666439,-54.476061,-54.486493,-51.883535,-49.97285,-48.896829,-47.854773,-47.043165,-46.790868,-46.631246,-46.795338,-46.990656,-46.995512,-47.236309,-47.328647,-47.536995,-48.11191,-49.60078,-53.06678,-53.218528,-51.018813,-49.866641,-49.24966,-49.391565,-49.131495,-48.025745,-46.106928,-43.505124,-41.345172,-39.600359,-38.619743,-38.278813,-38.345185,-38.673461,-38.481658,-38.13537,-37.402239,-36.551892,-36.080905,-35.623741,-35.669344,-35.732423,-35.900523,-36.034392,-36.090311,-36.284231,-36.68404,-37.253204,-38.062119,-38.748338,-38.69075,-38.214708,-37.430291,-36.562231,-35.807157,-35.265775,-34.947996,-34.800764,-34.757339,-34.799954,-35.265327,-35.89178,-36.277172,-36.679509,-37.256606,-37.831015,-38.850627,-40.164316,-41.909205,-44.102652,-45.688106,-44.264784,-41.473023,-39.29892,-38.28589,-38.141737,-38.971222,-39.62283,-39.50992,-38.319056,-36.458753,-34.651174,-33.35397,-32.608881,-32.831811,-33.236535,-33.77991,-34.078828
"LT001",2022-07-21,2022-07-21 16:56:00,2022-07-27,"lakeTrout",81,454,410,930,249,48,"N","2",1,75,29,4,1,"2A","MD","Region_36","Region_36_4075",1.816693," 21:05:32.3180",0.011705000000001,-1.32953,-0.17363,0.500164247863661,15.076813,0.88531,-0.31871,0.232947,-0.083855,0.003624,0.063261,15.07478,4075,4046,4097,34,-47.881438,14.990054,1.6097,0.339462,6.369,10.2521,0.020224,16.5,14.971206,15.131898,14.723136,0.351402,1.334568,1.720853,1.492031,1.354792,1.741077,1.512255,-49.22375,-48.060389,-47.342585,-46.63168,-46.431817,-46.312989,-46.583374,-47.101556,-47.857301,-48.888123,-50.022754,-51.189563,-51.932421,-52.18773,-52.015551,-51.625503,-51.176908,-50.670768,-50.089996,-49.522206,-48.971374,-48.516217,-48.168187,-47.873388,-47.657214,-47.539582,-47.525765,-47.67069,-47.779833,-47.656085,-47.195515,-46.386804,-45.441583,-44.487175,-43.596147,-42.86793,-42.251625,-41.773397,-41.428371,-41.22727,-41.261356,-41.605527,-42.151093,-42.805244,-43.466954,-44.028409,-44.59016,-45.060851,-45.422565,-45.519616,-45.375121,-45.191648,-45.182449,-45.446662,-45.999732,-46.852555,-47.998445,-49.360341,-50.823319,-52.08138,-52.792501,-52.577164,-51.353049,-49.670894,-47.951166,-46.384731,-44.949573,-43.669918,-42.486331,-41.439705,-40.496326,-39.710139,-39.064291,-38.585711,-38.233026,-38.040892,-37.936952,-37.944697,-37.984192,-37.911412,-37.706945,-37.267356,-36.689124,-36.155328,-35.666772,-35.221074,-35.144295,-35.545176,-36.33607,-37.250576,NA,NA,NA,NA,NA,NA,NA,NA,NA,NA,NA,NA,NA,NA,NA,NA,NA,NA,NA,NA,NA,NA,NA,NA,NA,NA,NA,NA,NA,NA,NA,NA,NA,NA,NA,NA,NA,NA,NA,NA,NA,NA,NA,NA,NA,NA,NA,NA,NA,NA,NA,NA,NA,NA,NA,NA,NA,NA,NA,NA,NA,NA,NA,NA,NA,NA,NA,NA,NA,NA,NA,NA,NA,NA,NA,NA,NA,NA,NA,NA,NA,NA,NA,NA,NA,NA,NA,NA,NA,NA,NA,NA,NA,NA,NA,NA,NA,NA,NA,NA,NA,NA,NA,NA,NA,NA,NA,NA,NA,NA,NA,NA,NA,NA,NA,NA,NA,NA,NA,NA,NA,NA,NA,NA,NA,NA,NA,NA,NA,NA,NA,NA,NA,NA,NA,NA,NA,NA,NA,NA,NA,NA,NA,NA,NA,NA,NA,NA,NA,NA,NA,NA,NA,NA,NA,NA,NA,NA,NA,NA,NA,-44.274047,-44.460643,-44.735964,-45.092174,-45.5186,-46.23298,-47.047361,-47.633115,-48.432572,-49.357259,-49.847076,-49.340043,-47.606683,-45.738282,-44.321779,-43.277715,-42.73429,-42.613672,-42.888283,-43.704216,-44.916119,-46.290671,-46.919299,-46.152709,-44.673226,-43.328558,-42.391131,-41.848981,-41.784612,-42.07649,-43.060789,-44.872549,-47.738715,-50.472262,-48.619472,-45.041719,-42.116676,-39.831939,-38.119241,-37.033995,-36.433938,-36.535026,-37.066306,-37.937607,-39.208378,-40.704535,-42.596393,-44.309312,-44.654357,-43.483674,-41.898036,-40.480553,-39.384297,-38.515948,-38.014388,-38.120643,-38.663165,-39.624154,-40.537094,-41.005411,-41.100072,-40.825508,-40.335328,-40.050481,-39.795035,-39.620054,-39.628006,-39.347265,-39.197373,-39.476312,-39.92003,-40.559416,-41.394083,-42.341523,-43.203156,-43.723097,-43.788407,-43.771016,-43.771266,-43.88138,-44.252538,-44.953261,-45.66267,-45.871083,-46.064044,-46.234314,-46.971237,-48.933048,-51.674835,-53.9577,-52.802428,-50.234829,-48.02175,-45.87692,-44.223231,-43.306377,-42.808685,-42.862347,-43.013208,-42.855463,-42.445906,-41.409243,-40.139693,-38.709882,-37.451431,-37.491508,-37.74643,-38.978621,-40.169512,-40.56727,-40.946424,-40.430295,-39.506823,-38.556006,-37.382465,-36.78784,-36.326854,-36.292465,-36.585772,-36.942346,-37.476214,-37.477247,-37.375734,-36.926524,-36.467908,-36.48268,-36.72708,-37.78566,-38.948098,-40.080716,-40.579331,-40.335463,-39.815432,-38.909055,-37.893103,-37.214182,-36.859711,-36.65208,-36.991749,-37.793644,-38.91214,-40.182109,-41.417401,-42.400537,-42.929114,-42.954002,-42.686054,-42.856797,-43.427324,-44.074836,-45.378428,-47.332595,-49.737145,-52.20566,-51.983333,-49.046901,-45.940104,-43.373318,-41.660383,-40.56985,-39.902411,-39.752041,-39.578569,-40.1853,-41.027661,-40.958263,-38.777571,-35.682648,-33.080018,-31.440323,-30.451388,-30.414275,-30.706168,-31.091919,-31.453267
"LT001",2022-07-21,2022-07-21 16:56:00,2022-07-27,"lakeTrout",81,454,410,930,249,48,"N","2",1,75,29,4,1,"2A","MD","Region_36","Region_36_4076",0.775628000000001," 21:05:32.4440",0.0117060000000002,-0.89478,-0.12297,0.74255312698428,15.088518,-0.44422,-0.49234,-0.116976,-0.129648,0.020771,0.096253,15.087508,4076,4046,4097,34,-47.881438,14.990054,1.6097,0.339462,6.369,10.2521,0.020224,16.5,14.971206,15.131898,14.723136,0.351402,1.334568,1.720853,1.492031,1.354792,1.741077,1.512255,-47.737828,-48.066987,-48.560915,-48.671186,-48.800306,-48.528047,-48.248941,-47.91474,-47.567056,-47.274928,-46.966096,-46.819791,-46.735444,-46.826137,-46.973877,-47.090518,-47.161544,-47.137549,-46.991421,-46.774121,-46.437486,-46.059682,-45.718299,-45.457163,-45.390107,-45.590331,-46.053522,-46.680393,-46.897533,-46.242936,-44.956309,-43.475498,-42.139263,-41.036637,-40.185151,-39.657851,-39.406994,-39.488227,-39.949666,-40.840801,-42.155828,-43.499344,-44.050871,-43.744919,-43.155364,-42.576792,-42.219479,-42.063185,-42.255441,-42.848045,-43.843932,-45.103219,-46.461781,-47.738147,-48.709464,-49.337997,-49.953385,-51.122781,-53.528143,-56.224754,-52.843028,-48.008986,-44.686822,-42.581544,-41.284864,-40.580172,-40.266119,-40.283458,-40.528618,-40.973432,-41.418667,-41.658728,-41.501426,-41.069485,-40.582651,-40.286971,-40.205489,-40.360452,-40.567786,-40.518885,-40.138693,-39.463881,-38.752109,-38.231488,-37.872926,-37.634316,-37.840123,-38.605848,-39.833662,-41.163929,NA,NA,NA,NA,NA,NA,NA,NA,NA,NA,NA,NA,NA,NA,NA,NA,NA,NA,NA,NA,NA,NA,NA,NA,NA,NA,NA,NA,NA,NA,NA,NA,NA,NA,NA,NA,NA,NA,NA,NA,NA,NA,NA,NA,NA,NA,NA,NA,NA,NA,NA,NA,NA,NA,NA,NA,NA,NA,NA,NA,NA,NA,NA,NA,NA,NA,NA,NA,NA,NA,NA,NA,NA,NA,NA,NA,NA,NA,NA,NA,NA,NA,NA,NA,NA,NA,NA,NA,NA,NA,NA,NA,NA,NA,NA,NA,NA,NA,NA,NA,NA,NA,NA,NA,NA,NA,NA,NA,NA,NA,NA,NA,NA,NA,NA,NA,NA,NA,NA,NA,NA,NA,NA,NA,NA,NA,NA,NA,NA,NA,NA,NA,NA,NA,NA,NA,NA,NA,NA,NA,NA,NA,NA,NA,NA,NA,NA,NA,NA,NA,NA,NA,NA,NA,NA,NA,NA,NA,NA,NA,NA,-42.472527,-41.858532,-41.249236,-40.727324,-40.305515,-40.14826,-40.076931,-39.74613,-39.621806,-39.774143,-40.109867,-40.719838,-40.813309,-40.367401,-39.868281,-39.531938,-39.666938,-40.096111,-40.467748,-40.622015,-40.463281,-40.305004,-40.206832,-40.0652,-39.651337,-38.932902,-38.092744,-37.32367,-36.876832,-36.60416,-36.629873,-36.570064,-36.16527,-35.612618,-35.023508,-34.773978,-34.762534,-34.874556,-35.086654,-35.448139,-35.802845,-36.422448,-37.113226,-37.780673,-38.393082,-38.593922,-38.618415,-38.612277,-38.877841,-39.582751,-40.626463,-41.793721,-42.762138,-42.975225,-42.444193,-41.812362,-41.315929,-41.162568,-41.02871,-40.619908,-40.018374,-39.176336,-38.173517,-37.399226,-36.696789,-36.104127,-35.754045,-35.161646,-34.751511,-34.845576,-35.174519,-35.751004,-36.501565,-37.190911,-37.457043,-37.105648,-36.350179,-35.796126,-35.512506,-35.478091,-35.748842,-36.323434,-36.873766,-36.842735,-36.671321,-36.206265,-35.791404,-35.77195,-35.64216,-35.761485,-35.727358,-35.572295,-35.476592,-35.103333,-35.081386,-35.737995,-36.752553,-38.167705,-39.507986,-40.472641,-41.10255,-40.825535,-39.812119,-38.164982,-36.553791,-36.411765,-36.724372,-38.163283,-39.465653,-39.73944,-39.878256,-39.183701,-38.322721,-37.617306,-36.672837,-36.169648,-35.643317,-35.4726,-35.625266,-35.840444,-36.212947,-36.014817,-35.706739,-35.029762,-34.28457,-33.842978,-33.343855,-33.35109,-33.279816,-33.417951,-33.546442,-33.538537,-33.69133,-33.8333,-34.218688,-35.072867,-35.942466,-36.315433,-36.532103,-36.62486,-36.676124,-36.798311,-37.104684,-37.670756,-38.469851,-39.275899,-39.662042,-39.719002,-39.312962,-38.331046,-37.569587,-37.135468,-37.06908,-37.717263,-38.17601,-38.10601,-37.322483,-35.919753,-34.476617,-33.020603,-31.721544,-31.103119,-30.914127,-31.865449,-32.979545,-33.677596,-33.925453,-33.59503,-32.866025,-32.055675,-31.068441,-30.562916,-30.288924,-30.385593,-30.932167
"LT001",2022-07-21,2022-07-21 16:56:00,2022-07-27,"lakeTrout",81,454,410,930,249,48,"N","2",1,75,29,4,1,"2A","MD","Region_36","Region_36_4077",4.325067," 21:05:32.5660",-0.0234110000000012,-0.3903,-0.3071,-2.69889198414194,15.100224,-1.339,-0.61531,-0.35283,-0.162116,0.041109,0.056987,15.095231,4077,4046,4097,34,-47.881438,14.990054,1.6097,0.339462,6.369,10.2521,0.020224,16.5,14.971206,15.131898,14.723136,0.351402,1.334568,1.720853,1.492031,1.354792,1.741077,1.512255,-46.438054,-46.088554,-45.916972,-45.508871,-45.398365,-45.142084,-45.032935,-44.903936,-44.731417,-44.590026,-44.428671,-44.44661,-44.549962,-44.841237,-45.187421,-45.504562,-45.769356,-45.922936,-45.901596,-45.698848,-45.245503,-44.644722,-44.032017,-43.494983,-43.159979,-43.098964,-43.309154,-43.751158,-44.037042,-43.85969,-43.305863,-42.627125,-42.094576,-41.738834,-41.506663,-41.402608,-41.339062,-41.355608,-41.459141,-41.624187,-41.818486,-41.979957,-42.04301,-42.140023,-42.38137,-42.779601,-43.503109,-44.537497,-45.90911,-47.214065,-47.808225,-47.586931,-47.092671,-46.641405,-46.160796,-45.499755,-44.672726,-43.855249,-43.301219,-43.1108,-43.316825,-43.812201,-44.30119,-44.443914,-43.945188,-42.996513,-41.935237,-41.089556,-40.562559,-40.46139,-40.730683,-41.251954,-41.609906,-41.370197,-40.455105,-39.315175,-38.284714,-37.612438,-37.363396,-37.480735,-37.896689,-38.245072,-38.213662,-37.743827,-36.921044,-36.002013,-35.507309,-35.689191,-36.524372,-37.761316,NA,NA,NA,NA,NA,NA,NA,NA,NA,NA,NA,NA,NA,NA,NA,NA,NA,NA,NA,NA,NA,NA,NA,NA,NA,NA,NA,NA,NA,NA,NA,NA,NA,NA,NA,NA,NA,NA,NA,NA,NA,NA,NA,NA,NA,NA,NA,NA,NA,NA,NA,NA,NA,NA,NA,NA,NA,NA,NA,NA,NA,NA,NA,NA,NA,NA,NA,NA,NA,NA,NA,NA,NA,NA,NA,NA,NA,NA,NA,NA,NA,NA,NA,NA,NA,NA,NA,NA,NA,NA,NA,NA,NA,NA,NA,NA,NA,NA,NA,NA,NA,NA,NA,NA,NA,NA,NA,NA,NA,NA,NA,NA,NA,NA,NA,NA,NA,NA,NA,NA,NA,NA,NA,NA,NA,NA,NA,NA,NA,NA,NA,NA,NA,NA,NA,NA,NA,NA,NA,NA,NA,NA,NA,NA,NA,NA,NA,NA,NA,NA,NA,NA,NA,NA,NA,NA,NA,NA,NA,NA,NA,-42.033458,-41.746873,-41.112389,-40.334947,-39.680844,-39.617176,-39.868789,-39.967569,-40.164342,-40.301018,-40.325875,-40.596752,-40.891942,-41.268697,-41.593321,-41.691686,-41.846979,-42.246768,-42.920618,-43.65484,-43.622826,-42.566081,-41.110823,-39.877845,-39.082944,-38.705115,-38.603862,-38.55579,-38.395223,-37.876308,-37.227349,-36.60486,-36.237495,-36.272649,-36.429251,-36.670126,-36.797329,-36.779833,-36.726744,-36.754428,-36.749912,-36.907162,-37.010433,-37.142588,-37.461394,-37.932962,-38.810233,-39.946465,-40.948158,-41.281971,-40.769876,-39.809869,-38.816401,-37.839633,-37.110033,-36.883099,-37.051044,-37.665032,-38.335433,-38.676779,-38.680644,-38.246032,-37.551752,-37.084626,-36.722847,-36.627167,-36.797695,-36.752618,-36.867184,-37.39195,-38.067859,-38.82751,-39.46084,-39.656336,-39.289273,-38.589689,-37.893773,-37.586241,-37.547685,-37.602976,-37.764791,-38.137648,-38.426319,-38.272789,-38.112729,-37.811718,-37.729663,-38.251003,-38.918676,-40.002126,-40.980445,-41.62489,-42.06504,-41.936522,-41.743813,-41.974968,-42.429596,-43.368654,-44.331454,-44.724817,-44.54432,-43.372717,-41.67319,-39.704844,-37.787308,-37.112275,-36.773342,-37.465143,-38.160496,-38.096864,-38.018038,-37.324398,-36.551758,-36.081652,-35.567148,-35.581414,-35.680889,-36.147417,-36.909843,-37.768432,-38.786366,-39.183006,-39.217478,-38.587574,-37.61889,-36.912941,-36.327968,-36.540387,-37.166872,-38.397666,-39.854648,-41.029494,-41.568861,-41.068981,-39.943537,-38.915114,-38.213047,-37.703307,-37.749976,-38.255375,-39.039566,-39.894453,-40.678747,-41.404171,-42.179714,-43.012606,-43.648242,-44.106054,-44.068123,-43.415835,-42.789359,-42.267901,-41.608649,-41.047881,-40.172614,-39.139867,-38.028473,-36.794694,-35.730334,-34.868944,-34.096992,-33.639481,-33.04182,-32.684552,-32.084266,-31.336287,-30.650138,-29.998192,-29.382584,-28.997447,-28.608546,-28.607279,-28.620805,-28.734935,-28.902792
"LT001",2022-07-21,2022-07-21 16:56:00,2022-07-27,"lakeTrout",81,454,410,930,249,48,"N","2",1,75,29,4,1,"2A","MD","Region_36","Region_36_4095",3.136705," 21:05:34.8170",NA,NA,NA,NA,15.135341,-1.1943,-0.2593,-0.315463,-0.068483,0.033701,0.097073,15.131898,4095,4046,4097,34,-47.881438,14.990054,1.6097,0.339462,6.369,10.2521,0.020224,16.5,14.971206,15.131898,14.723136,0.351402,1.334568,1.720853,1.492031,1.354792,1.741077,1.512255,-51.177673,-52.992552,-55.112164,-56.724444,-57.181144,-56.1776,-55.172034,-54.41077,-53.85074,-53.4635,-53.098251,-52.906384,-52.848113,-53.155402,-53.849581,-55.03816,-57.040104,-60.543637,-67.286795,-66.408342,-59.522478,-55.813076,-53.573255,-52.001778,-50.700738,-49.431746,-48.131828,-47.000071,-46.133746,-45.617945,-45.40488,-45.274065,-45.151346,-44.985719,-44.818705,-44.795705,-44.92955,-45.307492,-45.968329,-46.915743,-48.09416,-49.247868,-49.984131,-50.281408,-50.317189,-50.166923,-49.972581,-49.65139,-49.291757,-48.98719,-48.920705,-49.041471,-48.973071,-48.330979,-47.120798,-45.663814,-44.270077,-43.124477,-42.397418,-42.138212,-42.341143,-42.703108,-42.502716,-41.464616,-40.140108,-39.144852,-38.618843,-38.594074,-38.970312,-39.703329,-40.582677,-41.380558,-41.850352,-42.07436,-42.299787,-42.864032,-43.938006,-45.736837,-48.240155,-50.763092,-52.053066,-52.360331,-53.334968,-56.480632,-64.893269,-57.566654,-50.763165,-47.723946,-46.629043,-46.298702,NA,NA,NA,NA,NA,NA,NA,NA,NA,NA,NA,NA,NA,NA,NA,NA,NA,NA,NA,NA,NA,NA,NA,NA,NA,NA,NA,NA,NA,NA,NA,NA,NA,NA,NA,NA,NA,NA,NA,NA,NA,NA,NA,NA,NA,NA,NA,NA,NA,NA,NA,NA,NA,NA,NA,NA,NA,NA,NA,NA,NA,NA,NA,NA,NA,NA,NA,NA,NA,NA,NA,NA,NA,NA,NA,NA,NA,NA,NA,NA,NA,NA,NA,NA,NA,NA,NA,NA,NA,NA,NA,NA,NA,NA,NA,NA,NA,NA,NA,NA,NA,NA,NA,NA,NA,NA,NA,NA,NA,NA,NA,NA,NA,NA,NA,NA,NA,NA,NA,NA,NA,NA,NA,NA,NA,NA,NA,NA,NA,NA,NA,NA,NA,NA,NA,NA,NA,NA,NA,NA,NA,NA,NA,NA,NA,NA,NA,NA,NA,NA,NA,NA,NA,NA,NA,NA,NA,NA,NA,NA,NA,-44.763181,-44.878205,-45.094558,-45.454625,-46.021982,-47.126824,-48.555579,-49.939482,-51.602668,-53.172882,-53.818482,-53.512445,-52.787361,-52.49702,-52.859664,-53.574996,-54.295711,-54.111848,-52.568887,-50.453018,-48.391973,-46.754592,-45.591901,-44.920811,-44.749673,-45.094008,-45.941554,-47.190985,-48.533449,-48.778871,-47.481701,-45.651775,-44.338571,-43.944747,-44.226769,-45.171509,-46.54507,-48.27559,-50.540372,-53.78792,-58.705324,-63.512257,-58.152677,-53.672135,-50.939888,-49.122282,-48.122807,-47.716932,-47.785307,-48.200191,-48.654567,-48.851871,-48.635105,-47.874767,-46.921915,-46.290359,-46.042489,-46.308219,-46.71251,-46.852296,-46.711523,-46.250504,-45.744214,-45.794154,-46.323947,-47.353589,-48.595203,-48.93247,-48.251623,-47.091679,-45.839254,-44.922165,-44.505228,-44.589132,-45.04724,-45.641988,-46.08059,-46.336586,-46.216397,-45.778529,-45.326382,-45.153687,-45.104681,-44.812007,-44.682111,-44.447077,-44.251046,-44.253373,-43.914897,-43.685656,-43.336062,-42.937262,-42.794064,-42.695132,-43.262159,-44.808872,-46.478619,-47.217186,-46.388692,-44.80974,-43.445896,-42.228362,-41.543104,-41.352173,-41.747475,-43.573221,-45.320264,-47.100745,-47.892518,-47.675923,-47.836895,-47.799984,-47.681023,-46.992098,-45.246056,-43.735513,-42.34976,-41.368749,-40.72232,-40.397403,-40.835748,-41.578747,-43.086491,-45.014399,-47.400354,-49.998842,-51.103499,-50.876777,-50.041596,-49.645824,-49.756338,-50.311364,-51.301664,-51.970534,-52.078429,-52.188574,-52.413851,-52.160721,-51.469266,-50.404936,-49.177655,-48.049404,-47.254818,-46.879787,-46.822159,-46.856589,-46.867294,-47.401682,-48.423341,-49.718307,-52.033299,-56.038112,-63.968164,-63.986455,-56.739134,-53.372052,-51.014857,-48.186772,-45.097891,-42.251356,-39.956314,-38.696909,-38.196884,-39.057204,-40.641641,-42.616886,-44.639191,-46.1016,-47.194838,-48.471656,-48.346344,-46.144108,-43.658096,-42.043904,-41.369047
"LT001",2022-07-21,2022-07-21 16:56:00,2022-07-27,"lakeTrout",81,454,410,930,249,48,"N","2",1,75,29,4,1,"2A","MD","Region_37","Region_37_4105",4.212863," 21:05:36.0690",-0.0351169999999996,-0.8331,1.3925,-1.23975994091819,15.158752,-1.2655,-0.77235,-0.334758,-0.204286,0.01183,0.025171,15.153678,4105,4105,4214,81,-46.13063,15.20832,1.9896,0.070234,13.636,27.1298,0.020224,16.5,15.192366,15.368508,15.023409,0.041183,1.100456,1.428213,1.266889,1.12068,1.448437,1.287112,-50.191682,-49.974953,-50.131991,-50.251101,-50.809236,-51.094617,-50.951683,-50.061396,-48.751625,-47.516292,-46.539185,-46.105073,-46.114883,-46.612638,-47.376367,-48.21476,-48.99372,-49.586961,-49.975824,-50.306753,-50.647613,-51.105501,-51.708379,-52.407765,-53.189667,-53.949268,-54.466411,-54.601036,-54.21645,-53.401338,-52.282832,-50.925646,-49.554249,-48.307644,-47.270199,-46.533147,-46.022536,-45.740325,-45.648952,-45.722862,-46.002668,-46.508842,-47.130018,-47.82758,-48.559387,-49.255035,-50.027307,-50.808433,-51.640733,-52.385801,-52.777633,-52.457857,-51.474649,-50.187802,-48.841016,-47.565177,-46.439195,-45.4658,-44.625619,-43.7671,-42.815579,-41.838635,-40.996119,-40.498635,-40.353472,-40.539321,-40.900482,-41.349818,-41.74033,-42.074805,-42.33699,-42.617867,-42.914231,-43.231551,-43.493338,-43.7387,-43.99213,-44.453945,-45.299023,-46.634069,-48.468273,-50.024134,-50.037866,-48.789922,-47.536974,-46.945546,-47.55931,-49.564872,-52.400477,-53.614693,NA,NA,NA,NA,NA,NA,NA,NA,NA,NA,NA,NA,NA,NA,NA,NA,NA,NA,NA,NA,NA,NA,NA,NA,NA,NA,NA,NA,NA,NA,NA,NA,NA,NA,NA,NA,NA,NA,NA,NA,NA,NA,NA,NA,NA,NA,NA,NA,NA,NA,NA,NA,NA,NA,NA,NA,NA,NA,NA,NA,NA,NA,NA,NA,NA,NA,NA,NA,NA,NA,NA,NA,NA,NA,NA,NA,NA,NA,NA,NA,NA,NA,NA,NA,NA,NA,NA,NA,NA,NA,NA,NA,NA,NA,NA,NA,NA,NA,NA,NA,NA,NA,NA,NA,NA,NA,NA,NA,NA,NA,NA,NA,NA,NA,NA,NA,NA,NA,NA,NA,NA,NA,NA,NA,NA,NA,NA,NA,NA,NA,NA,NA,NA,NA,NA,NA,NA,NA,NA,NA,NA,NA,NA,NA,NA,NA,NA,NA,NA,NA,NA,NA,NA,NA,NA,NA,NA,NA,NA,NA,NA,-48.110617,-47.41483,-46.937458,-46.707291,-46.739706,-47.315437,-48.093401,-48.654034,-49.425209,-50.538496,-52.315067,-55.773276,-63.002601,-68.295513,-57.606532,-53.209906,-50.748512,-49.226449,-48.263,-47.813234,-47.725469,-48.018592,-48.608527,-49.382793,-50.176088,-50.782013,-51.062355,-51.05106,-51.025657,-51.158866,-51.95007,-53.750132,-56.761629,-57.957339,-54.290977,-50.833652,-48.375942,-46.621729,-45.458764,-44.902521,-44.815714,-45.366749,-46.238786,-47.311514,-48.481224,-49.393009,-49.90682,-49.69747,-48.986921,-48.324193,-47.963344,-48.017275,-48.616542,-49.671056,-50.923844,-51.153429,-49.787118,-48.526806,-47.939667,-47.852622,-48.212446,-48.646603,-48.771283,-48.523784,-47.848314,-47.334695,-47.228835,-47.086864,-47.250661,-47.968341,-49.060956,-50.687542,-53.088439,-56.58326,-61.07942,-61.905634,-57.910243,-54.489128,-51.819484,-49.588674,-47.842335,-46.748102,-46.024267,-45.269632,-44.833196,-44.464521,-44.409775,-44.972892,-45.696432,-46.952965,-48.361967,-49.774727,-51.060926,-50.854733,-49.068152,-47.238135,-45.997888,-45.776294,-46.133979,-46.605256,-47.368521,-47.957505,-48.326057,-47.959665,-46.800016,-46.295076,-45.868466,-46.369628,-46.839321,-46.557296,-46.296274,-45.477187,-44.658403,-44.305,-44.204071,-45.084917,-46.691992,-49.545149,-53.875962,-58.897164,-58.705301,-54.643179,-51.430206,-48.88308,-46.99465,-45.94927,-45.091833,-44.518739,-43.516688,-42.560144,-41.937735,-41.86605,-42.656178,-44.083631,-45.548996,-46.126699,-46.313196,-47.357266,-50.388195,-53.307152,-50.505338,-47.523415,-45.988963,-45.388445,-45.285968,-45.486228,-46.082371,-47.684964,-50.173274,-52.891475,-54.146896,-52.096225,-48.976635,-46.042697,-43.035606,-40.473544,-38.657594,-37.54986,-37.370927,-38.086017,-39.336877,-40.575453,-40.725107,-41.042374,-41.870557,-43.181363,-44.786622,-46.977411,-50.895469,-53.577485,-48.917907,-46.895486,-48.165041,-54.606693,-54.413901
"LT001",2022-07-21,2022-07-21 16:56:00,2022-07-27,"lakeTrout",81,454,410,930,249,48,"N","2",1,75,29,4,1,"2A","MD","Region_37","Region_37_4128",3.662466," 21:05:38.9670",NA,NA,NA,NA,15.135341,0.6728,1.3696,0.177674,0.361735,0.031332,0.030335,15.129974,4128,4105,4214,81,-46.13063,15.20832,1.9896,0.070234,13.636,27.1298,0.020224,16.5,15.192366,15.368508,15.023409,0.041183,1.100456,1.428213,1.266889,1.12068,1.448437,1.287112,-49.975207,-49.243613,-48.71569,-48.084663,-47.911949,-47.731366,-47.816434,-48.005058,-48.270457,-48.654725,-49.03586,-49.534222,-50.012326,-50.596419,-51.21484,-51.839102,-52.469948,-53.057666,-53.589297,-54.148926,-54.718444,-55.321102,-55.908557,-56.335523,-56.426078,-55.936904,-54.787342,-53.306495,-51.815006,-50.588619,-49.707936,-49.050478,-48.606784,-48.297321,-48.019023,-47.732707,-47.297164,-46.685045,-45.82419,-44.674674,-43.385837,-42.234371,-41.364346,-40.834977,-40.561631,-40.396469,-40.408964,-40.563401,-41.029595,-41.888983,-43.152516,-44.513154,-45.416006,-45.504857,-44.931596,-44.071419,-43.19407,-42.418391,-41.858567,-41.553627,-41.614804,-42.17398,-43.304352,-45.043133,-47.114619,-48.937809,-49.601514,-49.000623,-47.829383,-46.764756,-46.041058,-45.722897,-45.563315,-45.148891,-44.108906,-42.603589,-40.927588,-39.371037,-38.042042,-36.960293,-36.221757,-35.725971,-35.429872,-35.333029,-35.275415,-35.137125,-35.068173,-35.051859,-34.998193,-34.816462,NA,NA,NA,NA,NA,NA,NA,NA,NA,NA,NA,NA,NA,NA,NA,NA,NA,NA,NA,NA,NA,NA,NA,NA,NA,NA,NA,NA,NA,NA,NA,NA,NA,NA,NA,NA,NA,NA,NA,NA,NA,NA,NA,NA,NA,NA,NA,NA,NA,NA,NA,NA,NA,NA,NA,NA,NA,NA,NA,NA,NA,NA,NA,NA,NA,NA,NA,NA,NA,NA,NA,NA,NA,NA,NA,NA,NA,NA,NA,NA,NA,NA,NA,NA,NA,NA,NA,NA,NA,NA,NA,NA,NA,NA,NA,NA,NA,NA,NA,NA,NA,NA,NA,NA,NA,NA,NA,NA,NA,NA,NA,NA,NA,NA,NA,NA,NA,NA,NA,NA,NA,NA,NA,NA,NA,NA,NA,NA,NA,NA,NA,NA,NA,NA,NA,NA,NA,NA,NA,NA,NA,NA,NA,NA,NA,NA,NA,NA,NA,NA,NA,NA,NA,NA,NA,NA,NA,NA,NA,NA,NA,-55.319704,-53.789949,-52.254176,-50.836809,-49.637956,-48.937299,-48.401274,-47.560934,-46.789515,-46.15953,-45.77392,-46.088604,-46.919427,-48.350728,-50.329038,-52.694233,-55.690835,-59.461467,-63.961661,-66.594242,-63.106375,-59.17395,-56.272636,-54.067191,-52.227849,-50.557707,-48.971597,-47.440352,-46.096977,-44.900824,-44.069033,-43.534871,-43.271913,-43.317271,-43.427013,-43.631243,-43.738536,-43.676675,-43.440323,-43.083462,-42.505587,-41.987871,-41.456324,-41.062961,-40.968498,-41.037521,-41.351141,-41.621943,-41.684254,-41.523578,-41.133929,-40.617762,-40.101678,-39.552773,-39.151685,-39.103085,-39.326977,-40.060664,-41.247041,-42.919625,-45.497816,-49.421535,-54.479192,-52.810267,-48.836042,-46.581382,-45.55241,-45.090577,-45.501711,-46.981091,-49.170896,-51.81131,-54.340891,-55.979974,-56.268191,-55.348029,-53.821061,-52.653441,-52.225872,-52.531379,-53.492275,-55.041517,-57.187759,-61.31625,-70.529364,-57.889571,-52.136771,-49.646344,-48.413007,-47.870123,-47.056983,-45.953237,-45.209201,-44.875111,-45.753835,-48.116257,-50.389092,-51.427532,-51.366763,-50.278198,-48.68293,-46.781212,-45.074538,-43.129046,-40.602745,-39.014113,-37.975698,-38.376061,-39.196127,-39.480773,-39.647463,-38.931217,-37.927218,-37.313734,-36.947505,-37.411378,-38.174685,-39.189512,-39.896345,-39.908554,-39.607899,-38.841855,-38.338073,-37.899325,-37.658236,-37.774184,-37.518271,-37.276717,-36.798227,-36.591212,-36.710229,-37.15946,-38.135184,-39.298024,-39.694176,-38.84797,-37.647878,-36.764619,-36.984188,-38.427775,-41.015254,-43.380679,-42.713527,-41.040407,-40.602266,-41.903962,-45.236398,-48.812708,-46.092444,-42.910749,-41.463594,-41.542617,-42.716026,-44.414411,-44.011378,-42.34176,-41.436927,-41.474823,-42.20892,-43.154222,-44.103933,-45.395331,-44.831942,-41.771806,-38.538272,-36.231672,-34.898934,-34.40076,-34.766228,-35.705787,-35.910262,-35.03396,-33.458588,-32.262644,-31.590361
"LT001",2022-07-21,2022-07-21 16:56:00,2022-07-27,"lakeTrout",81,454,410,930,249,48,"N","2",1,75,29,4,1,"2A","MD","Region_37","Region_37_4130",4.566169," 21:05:39.2210",0.0351160000000004,-0.4522,-0.909949,1.97929949188636,15.170458,1.4608,0.083209,0.386736,0.022025,0.051958,0.034621,15.165511,4130,4105,4214,81,-46.13063,15.20832,1.9896,0.070234,13.636,27.1298,0.020224,16.5,15.192366,15.368508,15.023409,0.041183,1.100456,1.428213,1.266889,1.12068,1.448437,1.287112,-46.999804,-47.627462,-48.112182,-48.226333,-48.673352,-49.018916,-49.440587,-49.673577,-49.705064,-49.721562,-49.809756,-50.236834,-50.85616,-51.625961,-52.274942,-52.675729,-52.869844,-52.917317,-52.863679,-52.764338,-52.535569,-52.191934,-51.746582,-51.165221,-50.465338,-49.639814,-48.695424,-47.802502,-47.047801,-46.596374,-46.547487,-46.846347,-47.542572,-48.601658,-49.912466,-51.132046,-51.342354,-50.186185,-48.442155,-46.900101,-45.987958,-45.93214,-46.731146,-48.334128,-50.527664,-52.614079,-53.138651,-51.562736,-49.643689,-48.434732,-48.326878,-49.418997,-51.544926,-53.407122,-52.050257,-48.797633,-45.876689,-43.598388,-41.96067,-40.927092,-40.567535,-40.974128,-42.20687,-44.327253,-46.747494,-47.242468,-45.146139,-42.876997,-41.229734,-40.272541,-39.902501,-40.116669,-40.85801,-42.114805,-43.725401,-45.34159,-46.181109,-46.005856,-45.493859,-45.331264,-45.966936,-47.539298,-49.93775,-50.818261,-47.905458,-44.70015,-42.708527,-41.877971,-41.849087,-42.120855,NA,NA,NA,NA,NA,NA,NA,NA,NA,NA,NA,NA,NA,NA,NA,NA,NA,NA,NA,NA,NA,NA,NA,NA,NA,NA,NA,NA,NA,NA,NA,NA,NA,NA,NA,NA,NA,NA,NA,NA,NA,NA,NA,NA,NA,NA,NA,NA,NA,NA,NA,NA,NA,NA,NA,NA,NA,NA,NA,NA,NA,NA,NA,NA,NA,NA,NA,NA,NA,NA,NA,NA,NA,NA,NA,NA,NA,NA,NA,NA,NA,NA,NA,NA,NA,NA,NA,NA,NA,NA,NA,NA,NA,NA,NA,NA,NA,NA,NA,NA,NA,NA,NA,NA,NA,NA,NA,NA,NA,NA,NA,NA,NA,NA,NA,NA,NA,NA,NA,NA,NA,NA,NA,NA,NA,NA,NA,NA,NA,NA,NA,NA,NA,NA,NA,NA,NA,NA,NA,NA,NA,NA,NA,NA,NA,NA,NA,NA,NA,NA,NA,NA,NA,NA,NA,NA,NA,NA,NA,NA,NA,-39.301133,-39.254346,-39.498849,-39.996943,-40.622419,-41.500313,-42.152809,-42.172233,-42.083299,-41.994513,-41.900506,-41.908301,-41.516404,-40.848862,-40.166537,-39.615479,-39.410153,-39.398845,-39.3164,-39.098506,-38.686643,-38.30855,-38.130642,-38.264266,-38.73885,-39.443841,-40.102212,-40.336752,-39.984192,-39.054698,-38.042481,-37.197624,-36.708989,-36.639775,-36.648981,-36.696892,-36.625063,-36.435064,-36.261055,-36.232076,-36.248962,-36.491701,-36.656036,-36.693611,-36.639606,-36.384931,-36.154374,-35.930452,-35.757361,-35.708389,-35.705984,-35.737638,-35.924672,-36.211593,-36.686125,-37.216606,-37.250282,-36.915189,-36.390467,-35.836539,-35.581571,-35.657914,-36.20393,-37.488094,-38.870111,-39.709182,-39.512201,-38.214669,-36.920327,-36.282639,-36.174246,-36.568323,-37.299046,-38.060916,-38.510108,-38.435892,-37.904798,-37.435,-37.186804,-37.144923,-37.302918,-37.649628,-37.830359,-37.564753,-37.406583,-37.244311,-37.294402,-37.695011,-37.76303,-37.669761,-37.017227,-35.849206,-34.604315,-33.182348,-32.189823,-31.98017,-31.980924,-32.104349,-31.935298,-31.286499,-30.645318,-29.863402,-29.289788,-28.847885,-28.435716,-28.811534,-28.928566,-29.72475,-30.521619,-30.783236,-31.284678,-31.289419,-31.143707,-31.073478,-30.708787,-30.720327,-30.778275,-31.239685,-32.008106,-32.720534,-33.285622,-32.959473,-32.199644,-30.88661,-29.429365,-28.408646,-27.560267,-27.337188,-27.146085,-27.167168,-27.348059,-27.808219,-28.860187,-30.306899,-31.942364,-33.201342,-33.33518,-32.333171,-31.282705,-30.691367,-30.668859,-31.076015,-31.632917,-31.98425,-31.843167,-31.194269,-30.307977,-29.894185,-29.813161,-29.650943,-29.729438,-29.878989,-29.678025,-29.301896,-28.50606,-27.750411,-27.317735,-27.174684,-27.511647,-28.2104,-29.161742,-30.82999,-32.428426,-32.471115,-31.11796,-30.554532,-31.3825,-32.907583,-33.367577,-32.534774,-31.419844,-30.88187,-30.951803,-32.263332,-35.296337
"LT001",2022-07-21,2022-07-21 16:56:00,2022-07-27,"lakeTrout",81,454,410,930,249,48,"N","2",1,75,29,4,1,"2A","MD","Region_37","Region_37_4131",3.118547," 21:05:39.3440",0.0702339999999992,-1.1698,-1.16626,2.43466401835489,15.205574,1.0086,-0.82674,0.267639,-0.219364,0.00673,0.038428,15.201636,4131,4105,4214,81,-46.13063,15.20832,1.9896,0.070234,13.636,27.1298,0.020224,16.5,15.192366,15.368508,15.023409,0.041183,1.100456,1.428213,1.266889,1.12068,1.448437,1.287112,-51.292728,-53.068299,-53.75847,-52.653448,-51.316738,-50.194922,-49.734262,-49.67947,-49.971157,-50.732804,-51.945843,-53.6393,-55.202116,-56.148251,-56.31428,-56.045615,-55.682362,-55.292562,-54.787851,-54.179761,-53.566462,-53.211539,-53.248028,-53.612805,-54.14489,-54.466953,-54.181288,-53.460019,-52.757709,-52.491428,-52.801953,-53.599304,-54.900481,-56.659345,-58.865223,-61.704514,-65.011674,-64.926657,-60.172789,-55.836672,-52.606896,-50.384187,-48.988016,-48.241746,-47.874983,-47.573443,-47.25434,-46.740186,-46.100527,-45.424691,-44.904797,-44.624689,-44.521131,-44.446389,-44.247962,-43.849153,-43.255801,-42.529873,-41.8492,-41.354612,-41.233207,-41.600395,-42.382807,-43.328682,-43.868803,-43.711131,-43.0735,-42.467456,-42.157479,-42.341237,-43.04492,-44.298561,-45.919622,-47.465598,-48.132308,-47.769238,-47.07026,-46.82258,-47.448921,-49.240044,-52.409072,-54.401179,-51.282136,-47.809461,-45.31409,-43.446233,-42.127368,-41.142819,-40.254696,-39.303442,NA,NA,NA,NA,NA,NA,NA,NA,NA,NA,NA,NA,NA,NA,NA,NA,NA,NA,NA,NA,NA,NA,NA,NA,NA,NA,NA,NA,NA,NA,NA,NA,NA,NA,NA,NA,NA,NA,NA,NA,NA,NA,NA,NA,NA,NA,NA,NA,NA,NA,NA,NA,NA,NA,NA,NA,NA,NA,NA,NA,NA,NA,NA,NA,NA,NA,NA,NA,NA,NA,NA,NA,NA,NA,NA,NA,NA,NA,NA,NA,NA,NA,NA,NA,NA,NA,NA,NA,NA,NA,NA,NA,NA,NA,NA,NA,NA,NA,NA,NA,NA,NA,NA,NA,NA,NA,NA,NA,NA,NA,NA,NA,NA,NA,NA,NA,NA,NA,NA,NA,NA,NA,NA,NA,NA,NA,NA,NA,NA,NA,NA,NA,NA,NA,NA,NA,NA,NA,NA,NA,NA,NA,NA,NA,NA,NA,NA,NA,NA,NA,NA,NA,NA,NA,NA,NA,NA,NA,NA,NA,NA,-41.439897,-41.772145,-42.15022,-42.365132,-42.244768,-42.085651,-41.855483,-41.370732,-41.089185,-40.93333,-40.715555,-40.593541,-40.252121,-39.962171,-39.960691,-40.158642,-40.537271,-40.741548,-40.507602,-40.049469,-39.608485,-39.550277,-39.999917,-40.995183,-42.402896,-43.668453,-43.684736,-42.187857,-40.311446,-38.665149,-37.675259,-37.310063,-37.504997,-38.095732,-38.481892,-38.509094,-38.14598,-37.639677,-37.250956,-37.123969,-37.059738,-37.116096,-36.939654,-36.543398,-36.169745,-35.859987,-35.925356,-36.264794,-36.739216,-37.163991,-37.29457,-37.125128,-36.902442,-36.788635,-37.138625,-38.238023,-39.79499,-41.386717,-42.008588,-41.462014,-40.669178,-40.119798,-40.028285,-40.511401,-40.76344,-40.330269,-39.381208,-37.988286,-36.936584,-36.645063,-36.835246,-37.345413,-37.816967,-37.784005,-37.04832,-35.881998,-34.717902,-34.022913,-33.697775,-33.559478,-33.589839,-33.837575,-33.997896,-33.68902,-33.37312,-32.858817,-32.396673,-32.291855,-32.09586,-32.16881,-32.058819,-31.669297,-31.241178,-30.511752,-30.078697,-30.321365,-30.851043,-31.77007,-32.671115,-33.310396,-34.080695,-34.808125,-35.837909,-36.808454,-36.905209,-36.477952,-35.187657,-34.682073,-34.412175,-33.809329,-33.69804,-33.377115,-33.265255,-33.569361,-33.768601,-34.301631,-34.617872,-35.050861,-35.682728,-36.433733,-37.354601,-37.53751,-37.212396,-36.219315,-35.124333,-34.62028,-34.51372,-35.320497,-36.167231,-36.427909,-35.408065,-33.677437,-32.225113,-31.238945,-30.941691,-31.500789,-32.504914,-33.218647,-33.410607,-32.762327,-31.733607,-30.870707,-30.350905,-30.113528,-30.004924,-29.851604,-29.519422,-29.331795,-29.045229,-28.331553,-27.719252,-27.280724,-26.905312,-26.999186,-27.210529,-27.678333,-28.269174,-28.673104,-28.951658,-28.896515,-28.312503,-27.534308,-26.465321,-25.997339,-25.822638,-26.05281,-26.823041,-27.890556,-28.953437,-29.68786,-29.586791,-29.397829,-29.374318,-30.191856,-32.235004
"LT001",2022-07-21,2022-07-21 16:56:00,2022-07-27,"lakeTrout",81,454,410,930,249,48,"N","2",1,75,29,4,1,"2A","MD","Region_37","Region_37_4132",5.924015," 21:05:39.4770",-0.0234109999999994,-1.071,-0.8829,-0.966297580968637,15.275808,-0.1612,-1.993,-0.042952,-0.531255,0.09602,0.050356,15.266507,4132,4105,4214,81,-46.13063,15.20832,1.9896,0.070234,13.636,27.1298,0.020224,16.5,15.192366,15.368508,15.023409,0.041183,1.100456,1.428213,1.266889,1.12068,1.448437,1.287112,-58.500153,-56.255791,-54.517166,-52.884181,-52.320167,-52.560075,-53.634202,-54.422044,-53.671756,-51.807659,-49.897208,-48.649639,-48.061746,-48.157759,-48.608599,-49.059864,-49.209443,-48.933209,-48.415312,-47.995755,-47.842431,-48.071557,-48.688454,-49.595113,-50.640083,-51.470021,-51.65785,-51.288395,-50.789145,-50.663923,-51.196392,-52.319465,-53.685169,-54.413702,-54.025012,-53.113658,-52.129309,-51.200976,-50.234268,-49.17748,-48.17205,-47.417706,-46.933403,-46.655904,-46.422313,-46.068508,-45.666583,-45.189341,-44.808466,-44.603509,-44.654942,-44.912348,-45.292212,-45.779975,-46.418483,-47.289324,-48.460763,-49.900257,-51.504455,-53.009992,-54.229215,-54.819782,-53.922879,-51.850587,-49.882772,-48.581624,-47.778386,-47.157136,-46.308914,-45.18109,-43.951833,-42.937659,-42.267442,-41.989541,-41.985058,-42.109373,-42.075272,-41.761457,-41.268823,-40.859974,-40.860604,-41.293524,-42.089795,-43.000391,-43.280114,-42.489932,-41.450366,-41.081881,-41.639506,-42.830956,NA,NA,NA,NA,NA,NA,NA,NA,NA,NA,NA,NA,NA,NA,NA,NA,NA,NA,NA,NA,NA,NA,NA,NA,NA,NA,NA,NA,NA,NA,NA,NA,NA,NA,NA,NA,NA,NA,NA,NA,NA,NA,NA,NA,NA,NA,NA,NA,NA,NA,NA,NA,NA,NA,NA,NA,NA,NA,NA,NA,NA,NA,NA,NA,NA,NA,NA,NA,NA,NA,NA,NA,NA,NA,NA,NA,NA,NA,NA,NA,NA,NA,NA,NA,NA,NA,NA,NA,NA,NA,NA,NA,NA,NA,NA,NA,NA,NA,NA,NA,NA,NA,NA,NA,NA,NA,NA,NA,NA,NA,NA,NA,NA,NA,NA,NA,NA,NA,NA,NA,NA,NA,NA,NA,NA,NA,NA,NA,NA,NA,NA,NA,NA,NA,NA,NA,NA,NA,NA,NA,NA,NA,NA,NA,NA,NA,NA,NA,NA,NA,NA,NA,NA,NA,NA,NA,NA,NA,NA,NA,NA,-48.597919,-47.662259,-46.605894,-45.508777,-44.558792,-44.257495,-44.380481,-44.561754,-45.135353,-45.908992,-46.427195,-46.49223,-45.913727,-45.197956,-44.587107,-43.989803,-43.451995,-43.022518,-42.821482,-43.04029,-43.653285,-44.630388,-45.660493,-46.253157,-46.118687,-45.519478,-44.932976,-44.614973,-44.721522,-45.202039,-46.126467,-47.354933,-48.754435,-50.37425,-52.329078,-55.204312,-59.864094,-70.041862,-71.657494,-64.628519,-64.802335,-74.000712,-66.517291,-57.5126,-52.916413,-50.017909,-48.390601,-47.744473,-47.938641,-48.750031,-49.685923,-50.361284,-50.674481,-50.802676,-51.347038,-52.657933,-53.622637,-52.448539,-50.282937,-48.509884,-47.407869,-46.765436,-46.733867,-47.745542,-49.909939,-54.092706,-59.661023,-55.682267,-50.747386,-47.848918,-46.032744,-44.943487,-44.407446,-44.29483,-44.4693,-44.801934,-45.224511,-45.86782,-46.69268,-47.573217,-48.504877,-49.410336,-49.575011,-48.818611,-47.925645,-46.970925,-46.350991,-46.287737,-46.135002,-46.205633,-46.100247,-45.709526,-45.439223,-44.944063,-44.570957,-44.55878,-44.36231,-44.455817,-44.616181,-44.57889,-44.882769,-45.229232,-45.814716,-46.101618,-45.248103,-44.711106,-44.285579,-44.883667,-45.915232,-46.986552,-48.970794,-51.309663,-52.459351,-51.050263,-48.668921,-46.850419,-45.423393,-44.822147,-45.309533,-47.096153,-49.163934,-48.119899,-45.827391,-44.105412,-43.324376,-43.76656,-44.793591,-46.70057,-49.083142,-52.366819,-55.92187,-54.425543,-51.051055,-49.54928,-49.85238,-52.162531,-56.785072,-64.372948,-61.958051,-54.661015,-50.121251,-47.240477,-45.588478,-44.953179,-45.222846,-46.348704,-48.338841,-51.195198,-52.159268,-49.115418,-45.923937,-43.988441,-42.719417,-41.946915,-41.13704,-40.3049,-39.745023,-39.566981,-39.463972,-39.064788,-37.739319,-35.825996,-33.735915,-32.224955,-31.041731,-30.674115,-30.904845,-31.526961,-32.529409,-33.598114,-34.231345,-34.517538,-34.01457,-33.894518,-34.294333
"LT001",2022-07-21,2022-07-21 16:56:00,2022-07-27,"lakeTrout",81,454,410,930,249,48,"N","2",1,75,29,4,1,"2A","MD","Region_37","Region_37_4146",3.732801," 21:05:41.2280",0.0585280000000008,-0.3201,-1.2466,2.60372251481814,15.193869,1.1536,0.81091,0.305875,0.214988,0.067568,0.018387,15.189268,4146,4105,4214,81,-46.13063,15.20832,1.9896,0.070234,13.636,27.1298,0.020224,16.5,15.192366,15.368508,15.023409,0.041183,1.100456,1.428213,1.266889,1.12068,1.448437,1.287112,-57.764228,-56.512399,-55.732878,-54.468393,-53.205976,-51.734936,-50.55131,-49.572901,-48.772656,-48.179367,-47.679293,-47.391505,-47.132584,-46.952845,-46.739293,-46.477471,-46.223094,-45.986791,-45.776735,-45.649935,-45.540966,-45.466233,-45.429554,-45.403412,-45.418958,-45.449642,-45.40792,-45.300368,-45.067738,-44.825768,-44.704137,-44.667391,-44.72591,-44.784429,-44.769743,-44.730431,-44.636043,-44.562535,-44.527944,-44.50659,-44.480198,-44.415549,-44.236818,-44.007307,-43.758302,-43.428516,-43.101844,-42.677784,-42.199284,-41.629937,-41.02048,-40.418401,-39.856515,-39.339347,-38.848496,-38.386058,-37.964909,-37.576832,-37.261735,-36.976687,-36.707346,-36.418314,-36.054986,-35.677337,-35.281368,-34.931597,-34.595383,-34.30845,-34.021702,-33.783626,-33.563199,-33.408873,-33.295636,-33.247489,-33.223517,-33.263144,-33.316342,-33.440777,-33.638432,-33.887706,-34.279385,-34.735909,-35.259798,-35.899529,-36.544109,-37.127228,-37.935113,-39.1733,-40.913587,-42.931331,NA,NA,NA,NA,NA,NA,NA,NA,NA,NA,NA,NA,NA,NA,NA,NA,NA,NA,NA,NA,NA,NA,NA,NA,NA,NA,NA,NA,NA,NA,NA,NA,NA,NA,NA,NA,NA,NA,NA,NA,NA,NA,NA,NA,NA,NA,NA,NA,NA,NA,NA,NA,NA,NA,NA,NA,NA,NA,NA,NA,NA,NA,NA,NA,NA,NA,NA,NA,NA,NA,NA,NA,NA,NA,NA,NA,NA,NA,NA,NA,NA,NA,NA,NA,NA,NA,NA,NA,NA,NA,NA,NA,NA,NA,NA,NA,NA,NA,NA,NA,NA,NA,NA,NA,NA,NA,NA,NA,NA,NA,NA,NA,NA,NA,NA,NA,NA,NA,NA,NA,NA,NA,NA,NA,NA,NA,NA,NA,NA,NA,NA,NA,NA,NA,NA,NA,NA,NA,NA,NA,NA,NA,NA,NA,NA,NA,NA,NA,NA,NA,NA,NA,NA,NA,NA,NA,NA,NA,NA,NA,NA,-50.361492,-51.31297,-52.823278,-55.141106,-58.899428,-67.116126,-71.29859,-59.534808,-54.290021,-50.820805,-48.294638,-46.745747,-45.726544,-45.188044,-44.999109,-44.89902,-44.957017,-45.160931,-45.565606,-46.375114,-47.596861,-49.423586,-52.056718,-56.021945,-63.145601,-79.21109,-61.828596,-56.981409,-54.28362,-52.433108,-51.290677,-50.764844,-50.958101,-51.902679,-52.78952,-52.549055,-50.914984,-48.812833,-46.841239,-45.209526,-43.8173,-42.875226,-42.144673,-41.605928,-41.294731,-41.037741,-41.009449,-41.133308,-41.420034,-41.897438,-42.451859,-43.024613,-43.639332,-44.137206,-44.536314,-44.88024,-45.034929,-45.325713,-45.744334,-46.195725,-46.790615,-47.369215,-47.862298,-48.359765,-48.363881,-47.890861,-47.123507,-45.834247,-44.565859,-43.646099,-42.838845,-42.139926,-41.52073,-40.943418,-40.392991,-39.904321,-39.554815,-39.595554,-39.873365,-40.220775,-40.660433,-41.289859,-41.818846,-41.90001,-42.034203,-42.153675,-42.6771,-44.004191,-45.597404,-47.490767,-48.763425,-49.033071,-48.759531,-48.016281,-47.463997,-47.318604,-46.995801,-46.727997,-46.442913,-46.111041,-46.246147,-46.783274,-48.344878,-51.354912,-56.29664,-60.188323,-58.708473,-59.31353,-61.290665,-61.341588,-57.840613,-53.399107,-49.86555,-47.537586,-45.885632,-45.345083,-45.324682,-45.862983,-46.388118,-46.181642,-45.543114,-44.449245,-43.638174,-42.880233,-42.377412,-42.503512,-42.798193,-43.486312,-43.679027,-43.519423,-43.129188,-42.683846,-42.545864,-42.803569,-43.905781,-46.316166,-49.2098,-49.790533,-49.148757,-49.478011,-49.687328,-47.271746,-44.066789,-41.737027,-40.351388,-39.536264,-38.685998,-37.747897,-36.630576,-35.332985,-34.51337,-34.290343,-34.493351,-35.306731,-35.922497,-36.044556,-35.790063,-35.466767,-35.581829,-36.230936,-37.290448,-38.703551,-39.322202,-39.383911,-39.205597,-39.46097,-40.478537,-42.139765,-43.583317,-42.837523,-40.668542,-39.659618,-39.888177,-41.33319,-43.661142
"LT001",2022-07-21,2022-07-21 16:56:00,2022-07-27,"lakeTrout",81,454,410,930,249,48,"N","2",1,75,29,4,1,"2A","MD","Region_37","Region_37_4147",1.752186," 21:05:41.3500",NA,NA,NA,NA,15.252397,0.8335,-0.43569,0.221868,-0.115969,0.00425,0.077667,15.250342,4147,4105,4214,81,-46.13063,15.20832,1.9896,0.070234,13.636,27.1298,0.020224,16.5,15.192366,15.368508,15.023409,0.041183,1.100456,1.428213,1.266889,1.12068,1.448437,1.287112,-48.874149,-47.973078,-47.279866,-46.389263,-45.868422,-45.331684,-45.043288,-44.766146,-44.414422,-44.021782,-43.534836,-43.163523,-42.822537,-42.62775,-42.474347,-42.314509,-42.190632,-42.123983,-42.156208,-42.382604,-42.741673,-43.215325,-43.734313,-44.19385,-44.581459,-44.867198,-44.988438,-44.962963,-44.695564,-44.254929,-43.79444,-43.377104,-43.138914,-43.088113,-43.19395,-43.48747,-43.886242,-44.417119,-45.093875,-45.931182,-46.960243,-48.111863,-49.115602,-49.809682,-50.150326,-50.119751,-49.840561,-49.174482,-48.099828,-46.64431,-45.108337,-43.791335,-42.810765,-42.130295,-41.668972,-41.39346,-41.30517,-41.401227,-41.73503,-42.264481,-42.951771,-43.673536,-44.202873,-44.384536,-44.062006,-43.323361,-42.312178,-41.259673,-40.259671,-39.441008,-38.804159,-38.398768,-38.182069,-38.148682,-38.229289,-38.439294,-38.698191,-39.036566,-39.406245,-39.724323,-40.031344,-40.216999,-40.282858,-40.275427,-40.053937,-39.487979,-38.858085,-38.400622,-38.271716,-38.389077,NA,NA,NA,NA,NA,NA,NA,NA,NA,NA,NA,NA,NA,NA,NA,NA,NA,NA,NA,NA,NA,NA,NA,NA,NA,NA,NA,NA,NA,NA,NA,NA,NA,NA,NA,NA,NA,NA,NA,NA,NA,NA,NA,NA,NA,NA,NA,NA,NA,NA,NA,NA,NA,NA,NA,NA,NA,NA,NA,NA,NA,NA,NA,NA,NA,NA,NA,NA,NA,NA,NA,NA,NA,NA,NA,NA,NA,NA,NA,NA,NA,NA,NA,NA,NA,NA,NA,NA,NA,NA,NA,NA,NA,NA,NA,NA,NA,NA,NA,NA,NA,NA,NA,NA,NA,NA,NA,NA,NA,NA,NA,NA,NA,NA,NA,NA,NA,NA,NA,NA,NA,NA,NA,NA,NA,NA,NA,NA,NA,NA,NA,NA,NA,NA,NA,NA,NA,NA,NA,NA,NA,NA,NA,NA,NA,NA,NA,NA,NA,NA,NA,NA,NA,NA,NA,NA,NA,NA,NA,NA,NA,-44.103451,-44.483373,-44.79975,-45.044478,-45.2479,-45.667607,-46.109366,-46.157799,-46.107462,-45.77414,-44.935546,-43.959384,-42.762108,-41.656838,-40.774163,-39.929052,-39.257958,-38.707043,-38.264206,-38.090349,-38.11481,-38.449126,-39.080173,-40.040903,-41.325278,-42.875109,-44.450281,-45.588058,-46.03136,-45.713581,-45.183194,-44.561105,-43.972919,-43.643345,-43.496692,-43.803183,-44.525652,-45.676186,-47.291153,-49.00138,-49.256736,-47.806313,-45.841577,-44.101794,-42.757294,-41.556086,-40.670674,-40.02566,-39.666393,-39.628913,-39.806163,-40.122762,-40.596136,-41.083665,-41.581095,-42.100509,-42.377694,-42.646361,-42.887798,-43.054298,-43.353736,-43.810376,-44.605004,-46.236136,-48.681339,-52.381437,-58.417299,-59.027581,-52.147495,-48.052442,-45.480208,-43.838298,-42.803593,-42.104909,-41.504816,-40.908973,-40.419842,-40.418877,-40.816698,-41.478068,-42.342905,-43.263287,-43.777217,-43.47518,-43.087551,-42.677407,-42.599805,-43.055451,-43.277635,-43.317559,-42.680694,-41.513984,-40.22076,-38.631703,-37.40721,-36.841241,-36.459145,-36.231821,-35.784521,-35.014032,-34.309072,-33.506236,-33.014154,-32.745014,-32.776042,-33.940572,-34.940471,-36.596804,-38.14735,-39.079428,-40.351003,-41.242154,-42.302308,-43.773558,-45.129555,-46.771226,-47.941171,-48.780587,-49.123953,-48.930349,-48.932166,-48.835046,-48.85366,-48.105729,-46.547944,-44.736917,-42.574698,-40.843382,-39.244378,-38.260966,-37.794881,-37.742671,-38.311464,-39.234414,-40.587059,-42.242317,-43.256476,-43.123089,-42.934713,-43.2972,-44.372067,-46.044838,-47.933663,-49.286261,-49.308402,-47.976246,-46.032302,-44.585347,-43.640859,-42.742182,-42.282834,-42.106862,-42.05012,-42.474099,-42.864824,-43.256602,-43.31841,-42.652246,-41.514268,-39.86813,-37.869039,-36.135309,-34.588494,-34.094845,-34.050735,-34.212446,-34.512438,-34.49222,-34.052472,-33.596793,-33.201644,-33.504067,-34.07233,-34.770259,-35.472091
"LT001",2022-07-21,2022-07-21 16:56:00,2022-07-27,"lakeTrout",81,454,410,930,249,48,"N","2",1,75,29,4,1,"2A","MD","Region_37","Region_37_4159",5.63821," 21:05:42.8460",0.0702339999999992,0.9373,-0.439,3.88202992782631,15.100224,1.0624,1.5331,0.279873,0.403936,0.036065,0.034272,15.092226,4159,4105,4214,81,-46.13063,15.20832,1.9896,0.070234,13.636,27.1298,0.020224,16.5,15.192366,15.368508,15.023409,0.041183,1.100456,1.428213,1.266889,1.12068,1.448437,1.287112,-50.053646,-49.035806,-48.06987,-46.97476,-46.381623,-45.793221,-45.416819,-45.0241,-44.573011,-44.168905,-43.79514,-43.674545,-43.706982,-43.972818,-44.318339,-44.672129,-45.04722,-45.464885,-45.988818,-46.744298,-47.740765,-49.034345,-50.646698,-52.56147,-54.743909,-56.610559,-56.477473,-54.229449,-51.624954,-49.495973,-47.931715,-46.768093,-45.967989,-45.458028,-45.199172,-45.243303,-45.536024,-46.146588,-47.125832,-48.524876,-50.275487,-51.72537,-51.911134,-51.199716,-50.392684,-49.714186,-49.288647,-49.056825,-49.158929,-49.641713,-50.441634,-51.100805,-51.047576,-50.254377,-49.101747,-47.888033,-46.750817,-45.738348,-44.954083,-44.462629,-44.37619,-44.756046,-45.526098,-46.610898,-47.893665,-49.325397,-50.36263,-50.006362,-48.207674,-46.159105,-44.469413,-43.299006,-42.552115,-42.137676,-41.907432,-41.818872,-41.778801,-41.801826,-41.857455,-41.883748,-41.936319,-41.946122,-41.94564,-42.015817,-42.034398,-41.868722,-41.659267,-41.609493,-41.91283,-42.472655,NA,NA,NA,NA,NA,NA,NA,NA,NA,NA,NA,NA,NA,NA,NA,NA,NA,NA,NA,NA,NA,NA,NA,NA,NA,NA,NA,NA,NA,NA,NA,NA,NA,NA,NA,NA,NA,NA,NA,NA,NA,NA,NA,NA,NA,NA,NA,NA,NA,NA,NA,NA,NA,NA,NA,NA,NA,NA,NA,NA,NA,NA,NA,NA,NA,NA,NA,NA,NA,NA,NA,NA,NA,NA,NA,NA,NA,NA,NA,NA,NA,NA,NA,NA,NA,NA,NA,NA,NA,NA,NA,NA,NA,NA,NA,NA,NA,NA,NA,NA,NA,NA,NA,NA,NA,NA,NA,NA,NA,NA,NA,NA,NA,NA,NA,NA,NA,NA,NA,NA,NA,NA,NA,NA,NA,NA,NA,NA,NA,NA,NA,NA,NA,NA,NA,NA,NA,NA,NA,NA,NA,NA,NA,NA,NA,NA,NA,NA,NA,NA,NA,NA,NA,NA,NA,NA,NA,NA,NA,NA,NA,-39.662297,-39.418979,-39.285655,-39.241395,-39.273253,-39.693917,-40.131262,-40.144795,-40.079886,-39.895719,-39.575147,-39.395767,-39.1229,-38.868051,-38.642151,-38.366553,-38.147628,-37.982452,-37.878746,-37.947532,-38.126242,-38.443406,-38.82888,-39.217598,-39.577387,-39.877947,-40.116462,-40.27563,-40.390465,-40.346186,-40.218831,-39.952781,-39.612853,-39.351681,-39.057747,-38.793677,-38.427495,-37.971022,-37.518961,-37.218539,-37.035824,-37.152615,-37.294936,-37.418096,-37.494188,-37.427709,-37.454531,-37.571068,-37.816079,-38.211541,-38.620373,-39.015692,-39.459253,-39.903322,-40.561631,-41.58649,-42.795462,-44.241597,-45.691954,-47.009959,-48.319291,-49.4179,-50.154047,-50.432321,-49.847849,-48.884126,-47.95001,-46.952787,-46.310147,-46.14521,-46.078201,-45.991071,-45.864541,-45.730592,-45.564278,-45.244764,-44.647876,-43.935421,-43.168344,-42.413288,-41.869811,-41.706232,-41.405142,-40.479041,-39.35009,-38.094564,-37.306712,-37.414381,-37.810013,-38.543789,-38.932404,-38.798467,-38.640346,-38.373104,-38.607128,-39.74599,-41.187972,-43.008421,-44.628692,-45.353902,-45.321164,-44.426416,-43.541206,-43.130612,-43.093936,-43.781299,-43.409103,-42.796129,-41.944507,-40.777285,-40.206694,-39.693984,-39.230435,-38.751932,-37.864781,-37.43426,-37.50424,-38.553124,-40.55163,-43.180517,-45.862421,-46.977885,-45.760163,-42.849922,-40.136148,-38.532262,-37.485668,-37.012344,-36.19549,-35.220398,-34.476198,-34.2836,-34.933841,-36.429622,-38.444601,-40.229366,-40.548557,-39.417039,-38.381492,-38.010208,-38.361866,-39.092863,-39.422583,-38.874864,-38.122765,-38.033541,-38.992328,-40.922093,-41.371614,-39.134363,-36.859344,-35.628681,-35.175314,-35.658314,-36.56523,-37.452972,-37.980016,-38.296196,-38.912384,-40.200618,-41.994903,-44.363133,-47.058904,-51.361415,-57.364233,-51.232907,-46.761807,-45.639791,-47.214005,-45.884978,-40.285661,-37.439948,-37.259129,-40.654506,-50.793614
"LT001",2022-07-21,2022-07-21 16:56:00,2022-07-27,"lakeTrout",81,454,410,930,249,48,"N","2",1,75,29,4,1,"2A","MD","Region_37","Region_37_4162",5.39466," 21:05:43.2180",0.0117060000000002,-0.78134,-0.37016,0.77570382456666,15.264102,1.5871,-0.11002,0.422765,-0.0293,0.075472,0.04673,15.258219,4162,4105,4214,81,-46.13063,15.20832,1.9896,0.070234,13.636,27.1298,0.020224,16.5,15.192366,15.368508,15.023409,0.041183,1.100456,1.428213,1.266889,1.12068,1.448437,1.287112,-47.545694,-47.12395,-46.894401,-46.440052,-46.287625,-45.974661,-45.782521,-45.536847,-45.211814,-44.87701,-44.458043,-44.119396,-43.748282,-43.464435,-43.184753,-42.888598,-42.611601,-42.365222,-42.176129,-42.132745,-42.198945,-42.39667,-42.715157,-43.105803,-43.593735,-44.171804,-44.78654,-45.450143,-46.004722,-46.362143,-46.453861,-46.205232,-45.780195,-45.314158,-44.907332,-44.657697,-44.491214,-44.409399,-44.378385,-44.384985,-44.475654,-44.64594,-44.74333,-44.724184,-44.573006,-44.237755,-43.834599,-43.315081,-42.800428,-42.335542,-41.986603,-41.713318,-41.438971,-41.128268,-40.784061,-40.436372,-40.108254,-39.781816,-39.477384,-39.153636,-38.836125,-38.564549,-38.350303,-38.258129,-38.243522,-38.333907,-38.489456,-38.767146,-39.142646,-39.670591,-40.292161,-40.986143,-41.639186,-42.227317,-42.738012,-43.307141,-44.003231,-44.971005,-46.24097,-47.733398,-49.421439,-51.169416,-52.987332,-54.419092,-53.591124,-50.797223,-48.558098,-47.794892,-48.460438,-50.02131,NA,NA,NA,NA,NA,NA,NA,NA,NA,NA,NA,NA,NA,NA,NA,NA,NA,NA,NA,NA,NA,NA,NA,NA,NA,NA,NA,NA,NA,NA,NA,NA,NA,NA,NA,NA,NA,NA,NA,NA,NA,NA,NA,NA,NA,NA,NA,NA,NA,NA,NA,NA,NA,NA,NA,NA,NA,NA,NA,NA,NA,NA,NA,NA,NA,NA,NA,NA,NA,NA,NA,NA,NA,NA,NA,NA,NA,NA,NA,NA,NA,NA,NA,NA,NA,NA,NA,NA,NA,NA,NA,NA,NA,NA,NA,NA,NA,NA,NA,NA,NA,NA,NA,NA,NA,NA,NA,NA,NA,NA,NA,NA,NA,NA,NA,NA,NA,NA,NA,NA,NA,NA,NA,NA,NA,NA,NA,NA,NA,NA,NA,NA,NA,NA,NA,NA,NA,NA,NA,NA,NA,NA,NA,NA,NA,NA,NA,NA,NA,NA,NA,NA,NA,NA,NA,NA,NA,NA,NA,NA,NA,-44.379402,-43.757865,-43.291841,-42.997713,-42.922166,-43.453607,-44.276819,-45.021936,-46.114747,-47.603846,-49.690783,-52.934643,-56.602743,-56.537621,-53.435624,-50.956844,-49.373094,-48.356861,-47.702568,-47.440509,-47.478632,-47.852178,-48.484582,-49.225997,-49.879494,-50.198159,-50.01132,-49.318815,-48.295096,-46.995519,-45.70152,-44.489323,-43.486316,-42.819927,-42.308263,-42.015617,-41.796636,-41.581803,-41.413122,-41.352875,-41.306784,-41.50079,-41.703712,-41.929502,-42.176733,-42.264267,-42.329052,-42.344366,-42.387531,-42.583433,-42.873822,-43.231558,-43.746089,-44.359299,-45.323537,-46.934248,-49.184378,-52.393342,-56.871457,-63.642998,-62.67198,-55.819975,-51.454295,-48.754501,-46.958554,-45.923306,-45.399738,-44.744582,-44.233204,-44.081198,-44.106073,-44.424498,-45.166605,-46.429623,-48.183421,-49.977853,-50.607305,-49.663215,-48.037471,-46.370153,-44.918617,-43.873695,-42.968708,-41.903465,-41.125775,-40.532008,-40.500987,-41.437499,-42.921882,-45.274911,-48.166597,-51.775208,-57.063624,-58.87778,-52.753028,-48.886458,-46.705887,-45.84423,-45.670825,-45.696887,-46.257186,-47.218359,-49.173583,-52.821919,-61.233602,-62.137996,-52.88473,-49.312067,-47.334643,-45.727907,-45.080964,-44.747551,-45.200012,-46.786712,-49.01273,-51.91295,-54.511884,-58.478056,-70.22409,-58.239335,-52.147062,-49.054155,-47.691351,-47.209056,-47.516307,-48.881666,-50.813901,-52.919093,-52.128868,-49.068829,-46.099243,-43.787357,-42.3065,-41.459044,-41.281739,-41.703824,-42.154264,-42.013835,-41.854165,-42.248674,-43.732233,-47.096627,-53.87972,-50.391795,-44.114114,-40.822843,-39.096508,-38.549667,-38.152825,-37.004763,-35.61509,-34.486432,-33.807746,-34.141135,-35.244011,-36.87678,-37.870579,-37.263002,-36.280848,-35.977345,-36.682706,-39.00895,-42.407858,-43.759126,-41.891789,-40.706049,-40.580102,-40.747111,-40.64695,-40.697785,-40.916333,-41.154576,-40.315869,-38.997748,-38.193337
"LT001",2022-07-21,2022-07-21 16:56:00,2022-07-27,"lakeTrout",81,454,410,930,249,48,"N","2",1,75,29,4,1,"2A","MD","Region_37","Region_37_4163",1.713677," 21:05:43.3430",NA,NA,NA,NA,15.275808,0.80576,-0.48018,0.214812,-0.128009,0.02977,0.013049,15.273761,4163,4105,4214,81,-46.13063,15.20832,1.9896,0.070234,13.636,27.1298,0.020224,16.5,15.192366,15.368508,15.023409,0.041183,1.100456,1.428213,1.266889,1.12068,1.448437,1.287112,-52.046975,-50.468242,-49.271544,-48.127162,-47.526398,-46.968831,-46.672013,-46.416015,-46.146992,-45.927894,-45.734638,-45.805502,-46.071819,-46.642418,-47.378424,-48.177842,-49.017349,-49.842722,-50.604227,-51.283073,-51.700258,-51.784437,-51.542719,-51.047296,-50.469356,-49.911599,-49.382397,-48.894657,-48.251955,-47.38694,-46.408974,-45.436443,-44.677723,-44.18884,-43.959246,-44.017992,-44.26494,-44.70644,-45.361351,-46.325169,-47.816885,-49.899928,-51.77699,-51.987516,-50.644826,-48.881023,-47.276998,-45.842709,-44.68913,-43.860779,-43.412759,-43.239572,-43.128262,-42.903754,-42.505363,-41.982755,-41.412182,-40.839712,-40.357615,-39.981435,-39.781571,-39.809679,-40.057114,-40.575799,-41.346044,-42.478953,-44.072367,-46.379607,-49.740995,-55.019658,-62.370245,-58.88924,-54.986728,-53.371002,-53.116452,-54.071924,-56.37667,-59.069975,-55.878305,-50.959065,-47.524368,-45.151691,-43.464232,-42.275289,-41.353676,-40.597369,-40.34438,-40.798485,-41.993196,-43.720973,NA,NA,NA,NA,NA,NA,NA,NA,NA,NA,NA,NA,NA,NA,NA,NA,NA,NA,NA,NA,NA,NA,NA,NA,NA,NA,NA,NA,NA,NA,NA,NA,NA,NA,NA,NA,NA,NA,NA,NA,NA,NA,NA,NA,NA,NA,NA,NA,NA,NA,NA,NA,NA,NA,NA,NA,NA,NA,NA,NA,NA,NA,NA,NA,NA,NA,NA,NA,NA,NA,NA,NA,NA,NA,NA,NA,NA,NA,NA,NA,NA,NA,NA,NA,NA,NA,NA,NA,NA,NA,NA,NA,NA,NA,NA,NA,NA,NA,NA,NA,NA,NA,NA,NA,NA,NA,NA,NA,NA,NA,NA,NA,NA,NA,NA,NA,NA,NA,NA,NA,NA,NA,NA,NA,NA,NA,NA,NA,NA,NA,NA,NA,NA,NA,NA,NA,NA,NA,NA,NA,NA,NA,NA,NA,NA,NA,NA,NA,NA,NA,NA,NA,NA,NA,NA,NA,NA,NA,NA,NA,NA,-64.353117,-60.947896,-57.77219,-55.235505,-53.16564,-51.621931,-50.322346,-48.876291,-47.704062,-46.834154,-46.232262,-46.20606,-46.347129,-46.672447,-47.223864,-47.837325,-48.628158,-49.424563,-50.032709,-50.442624,-50.507896,-50.388725,-50.191206,-50.063784,-50.073225,-50.227977,-50.465867,-50.710435,-51.076554,-51.432702,-51.907768,-52.172967,-52.11808,-52.003939,-51.769098,-51.547775,-51.142058,-50.515854,-49.872109,-49.499033,-49.361729,-49.632013,-49.877364,-49.839011,-49.56664,-49.080156,-48.905444,-49.180659,-49.952111,-51.085382,-52.233881,-53.097133,-53.411914,-52.650397,-50.932974,-49.240274,-48.124095,-47.918226,-48.296731,-48.913011,-49.838067,-51.039211,-52.278738,-52.377888,-50.270939,-47.727994,-45.725393,-43.771121,-42.154298,-41.115351,-40.379086,-39.978184,-39.923283,-40.178807,-40.672996,-41.347966,-42.181313,-43.272701,-44.04886,-43.90151,-42.943196,-41.761252,-40.47636,-38.793382,-37.262654,-35.820383,-34.888209,-34.885083,-35.327832,-36.443865,-37.611807,-38.650178,-39.700197,-40.480022,-41.57271,-43.039445,-44.079443,-44.71485,-44.862281,-44.457222,-43.816396,-42.833202,-42.099151,-41.726731,-41.851675,-42.897359,-42.914764,-43.098271,-43.374803,-43.381676,-43.99941,-44.405567,-45.048283,-46.130578,-47.32541,-49.626299,-53.252243,-59.259014,-58.933638,-54.53393,-52.55136,-51.101046,-49.669879,-47.838765,-46.224289,-45.503127,-45.434597,-46.232911,-46.025966,-44.412965,-42.575574,-41.300351,-40.957736,-41.20456,-41.838917,-42.302901,-41.856148,-40.75711,-40.059569,-39.996649,-40.564804,-41.665426,-43.114056,-44.641969,-46.09811,-47.790653,-50.497344,-55.439771,-56.792631,-51.229832,-47.364806,-44.901637,-43.273525,-42.642448,-42.337076,-42.273448,-42.107577,-41.538596,-40.970448,-40.511604,-40.377984,-41.093464,-42.150005,-43.2431,-42.973292,-42.358009,-42.742482,-44.624517,-48.784954,-51.328266,-46.041302,-43.371451,-43.176329,-45.354312,-50.666317
"LT001",2022-07-21,2022-07-21 16:56:00,2022-07-27,"lakeTrout",81,454,410,930,249,48,"N","2",1,75,29,4,1,"2A","MD","Region_37","Region_37_4171",2.82361700000001," 21:05:44.3420",0,1.36885,0.1249,0,15.170458,-0.6869,1.1248,-0.181834,0.29778,0.047128,0.112823,15.166445,4171,4105,4214,81,-46.13063,15.20832,1.9896,0.070234,13.636,27.1298,0.020224,16.5,15.192366,15.368508,15.023409,0.041183,1.100456,1.428213,1.266889,1.12068,1.448437,1.287112,-51.767013,-53.131874,-54.476766,-54.667259,-53.874602,-52.484767,-51.588051,-51.25408,-51.443784,-52.11637,-52.920639,-53.411122,-52.93097,-51.881748,-50.734273,-49.68308,-48.774912,-47.988064,-47.341916,-46.925244,-46.678129,-46.561871,-46.46521,-46.230324,-45.802491,-45.172868,-44.400347,-43.710399,-43.200084,-42.97662,-43.067021,-43.350837,-43.780611,-44.175461,-44.347862,-44.300952,-44.06815,-43.836204,-43.731025,-43.838687,-44.247022,-44.91309,-45.565103,-46.06385,-46.406857,-46.604532,-46.826781,-47.070524,-47.527973,-48.382416,-49.919912,-52.39404,-56.126678,-60.778988,-59.898372,-55.846194,-53.298703,-52.066669,-51.668628,-51.044626,-49.11932,-46.532163,-44.349171,-42.966477,-42.272732,-42.051339,-41.907446,-41.54485,-40.817469,-39.963766,-39.226957,-38.849805,-38.902016,-39.430415,-40.363713,-41.611629,-42.766508,-43.307362,-43.067798,-42.60725,-42.608401,-43.228963,-44.426654,-45.786003,-46.078085,-44.879279,-43.722072,-43.642329,-44.74188,-46.31575,NA,NA,NA,NA,NA,NA,NA,NA,NA,NA,NA,NA,NA,NA,NA,NA,NA,NA,NA,NA,NA,NA,NA,NA,NA,NA,NA,NA,NA,NA,NA,NA,NA,NA,NA,NA,NA,NA,NA,NA,NA,NA,NA,NA,NA,NA,NA,NA,NA,NA,NA,NA,NA,NA,NA,NA,NA,NA,NA,NA,NA,NA,NA,NA,NA,NA,NA,NA,NA,NA,NA,NA,NA,NA,NA,NA,NA,NA,NA,NA,NA,NA,NA,NA,NA,NA,NA,NA,NA,NA,NA,NA,NA,NA,NA,NA,NA,NA,NA,NA,NA,NA,NA,NA,NA,NA,NA,NA,NA,NA,NA,NA,NA,NA,NA,NA,NA,NA,NA,NA,NA,NA,NA,NA,NA,NA,NA,NA,NA,NA,NA,NA,NA,NA,NA,NA,NA,NA,NA,NA,NA,NA,NA,NA,NA,NA,NA,NA,NA,NA,NA,NA,NA,NA,NA,NA,NA,NA,NA,NA,NA,-47.463883,-46.83733,-46.450807,-46.472503,-46.976008,-48.18527,-49.634558,-50.311026,-49.873294,-48.485628,-46.837074,-45.647731,-44.692152,-44.026762,-43.676225,-43.530014,-43.781841,-44.373168,-45.094578,-45.677229,-45.666036,-45.182165,-44.558122,-44.126434,-44.059844,-44.439622,-45.270491,-46.435713,-47.703347,-48.170493,-47.350642,-45.700501,-44.153811,-43.218639,-42.723584,-42.676263,-42.840787,-43.131274,-43.597519,-44.350765,-45.204492,-46.098126,-46.396978,-45.984077,-45.30125,-44.567017,-44.145042,-43.982749,-44.097909,-44.509017,-45.108687,-45.861106,-46.800918,-47.752074,-48.509468,-48.766355,-48.44273,-48.270363,-48.419373,-48.76765,-49.288509,-49.573448,-49.294789,-48.70234,-47.943702,-47.451852,-47.388554,-47.266486,-47.307134,-47.464091,-47.118296,-46.206064,-45.026517,-43.906169,-43.020962,-42.465169,-42.336591,-42.916654,-44.102727,-45.789794,-48.068999,-51.100805,-54.705414,-58.533411,-59.712444,-54.408834,-49.358153,-46.076575,-43.865962,-42.830529,-42.301374,-42.069343,-42.400024,-43.237163,-45.811427,-52.562241,-65.771345,-51.350228,-47.643577,-45.705826,-44.626013,-43.846936,-43.847981,-44.963349,-47.636955,-50.543959,-48.025762,-46.067533,-45.05343,-43.971872,-43.529759,-43.13505,-43.29687,-44.175792,-44.763715,-44.705946,-43.47733,-41.982173,-40.579594,-39.463696,-39.107809,-39.075267,-39.823219,-40.96795,-42.551626,-44.501878,-45.328748,-44.772844,-43.38873,-42.579308,-42.661219,-43.751098,-46.322444,-50.959863,-61.511954,-60.630597,-52.708357,-49.590887,-48.824606,-49.388464,-49.421841,-47.941352,-46.527465,-46.187022,-47.209776,-49.929789,-55.499175,-68.227089,-56.341772,-50.342323,-46.604565,-43.962467,-41.951422,-40.822862,-40.075377,-39.657368,-39.304962,-38.755296,-38.217709,-37.674914,-36.994763,-36.468378,-36.000593,-36.46804,-37.450394,-38.914648,-40.443029,-40.717807,-39.357625,-37.746053,-36.710121,-37.0692,-38.344802,-40.284746,-41.652331
"LT001",2022-07-21,2022-07-21 16:56:00,2022-07-27,"lakeTrout",81,454,410,930,249,48,"N","2",1,75,29,4,1,"2A","MD","Region_37","Region_37_4172",3.235839," 21:05:44.4650",0,1.14165,-0.2401,0,15.170458,0.68195,1.2497,0.180516,0.330842,0.103653,0.12202,15.165775,4172,4105,4214,81,-46.13063,15.20832,1.9896,0.070234,13.636,27.1298,0.020224,16.5,15.192366,15.368508,15.023409,0.041183,1.100456,1.428213,1.266889,1.12068,1.448437,1.287112,-52.809805,-50.889055,-49.604649,-48.3444,-47.564273,-46.839727,-46.478749,-46.270655,-46.101643,-45.953679,-45.718226,-45.593541,-45.526634,-45.67834,-45.962094,-46.321118,-46.750663,-47.211815,-47.687276,-48.222986,-48.745126,-49.235354,-49.620821,-49.784562,-49.730229,-49.540974,-49.341219,-49.291422,-49.261201,-49.094152,-48.730283,-48.192025,-47.674439,-47.222936,-46.794023,-46.400847,-45.979196,-45.605042,-45.317438,-45.107072,-44.912644,-44.549846,-43.855732,-43.025364,-42.247503,-41.524209,-40.961013,-40.495264,-40.231282,-40.16531,-40.266208,-40.389613,-40.42873,-40.398665,-40.370407,-40.43344,-40.66309,-41.098023,-41.836703,-42.939756,-44.567975,-46.831274,-49.126485,-49.442817,-47.631689,-45.529035,-43.536882,-41.637509,-39.785689,-38.104933,-36.647786,-35.521606,-34.724255,-34.261858,-34.043881,-34.032156,-34.080179,-34.139106,-34.124295,-33.987688,-33.872273,-33.796324,-33.855285,-34.173912,-34.705886,-35.441203,-36.639143,-38.290671,-40.073923,-41.437265,NA,NA,NA,NA,NA,NA,NA,NA,NA,NA,NA,NA,NA,NA,NA,NA,NA,NA,NA,NA,NA,NA,NA,NA,NA,NA,NA,NA,NA,NA,NA,NA,NA,NA,NA,NA,NA,NA,NA,NA,NA,NA,NA,NA,NA,NA,NA,NA,NA,NA,NA,NA,NA,NA,NA,NA,NA,NA,NA,NA,NA,NA,NA,NA,NA,NA,NA,NA,NA,NA,NA,NA,NA,NA,NA,NA,NA,NA,NA,NA,NA,NA,NA,NA,NA,NA,NA,NA,NA,NA,NA,NA,NA,NA,NA,NA,NA,NA,NA,NA,NA,NA,NA,NA,NA,NA,NA,NA,NA,NA,NA,NA,NA,NA,NA,NA,NA,NA,NA,NA,NA,NA,NA,NA,NA,NA,NA,NA,NA,NA,NA,NA,NA,NA,NA,NA,NA,NA,NA,NA,NA,NA,NA,NA,NA,NA,NA,NA,NA,NA,NA,NA,NA,NA,NA,NA,NA,NA,NA,NA,NA,-42.681401,-42.99678,-43.632011,-44.653494,-46.113113,-48.278413,-50.851862,-53.33685,-55.930806,-58.397836,-60.6084,-61.821554,-59.109154,-55.369059,-52.801812,-51.276432,-50.610274,-50.49086,-50.738986,-51.428321,-52.512983,-54.165596,-56.419615,-58.607667,-58.052776,-54.971951,-51.891508,-49.272204,-47.064765,-45.025399,-43.313123,-41.926427,-40.973543,-40.56378,-40.408976,-40.472442,-40.50123,-40.395798,-40.193143,-40.036503,-39.886151,-40.003667,-40.188908,-40.434604,-40.833079,-41.312232,-42.174396,-43.395239,-44.945206,-46.669797,-48.198539,-49.278227,-49.905691,-50.090656,-50.036584,-49.922555,-49.70791,-49.732605,-49.89649,-49.968796,-49.888169,-49.34641,-48.29654,-47.13222,-45.863002,-44.811055,-44.126285,-43.406025,-43.01045,-43.163742,-43.574616,-44.188743,-44.8562,-45.262835,-45.070357,-44.306102,-43.366033,-42.767813,-42.46746,-42.293075,-42.241212,-42.395077,-42.4577,-42.09632,-41.831183,-41.578934,-41.728611,-42.614939,-43.663018,-45.072564,-46.277877,-47.203345,-48.286091,-49.549416,-52.022915,-56.62736,-62.349795,-63.126654,-61.135039,-59.273622,-57.367069,-54.869433,-52.220008,-49.586295,-47.161322,-46.048032,-45.226505,-45.38991,-45.556452,-44.976599,-44.41975,-43.313613,-42.180398,-41.435876,-40.773253,-40.766621,-40.935005,-41.425231,-41.96512,-42.236215,-42.35227,-41.88455,-41.512519,-41.112229,-40.980643,-41.531162,-42.319123,-43.670343,-44.716761,-45.320084,-45.305588,-44.830984,-44.399222,-44.204024,-44.580479,-46.013088,-48.573064,-52.216201,-57.082087,-56.816819,-52.500648,-49.293924,-47.203558,-46.083037,-45.980985,-47.139192,-50.213801,-58.100881,-59.948762,-50.531327,-46.08746,-43.328203,-41.223294,-39.796822,-38.537855,-37.47196,-36.479312,-35.388097,-34.390997,-33.536932,-32.774327,-32.424454,-32.251616,-32.75728,-33.211358,-33.52325,-33.68103,-33.61026,-33.526816,-33.709852,-34.100316,-35.1444,-36.115784,-36.81549,-36.945535
"LT001",2022-07-21,2022-07-21 16:56:00,2022-07-27,"lakeTrout",81,454,410,930,249,48,"N","2",1,75,29,4,1,"2A","MD","Region_37","Region_37_4177",2.915301," 21:05:45.0830",NA,NA,NA,NA,15.299219,1.1586,-0.18901,0.309355,-0.05046,0.143036,0.075098,15.296008,4177,4105,4214,81,-46.13063,15.20832,1.9896,0.070234,13.636,27.1298,0.020224,16.5,15.192366,15.368508,15.023409,0.041183,1.100456,1.428213,1.266889,1.12068,1.448437,1.287112,-50.602469,-49.389707,-48.477675,-47.48205,-46.973455,-46.515519,-46.330893,-46.171266,-45.963079,-45.753794,-45.475476,-45.29781,-45.099975,-44.996545,-44.915978,-44.855351,-44.881918,-45.021616,-45.296975,-45.76993,-46.355216,-47.043816,-47.834149,-48.745869,-49.932977,-51.567226,-53.80524,-56.72357,-59.176068,-58.654722,-56.1727,-53.709518,-51.795324,-50.460681,-49.657808,-49.380727,-49.498159,-50.000432,-50.932938,-52.548547,-55.617446,-62.537642,-70.784419,-58.105186,-53.420958,-50.515448,-48.415868,-46.69064,-45.296318,-44.20399,-43.444982,-42.962431,-42.657243,-42.455725,-42.321533,-42.258166,-42.26146,-42.276015,-42.272636,-42.14657,-41.881441,-41.520682,-41.138008,-40.89776,-40.830123,-40.9872,-41.318174,-41.850074,-42.538555,-43.43886,-44.513421,-45.776021,-47.123927,-48.452963,-49.554154,-50.308481,-50.597059,-50.538504,-50.201572,-49.501159,-48.412523,-46.935155,-45.331501,-43.859032,-42.498928,-41.20752,-40.27264,-39.813259,-39.784552,-39.980263,NA,NA,NA,NA,NA,NA,NA,NA,NA,NA,NA,NA,NA,NA,NA,NA,NA,NA,NA,NA,NA,NA,NA,NA,NA,NA,NA,NA,NA,NA,NA,NA,NA,NA,NA,NA,NA,NA,NA,NA,NA,NA,NA,NA,NA,NA,NA,NA,NA,NA,NA,NA,NA,NA,NA,NA,NA,NA,NA,NA,NA,NA,NA,NA,NA,NA,NA,NA,NA,NA,NA,NA,NA,NA,NA,NA,NA,NA,NA,NA,NA,NA,NA,NA,NA,NA,NA,NA,NA,NA,NA,NA,NA,NA,NA,NA,NA,NA,NA,NA,NA,NA,NA,NA,NA,NA,NA,NA,NA,NA,NA,NA,NA,NA,NA,NA,NA,NA,NA,NA,NA,NA,NA,NA,NA,NA,NA,NA,NA,NA,NA,NA,NA,NA,NA,NA,NA,NA,NA,NA,NA,NA,NA,NA,NA,NA,NA,NA,NA,NA,NA,NA,NA,NA,NA,NA,NA,NA,NA,NA,NA,-53.958289,-54.138302,-53.801711,-53.045382,-52.059571,-51.297334,-50.645615,-49.789316,-49.140799,-48.68233,-48.386683,-48.574553,-48.9214,-49.501883,-50.324245,-51.200905,-52.192082,-53.098126,-53.717704,-54.12434,-54.365458,-54.743872,-55.424914,-56.532962,-58.121307,-60.18952,-62.690369,-65.672866,-69.566746,-71.796253,-66.695486,-61.744968,-58.381445,-56.303696,-54.970919,-54.247752,-53.827073,-53.563813,-53.503615,-53.773123,-54.285451,-55.253023,-56.331287,-57.254529,-57.716464,-57.230199,-56.070412,-54.579773,-53.152782,-52.009016,-51.088973,-50.31637,-49.72571,-49.253027,-49.14187,-49.777029,-51.252475,-54.046712,-58.886363,-71.839512,-62.475704,-54.588934,-50.082322,-47.20396,-45.162382,-43.745659,-42.818882,-41.768522,-40.920846,-40.531994,-40.363924,-40.476233,-40.89787,-41.565348,-42.269411,-42.690797,-42.623168,-42.355358,-41.928241,-41.356152,-40.756734,-40.277808,-39.736558,-38.823485,-38.07756,-37.405557,-37.161923,-37.697586,-38.480324,-39.677391,-40.637516,-41.073254,-40.999094,-39.994294,-38.673118,-37.651197,-36.868004,-36.578261,-36.376434,-35.916853,-35.45569,-34.775113,-34.28438,-33.999673,-34.100861,-35.54627,-37.045441,-39.092891,-40.732157,-41.562835,-42.720563,-43.706898,-45.170964,-47.372404,-49.417084,-50.854649,-51.056473,-51.408803,-52.642816,-55.240616,-61.472858,-66.395299,-55.227431,-50.001404,-46.794257,-44.671601,-42.308032,-39.830719,-37.198444,-35.213513,-33.880502,-33.081076,-32.920726,-33.014601,-33.248378,-33.5239,-33.564451,-33.303119,-33.339838,-33.739049,-34.42092,-35.225261,-35.943772,-36.367344,-36.383351,-36.060842,-35.612314,-35.626006,-35.861317,-35.814593,-35.855223,-35.90759,-35.929836,-36.517527,-37.482769,-38.964176,-40.245964,-40.135722,-39.203227,-38.526575,-38.774736,-40.688486,-43.43737,-43.433047,-40.958926,-39.624082,-39.797058,-40.532107,-39.761851,-37.490238,-35.472841,-34.891228,-35.434386,-37.104964,-39.915736
"LT001",2022-07-21,2022-07-21 16:56:00,2022-07-27,"lakeTrout",81,454,410,930,249,48,"N","2",1,75,29,4,1,"2A","MD","Region_37","Region_37_4192",2.159366," 21:05:46.9500",NA,NA,NA,NA,15.32263,0.99679,0.16419,0.266557,0.043902,0.018271,0.034584,15.320249,4192,4105,4214,81,-46.13063,15.20832,1.9896,0.070234,13.636,27.1298,0.020224,16.5,15.192366,15.368508,15.023409,0.041183,1.100456,1.428213,1.266889,1.12068,1.448437,1.287112,-47.240363,-46.245069,-45.266663,-44.13283,-43.460623,-42.7887,-42.327063,-41.865221,-41.383445,-40.968746,-40.582934,-40.414135,-40.336144,-40.426596,-40.55871,-40.676615,-40.814293,-40.977049,-41.178769,-41.48444,-41.818086,-42.179882,-42.556843,-42.92216,-43.338692,-43.829273,-44.348702,-44.887172,-45.276055,-45.499561,-45.656508,-45.783655,-45.987989,-46.239073,-46.480334,-46.745193,-46.982636,-47.270012,-47.674952,-48.238792,-48.930603,-49.514907,-49.638192,-49.308935,-48.713959,-47.939889,-47.136966,-46.20074,-45.143144,-43.93965,-42.734823,-41.694651,-40.900899,-40.335744,-39.940353,-39.692145,-39.600199,-39.679743,-40.023773,-40.659018,-41.63809,-42.920613,-44.303243,-45.549905,-46.31689,-46.472856,-46.071453,-45.434082,-44.799166,-44.395785,-44.266012,-44.453182,-44.863424,-45.382854,-45.758072,-45.790053,-45.305377,-44.460439,-43.438251,-42.334619,-41.286987,-40.254851,-39.314741,-38.587396,-37.991769,-37.412545,-37.034918,-36.905947,-37.042258,-37.341541,NA,NA,NA,NA,NA,NA,NA,NA,NA,NA,NA,NA,NA,NA,NA,NA,NA,NA,NA,NA,NA,NA,NA,NA,NA,NA,NA,NA,NA,NA,NA,NA,NA,NA,NA,NA,NA,NA,NA,NA,NA,NA,NA,NA,NA,NA,NA,NA,NA,NA,NA,NA,NA,NA,NA,NA,NA,NA,NA,NA,NA,NA,NA,NA,NA,NA,NA,NA,NA,NA,NA,NA,NA,NA,NA,NA,NA,NA,NA,NA,NA,NA,NA,NA,NA,NA,NA,NA,NA,NA,NA,NA,NA,NA,NA,NA,NA,NA,NA,NA,NA,NA,NA,NA,NA,NA,NA,NA,NA,NA,NA,NA,NA,NA,NA,NA,NA,NA,NA,NA,NA,NA,NA,NA,NA,NA,NA,NA,NA,NA,NA,NA,NA,NA,NA,NA,NA,NA,NA,NA,NA,NA,NA,NA,NA,NA,NA,NA,NA,NA,NA,NA,NA,NA,NA,NA,NA,NA,NA,NA,NA,-39.819855,-39.562241,-39.568934,-39.816388,-40.274005,-41.128246,-42.092151,-42.715999,-43.330525,-43.858972,-44.183964,-44.57089,-44.696519,-44.743801,-44.89379,-45.11981,-45.692892,-46.629655,-47.891547,-49.501071,-51.079658,-52.122779,-51.970405,-50.814567,-49.402975,-48.237019,-47.468824,-47.073494,-47.100983,-47.358518,-48.039991,-49.085945,-50.542966,-52.367807,-53.893046,-54.738051,-54.719757,-54.204472,-53.688407,-53.532641,-53.691765,-54.210969,-54.253119,-53.220443,-51.533523,-49.670429,-48.128784,-46.871946,-45.901791,-45.23396,-44.76856,-44.467229,-44.430193,-44.658192,-45.393355,-46.913532,-48.920064,-50.786926,-51.107119,-49.88899,-48.340675,-46.875881,-45.640861,-44.971705,-44.605764,-44.545194,-44.87953,-45.192808,-45.991201,-47.679403,-50.147149,-53.56767,-57.109668,-56.555304,-53.265143,-50.518753,-48.635613,-47.746335,-47.5562,-47.764203,-48.124022,-48.311854,-47.900842,-46.746428,-45.69825,-44.764432,-44.220372,-44.30032,-44.461154,-45.019513,-45.506428,-45.745487,-45.627069,-44.493245,-42.945161,-41.707037,-40.716304,-40.125679,-39.552549,-38.811144,-38.264397,-37.767914,-37.778056,-38.307565,-39.523739,-42.169651,-44.535252,-47.335913,-50.533989,-54.708226,-62.528117,-59.612013,-53.462331,-50.399618,-48.460642,-47.601655,-46.897289,-46.162715,-44.97833,-43.382925,-42.092685,-40.74867,-39.81421,-38.910683,-38.169981,-37.883716,-37.685828,-38.167487,-38.831742,-39.880652,-40.820247,-41.090671,-40.684104,-39.556344,-38.264499,-37.385095,-36.899131,-36.569843,-36.724872,-37.205614,-37.776376,-38.239723,-38.568524,-38.897129,-39.348473,-39.863812,-40.184771,-40.460498,-40.386001,-39.647275,-38.892463,-38.270255,-37.932844,-38.519871,-39.715782,-41.553593,-43.399746,-44.518958,-45.404596,-46.055276,-45.261434,-43.259496,-41.388843,-40.814924,-40.196721,-38.651141,-36.805524,-35.236663,-34.161124,-33.627065,-33.056355,-32.703915,-32.360439,-32.350964,-32.905842
"LT001",2022-07-21,2022-07-21 16:56:00,2022-07-27,"lakeTrout",81,454,410,930,249,48,"N","2",1,75,29,4,1,"2A","MD","Region_37","Region_37_4194",0.766863000000001," 21:05:47.1980",-0.0234109999999994,-0.43107,0.358609,-2.39074991083755,15.369453,-0.51389,-0.37341,-0.137845,-0.100161,0.010953,0.009875,15.368508,4194,4105,4214,81,-46.13063,15.20832,1.9896,0.070234,13.636,27.1298,0.020224,16.5,15.192366,15.368508,15.023409,0.041183,1.100456,1.428213,1.266889,1.12068,1.448437,1.287112,-49.989874,-49.514942,-49.362526,-48.869345,-48.480671,-47.857713,-47.380958,-46.935149,-46.519149,-46.195396,-45.90779,-45.859493,-45.96854,-46.35363,-46.890645,-47.4726,-48.047549,-48.509486,-48.771859,-48.844777,-48.658365,-48.274518,-47.750186,-47.106725,-46.446893,-45.859454,-45.410196,-45.215748,-45.173091,-45.200882,-45.25976,-45.292641,-45.366647,-45.360361,-45.045981,-44.386351,-43.461965,-42.512734,-41.649477,-40.86503,-40.154597,-39.533144,-38.967075,-38.524521,-38.217304,-37.960171,-37.83891,-37.767592,-37.791256,-37.835218,-37.872392,-37.920658,-38.073081,-38.424992,-39.02857,-39.929506,-41.147802,-42.642803,-44.380306,-46.199957,-47.911801,-48.903498,-48.102711,-46.035881,-44.032203,-42.605605,-41.675555,-41.13788,-40.831952,-40.725809,-40.712755,-40.753255,-40.726786,-40.594618,-40.337645,-40.088134,-39.893051,-39.888962,-40.079074,-40.341608,-40.551694,-40.373258,-39.734436,-38.836066,-37.783237,-36.655974,-35.847942,-35.507728,-35.583201,-35.857122,NA,NA,NA,NA,NA,NA,NA,NA,NA,NA,NA,NA,NA,NA,NA,NA,NA,NA,NA,NA,NA,NA,NA,NA,NA,NA,NA,NA,NA,NA,NA,NA,NA,NA,NA,NA,NA,NA,NA,NA,NA,NA,NA,NA,NA,NA,NA,NA,NA,NA,NA,NA,NA,NA,NA,NA,NA,NA,NA,NA,NA,NA,NA,NA,NA,NA,NA,NA,NA,NA,NA,NA,NA,NA,NA,NA,NA,NA,NA,NA,NA,NA,NA,NA,NA,NA,NA,NA,NA,NA,NA,NA,NA,NA,NA,NA,NA,NA,NA,NA,NA,NA,NA,NA,NA,NA,NA,NA,NA,NA,NA,NA,NA,NA,NA,NA,NA,NA,NA,NA,NA,NA,NA,NA,NA,NA,NA,NA,NA,NA,NA,NA,NA,NA,NA,NA,NA,NA,NA,NA,NA,NA,NA,NA,NA,NA,NA,NA,NA,NA,NA,NA,NA,NA,NA,NA,NA,NA,NA,NA,NA,-46.452581,-45.835428,-45.1953,-44.670506,-44.388141,-44.60408,-45.132992,-45.506405,-45.995983,-46.489457,-46.84403,-47.392589,-47.840618,-48.329868,-48.874107,-49.106018,-49.10188,-48.910168,-48.646474,-48.46946,-48.178077,-47.799875,-47.35011,-46.977282,-46.761011,-46.726005,-46.797483,-46.834293,-46.884233,-46.815339,-47.047662,-47.771846,-49.302341,-51.875911,-55.128816,-59.002944,-63.319577,-67.59814,-69.483009,-69.390208,-66.825009,-61.318903,-56.663485,-53.438488,-51.434998,-50.109399,-49.345467,-48.762436,-48.242899,-47.810717,-47.428479,-47.080812,-46.801225,-46.416816,-45.858122,-45.189278,-44.304965,-43.549994,-42.899754,-42.264447,-41.804598,-41.490814,-41.396861,-41.864826,-42.620089,-43.549937,-44.672219,-45.412867,-46.076552,-46.792634,-47.080095,-46.860114,-46.203889,-45.261793,-44.185369,-43.138482,-42.313876,-42.090414,-42.333403,-42.890875,-43.725734,-44.756348,-45.596749,-45.680441,-45.513742,-45.029981,-44.6065,-44.600216,-44.560721,-44.88023,-45.080418,-45.056264,-44.913946,-44.396284,-44.320751,-45.217967,-46.942947,-49.637801,-52.765863,-55.670332,-57.83223,-58.75056,-59.028966,-57.739757,-54.639489,-52.124727,-50.031536,-49.502229,-49.548361,-49.289442,-49.375788,-48.765788,-47.893209,-47.035513,-45.90273,-45.289563,-44.738162,-44.55055,-44.606137,-44.600232,-44.669684,-44.198443,-43.762623,-43.131939,-42.527909,-42.169652,-41.543821,-41.158267,-40.508925,-40.029491,-39.621545,-39.231905,-39.177928,-39.269409,-39.764157,-40.899714,-42.193138,-42.975921,-43.340027,-43.225896,-42.84125,-42.416444,-42.039881,-41.681674,-41.299566,-40.950981,-40.816819,-41.489105,-42.810633,-44.409701,-46.946743,-50.422866,-53.953396,-54.841575,-52.341281,-49.375813,-47.152443,-45.711309,-45.223618,-45.171556,-44.99504,-44.629655,-43.636104,-42.659399,-41.066131,-39.179534,-37.662423,-36.548124,-35.929912,-35.946943,-36.174291,-36.750095,-36.800419,-36.154962,-35.23224
"LT001",2022-07-21,2022-07-21 16:56:00,2022-07-27,"lakeTrout",81,454,410,930,249,48,"N","2",1,75,29,4,1,"2A","MD","Region_37","Region_37_4195",1.907387," 21:05:47.3240",-0.070234000000001,0.0541900000000001,0.659921,-6.05477357238933,15.346042,-0.94496,-0.014801,-0.253087,-0.003964,0.062415,0.039209,15.343954,4195,4105,4214,81,-46.13063,15.20832,1.9896,0.070234,13.636,27.1298,0.020224,16.5,15.192366,15.368508,15.023409,0.041183,1.100456,1.428213,1.266889,1.12068,1.448437,1.287112,-46.656404,-46.102559,-45.65522,-44.995924,-44.692054,-44.305087,-44.100078,-43.904373,-43.695218,-43.530426,-43.348126,-43.339676,-43.410996,-43.68191,-44.050528,-44.448548,-44.858289,-45.20192,-45.405512,-45.484153,-45.382432,-45.179575,-44.942267,-44.675158,-44.416481,-44.135277,-43.755053,-43.313811,-42.77101,-42.211467,-41.704998,-41.175466,-40.649968,-40.102464,-39.536863,-39.051193,-38.625401,-38.321258,-38.156138,-38.129939,-38.268604,-38.5439,-38.794132,-38.986836,-39.134997,-39.221142,-39.415571,-39.73086,-40.335133,-41.274766,-42.549731,-44.048975,-45.695016,-47.510835,-49.514094,-51.412823,-52.152698,-51.063918,-49.189922,-47.272256,-45.420861,-43.592868,-41.815319,-40.285025,-39.079655,-38.258916,-37.739482,-37.495423,-37.42725,-37.532911,-37.708224,-37.897736,-37.968176,-37.894125,-37.683869,-37.483436,-37.328474,-37.31446,-37.389558,-37.390241,-37.245013,-36.81889,-36.226729,-35.684838,-35.208121,-34.786267,-34.727544,-35.131164,-35.930054,-36.926419,NA,NA,NA,NA,NA,NA,NA,NA,NA,NA,NA,NA,NA,NA,NA,NA,NA,NA,NA,NA,NA,NA,NA,NA,NA,NA,NA,NA,NA,NA,NA,NA,NA,NA,NA,NA,NA,NA,NA,NA,NA,NA,NA,NA,NA,NA,NA,NA,NA,NA,NA,NA,NA,NA,NA,NA,NA,NA,NA,NA,NA,NA,NA,NA,NA,NA,NA,NA,NA,NA,NA,NA,NA,NA,NA,NA,NA,NA,NA,NA,NA,NA,NA,NA,NA,NA,NA,NA,NA,NA,NA,NA,NA,NA,NA,NA,NA,NA,NA,NA,NA,NA,NA,NA,NA,NA,NA,NA,NA,NA,NA,NA,NA,NA,NA,NA,NA,NA,NA,NA,NA,NA,NA,NA,NA,NA,NA,NA,NA,NA,NA,NA,NA,NA,NA,NA,NA,NA,NA,NA,NA,NA,NA,NA,NA,NA,NA,NA,NA,NA,NA,NA,NA,NA,NA,NA,NA,NA,NA,NA,NA,-58.01693,-62.133216,-67.432292,-62.890883,-56.610844,-52.712726,-50.05001,-47.658707,-45.562587,-43.597385,-41.766299,-40.548813,-39.752413,-39.552636,-40.000048,-40.754083,-41.500651,-41.602653,-41.027143,-40.452637,-40.224969,-40.645235,-41.78179,-43.674279,-46.127526,-48.216514,-48.494033,-47.497697,-46.677009,-46.328553,-46.612359,-46.989805,-46.854213,-46.376418,-45.858473,-45.573492,-45.204152,-44.521553,-43.639947,-42.911225,-42.454957,-42.615891,-43.085896,-43.570788,-43.838016,-43.583154,-43.230837,-43.026864,-43.152642,-43.55237,-43.875213,-43.820673,-43.382972,-42.605526,-41.794801,-41.29724,-41.025697,-41.107583,-41.300163,-41.405762,-41.570034,-41.754724,-41.987639,-42.460724,-42.696869,-42.595316,-42.35358,-41.649936,-40.979083,-40.6658,-40.477482,-40.504747,-40.851074,-41.595615,-42.752832,-44.249448,-45.949937,-47.950118,-50.075906,-52.359244,-54.683892,-55.170306,-52.714937,-49.556678,-47.136101,-45.152558,-43.578964,-42.48658,-41.318505,-40.477487,-39.615749,-38.745413,-38.059837,-37.210481,-36.693263,-36.714232,-36.856088,-37.215409,-37.437514,-37.308114,-37.090125,-36.513344,-35.883502,-35.058072,-34.181382,-34.3116,-34.410357,-35.314273,-36.066083,-35.995536,-36.018906,-35.449276,-34.904572,-34.697838,-34.402999,-34.581026,-34.636289,-34.839372,-35.186667,-35.564908,-36.223682,-36.515272,-36.853137,-36.909682,-36.87482,-37.039362,-36.982609,-37.233966,-37.290641,-37.505714,-37.73223,-37.902114,-38.327765,-38.882339,-39.782932,-40.99323,-41.71859,-41.513254,-41.181957,-41.071336,-41.31779,-41.96274,-42.899588,-43.68773,-43.669842,-42.848919,-41.904252,-41.666422,-41.888305,-42.026429,-42.502784,-43.11849,-43.296702,-42.762236,-41.309916,-39.944889,-38.867364,-37.706436,-36.548692,-35.224687,-33.842479,-32.98493,-32.488818,-33.069961,-33.8848,-34.376062,-34.439501,-33.97634,-33.197201,-32.502627,-31.809528,-31.673056,-31.757046,-32.124507,-32.850152
"LT001",2022-07-21,2022-07-21 16:56:00,2022-07-27,"lakeTrout",81,454,410,930,249,48,"N","2",1,75,29,4,1,"2A","MD","Region_37","Region_37_4196",2.279316," 21:05:47.4480",0,0.3136,0.58678,0,15.275808,-0.89077,0.64512,-0.237467,0.171973,0.011793,0.029429,15.272994,4196,4105,4214,81,-46.13063,15.20832,1.9896,0.070234,13.636,27.1298,0.020224,16.5,15.192366,15.368508,15.023409,0.041183,1.100456,1.428213,1.266889,1.12068,1.448437,1.287112,-46.789106,-48.16718,-49.324246,-49.707186,-49.877878,-49.707914,-49.809589,-50.205635,-50.973234,-52.266375,-54.122535,-56.683173,-59.118316,-60.115874,-59.913644,-59.856162,-60.517337,-62.056031,-64.555806,-67.030879,-65.963068,-63.214439,-61.327709,-60.331869,-59.845306,-59.344064,-58.412451,-57.191047,-55.96417,-54.925188,-53.957556,-52.754618,-51.348469,-49.903485,-48.578704,-47.522248,-46.702129,-46.156702,-45.893535,-45.932298,-46.347565,-47.156028,-48.173824,-49.255164,-50.30469,-51.31102,-52.591047,-54.460249,-57.370687,-58.63256,-54.499469,-50.673452,-48.195941,-46.610679,-45.581474,-44.950861,-44.654727,-44.63413,-44.839678,-45.005657,-44.795176,-44.128242,-43.391997,-43.112262,-43.459198,-44.420051,-45.549532,-45.865641,-44.612956,-42.678049,-40.941048,-39.755405,-39.139531,-39.091486,-39.521937,-40.362798,-41.250153,-41.577057,-40.822244,-39.402127,-38.128071,-37.247418,-36.821529,-36.85637,-37.143284,-37.418738,-37.645341,-37.687392,-37.660967,-37.789641,NA,NA,NA,NA,NA,NA,NA,NA,NA,NA,NA,NA,NA,NA,NA,NA,NA,NA,NA,NA,NA,NA,NA,NA,NA,NA,NA,NA,NA,NA,NA,NA,NA,NA,NA,NA,NA,NA,NA,NA,NA,NA,NA,NA,NA,NA,NA,NA,NA,NA,NA,NA,NA,NA,NA,NA,NA,NA,NA,NA,NA,NA,NA,NA,NA,NA,NA,NA,NA,NA,NA,NA,NA,NA,NA,NA,NA,NA,NA,NA,NA,NA,NA,NA,NA,NA,NA,NA,NA,NA,NA,NA,NA,NA,NA,NA,NA,NA,NA,NA,NA,NA,NA,NA,NA,NA,NA,NA,NA,NA,NA,NA,NA,NA,NA,NA,NA,NA,NA,NA,NA,NA,NA,NA,NA,NA,NA,NA,NA,NA,NA,NA,NA,NA,NA,NA,NA,NA,NA,NA,NA,NA,NA,NA,NA,NA,NA,NA,NA,NA,NA,NA,NA,NA,NA,NA,NA,NA,NA,NA,NA,-39.832564,-40.020426,-40.162834,-40.347506,-40.627675,-41.215332,-41.803496,-41.941742,-42.040346,-42.20023,-42.515215,-43.335048,-44.017514,-43.93881,-42.779881,-40.922985,-39.214771,-37.937073,-37.083473,-36.642822,-36.343891,-36.144543,-35.966698,-35.82384,-35.720966,-35.656135,-35.583516,-35.424092,-35.252627,-34.960109,-34.828276,-34.845346,-35.046282,-35.459099,-35.768992,-36.071612,-36.26871,-36.366174,-36.476567,-36.751438,-37.111951,-37.843733,-38.800205,-39.989053,-41.271565,-41.809948,-41.303066,-40.047047,-38.665539,-37.537364,-36.709686,-36.147616,-35.839019,-35.595621,-35.415455,-35.380913,-35.326953,-35.463589,-35.6259,-35.589066,-35.394253,-34.920443,-34.262788,-33.881639,-33.714258,-33.92024,-34.565338,-35.0535,-35.592457,-36.248392,-36.552188,-36.424366,-35.986819,-35.472476,-35.044533,-34.772502,-34.721151,-35.164572,-35.933242,-36.81047,-37.690686,-38.489983,-38.867148,-38.47669,-37.952711,-37.282717,-36.807584,-36.725264,-36.36172,-36.059633,-35.588943,-35.101278,-34.91816,-34.75784,-35.040226,-35.593602,-35.616667,-35.609938,-35.78064,-36.06483,-36.667213,-37.139456,-37.443781,-36.755457,-34.880957,-33.805046,-33.37343,-34.612312,-36.420441,-37.668955,-38.391973,-37.367942,-35.79277,-34.825698,-34.426851,-35.193415,-36.333103,-37.366205,-37.112291,-35.684465,-34.697558,-34.223721,-34.718005,-35.493782,-35.956882,-35.49713,-33.704167,-32.00373,-30.638291,-30.238851,-30.639053,-31.28147,-31.340954,-30.180034,-28.909303,-28.56086,-29.126213,-30.207333,-31.754394,-32.728244,-32.53286,-31.944154,-31.643284,-31.754966,-32.168635,-32.647225,-32.825993,-32.830445,-32.535649,-31.843999,-31.436168,-31.362999,-31.482432,-31.925636,-31.772783,-31.157248,-30.613555,-30.404939,-30.884828,-31.816085,-32.795732,-33.523552,-32.86481,-31.798744,-31.002871,-31.109874,-32.534526,-35.406567,-40.33512,-45.981361,-42.880192,-40.18858,-38.129978,-35.989475,-34.70885
"LT001",2022-07-21,2022-07-21 16:56:00,2022-07-27,"lakeTrout",81,454,410,930,249,48,"N","2",1,75,29,4,1,"2A","MD","Region_37","Region_37_4197",2.909468," 21:05:47.5720",-0.0468219999999988,0.672876,0.572,-3.03482658093457,15.275808,-0.57717,1.2319,-0.153843,0.328395,0.007365,0.197772,15.271503,4197,4105,4214,81,-46.13063,15.20832,1.9896,0.070234,13.636,27.1298,0.020224,16.5,15.192366,15.368508,15.023409,0.041183,1.100456,1.428213,1.266889,1.12068,1.448437,1.287112,-55.141599,-59.360701,-69.959744,-65.38955,-57.711166,-55.040967,-54.974862,-56.910767,-61.542632,-70.149382,-62.149309,-57.66331,-56.413031,-57.622128,-60.077365,-57.792244,-53.089222,-49.716114,-47.558045,-46.391596,-45.97648,-46.157268,-46.662885,-47.022788,-46.83145,-46.105073,-45.268083,-44.790863,-44.76952,-45.180241,-45.891542,-46.671774,-47.50553,-48.414228,-49.43077,-50.578684,-51.646235,-52.434241,-52.69524,-52.246593,-51.13718,-49.743274,-48.481721,-47.581611,-46.97027,-46.447414,-46.032939,-45.657556,-45.465465,-45.499418,-45.705582,-45.797457,-45.533094,-44.96404,-44.294474,-43.717885,-43.367229,-43.318056,-43.69548,-44.544675,-45.856072,-47.195754,-47.529198,-46.801218,-46.117422,-46.27822,-47.631149,-50.894813,-58.57461,-58.016041,-49.993773,-46.359782,-44.566001,-43.815812,-43.495685,-43.020157,-41.932947,-40.50985,-39.264564,-38.522475,-38.498085,-39.045443,-39.833405,-40.166474,-39.280794,-37.54405,-36.051824,-35.314815,-35.3222,-35.722669,NA,NA,NA,NA,NA,NA,NA,NA,NA,NA,NA,NA,NA,NA,NA,NA,NA,NA,NA,NA,NA,NA,NA,NA,NA,NA,NA,NA,NA,NA,NA,NA,NA,NA,NA,NA,NA,NA,NA,NA,NA,NA,NA,NA,NA,NA,NA,NA,NA,NA,NA,NA,NA,NA,NA,NA,NA,NA,NA,NA,NA,NA,NA,NA,NA,NA,NA,NA,NA,NA,NA,NA,NA,NA,NA,NA,NA,NA,NA,NA,NA,NA,NA,NA,NA,NA,NA,NA,NA,NA,NA,NA,NA,NA,NA,NA,NA,NA,NA,NA,NA,NA,NA,NA,NA,NA,NA,NA,NA,NA,NA,NA,NA,NA,NA,NA,NA,NA,NA,NA,NA,NA,NA,NA,NA,NA,NA,NA,NA,NA,NA,NA,NA,NA,NA,NA,NA,NA,NA,NA,NA,NA,NA,NA,NA,NA,NA,NA,NA,NA,NA,NA,NA,NA,NA,NA,NA,NA,NA,NA,NA,-41.317285,-40.752921,-40.188457,-39.707241,-39.34993,-39.331852,-39.315258,-38.808677,-38.182087,-37.530648,-36.959318,-36.896938,-37.040911,-37.320335,-37.536476,-37.431971,-37.281752,-37.269216,-37.474436,-37.921622,-38.254951,-38.278932,-37.953596,-37.557942,-37.380053,-37.597205,-38.255418,-39.226018,-40.22881,-40.427821,-39.652339,-38.4295,-37.471731,-37.116386,-37.084012,-37.312744,-37.571224,-37.852438,-38.292931,-39.029406,-39.757441,-40.184437,-39.77267,-38.899769,-38.179957,-37.674369,-37.53567,-37.486115,-37.340824,-37.058797,-36.640637,-36.193114,-35.827865,-35.451509,-35.121136,-34.93588,-34.774565,-34.884959,-35.160645,-35.495641,-36.056,-36.802491,-37.819616,-39.246028,-40.359335,-40.73668,-40.511276,-39.687338,-38.939985,-38.650816,-38.57231,-38.620662,-38.606136,-38.33966,-37.810006,-37.187875,-36.690064,-36.667531,-37.043896,-37.654362,-38.405663,-39.152113,-39.406614,-38.853861,-38.196231,-37.533045,-37.437834,-38.433223,-40.030958,-42.162104,-43.400693,-43.006246,-41.70718,-39.770167,-37.9868,-36.86261,-36.168008,-36.149573,-36.359124,-36.415054,-36.546181,-36.397642,-36.247223,-35.95816,-35.486571,-35.853578,-36.124301,-37.200348,-38.291545,-38.768807,-39.406582,-39.455235,-39.192267,-38.838099,-38.091034,-37.706107,-37.425023,-37.648295,-38.337987,-39.207497,-39.978701,-39.639653,-38.738393,-37.377684,-36.059118,-35.304083,-34.776607,-34.988215,-35.309317,-35.735575,-35.906513,-35.676149,-35.354017,-34.971197,-34.671935,-34.663541,-34.6485,-34.208171,-33.821202,-33.598863,-33.624029,-33.957972,-34.682489,-35.919604,-37.701425,-39.142732,-37.889587,-35.192863,-32.85669,-30.832658,-29.433723,-28.608899,-28.121769,-28.293159,-28.699867,-29.404637,-30.307964,-31.244289,-32.276585,-32.924991,-32.502714,-31.553385,-30.67047,-30.902045,-31.601928,-32.430567,-32.907562,-32.520812,-31.516645,-30.641555,-30.352065,-31.526468,-33.786573,-36.807768,-38.802878
"LT001",2022-07-21,2022-07-21 16:56:00,2022-07-27,"lakeTrout",81,454,410,930,249,48,"N","2",1,75,29,4,1,"2A","MD","Region_37","Region_37_4198",4.83223," 21:05:47.6990",-0.0936450000000004,1.116994,0.7195,-4.03156366027747,15.228986,0.095706,1.8039,0.025426,0.479382,0.070381,0.150086,15.221417,4198,4105,4214,81,-46.13063,15.20832,1.9896,0.070234,13.636,27.1298,0.020224,16.5,15.192366,15.368508,15.023409,0.041183,1.100456,1.428213,1.266889,1.12068,1.448437,1.287112,-54.012386,-56.457124,-61.147047,-67.506298,-63.396266,-61.234864,-62.983426,-70.01906,-73.552106,-62.93398,-58.731875,-56.695534,-55.405279,-53.90133,-51.89454,-49.976469,-48.599346,-47.882024,-47.823163,-48.275273,-48.508803,-47.645442,-45.920791,-44.230922,-43.109213,-42.760293,-43.303392,-44.896562,-46.985414,-47.311593,-45.430875,-43.707486,-42.981765,-43.22103,-44.318027,-46.307823,-49.242018,-53.540473,-59.770689,-62.888624,-59.884089,-57.42684,-54.510022,-51.917074,-50.147146,-49.009182,-48.43723,-48.31294,-48.735722,-49.496941,-49.712839,-48.576212,-46.899832,-45.472589,-44.400347,-43.590702,-42.955172,-42.436172,-42.110263,-42.054362,-42.384681,-43.079933,-43.768568,-43.996882,-43.810442,-43.878989,-44.707165,-46.857617,-51.526509,-69.04376,-53.532311,-47.474632,-44.901985,-44.128084,-44.769248,-46.930752,-49.731705,-47.473738,-43.004576,-39.971121,-38.352752,-37.777423,-38.028527,-38.935732,-39.836437,-39.447672,-37.697811,-36.087553,-35.433172,-35.700604,NA,NA,NA,NA,NA,NA,NA,NA,NA,NA,NA,NA,NA,NA,NA,NA,NA,NA,NA,NA,NA,NA,NA,NA,NA,NA,NA,NA,NA,NA,NA,NA,NA,NA,NA,NA,NA,NA,NA,NA,NA,NA,NA,NA,NA,NA,NA,NA,NA,NA,NA,NA,NA,NA,NA,NA,NA,NA,NA,NA,NA,NA,NA,NA,NA,NA,NA,NA,NA,NA,NA,NA,NA,NA,NA,NA,NA,NA,NA,NA,NA,NA,NA,NA,NA,NA,NA,NA,NA,NA,NA,NA,NA,NA,NA,NA,NA,NA,NA,NA,NA,NA,NA,NA,NA,NA,NA,NA,NA,NA,NA,NA,NA,NA,NA,NA,NA,NA,NA,NA,NA,NA,NA,NA,NA,NA,NA,NA,NA,NA,NA,NA,NA,NA,NA,NA,NA,NA,NA,NA,NA,NA,NA,NA,NA,NA,NA,NA,NA,NA,NA,NA,NA,NA,NA,NA,NA,NA,NA,NA,NA,-40.10244,-40.19202,-40.038796,-39.766345,-39.554992,-39.821365,-40.27171,-40.385341,-40.338691,-39.974189,-39.28334,-38.730732,-38.221002,-37.860312,-37.585944,-37.240638,-36.986105,-36.916593,-37.106284,-37.64942,-38.332355,-38.911048,-39.06518,-38.845983,-38.591141,-38.598084,-39.042548,-39.971093,-41.38844,-42.681588,-42.754974,-41.435937,-40.078896,-39.408181,-39.206091,-39.286103,-39.282166,-39.078266,-38.725149,-38.412145,-38.148873,-38.166429,-38.268656,-38.445237,-38.645184,-38.617884,-38.436863,-38.043489,-37.632928,-37.417191,-37.375639,-37.482114,-37.641457,-37.533921,-37.026699,-36.225516,-35.357533,-34.906116,-34.752919,-34.693187,-34.768518,-34.840996,-35.070466,-35.816792,-36.906722,-38.489953,-40.391942,-42.021987,-43.360241,-43.988247,-43.232156,-41.624234,-39.990501,-38.753211,-38.024641,-37.786541,-37.981405,-38.656709,-39.526966,-40.172939,-40.424241,-40.465945,-40.168249,-39.407833,-38.637144,-37.676278,-36.95114,-36.955298,-37.356493,-38.607372,-40.230788,-41.865826,-43.034954,-42.057627,-39.843047,-38.311751,-37.617299,-38.028524,-38.892308,-39.424396,-39.410936,-38.169628,-36.441077,-34.907647,-33.816529,-34.262741,-35.207059,-37.137872,-38.898155,-39.388694,-39.264597,-38.575696,-38.081553,-38.30146,-38.833037,-39.940996,-40.869373,-41.184761,-40.537466,-39.575468,-39.024713,-38.411579,-37.949237,-37.081412,-35.852189,-34.732245,-33.466521,-32.762481,-32.360666,-32.495643,-33.109607,-34.079341,-35.370026,-36.665965,-37.359554,-37.380691,-36.880665,-35.955382,-35.406843,-35.337004,-35.691828,-36.36326,-37.222838,-38.06105,-38.4599,-37.94676,-36.646842,-35.475423,-34.625433,-33.908387,-33.598997,-33.765427,-33.839697,-33.773075,-33.163973,-32.283091,-31.504002,-31.048377,-31.077237,-31.728843,-32.661632,-33.595609,-33.599745,-33.019307,-32.201058,-32.095011,-32.86686,-34.60529,-37.756899,-41.896281,-41.619799,-39.12773,-37.826612,-37.733298,-37.875959
"LT001",2022-07-21,2022-07-21 16:56:00,2022-07-27,"lakeTrout",81,454,410,930,249,48,"N","2",1,75,29,4,1,"2A","MD","Region_37","Region_37_4208",3.140906," 21:05:48.9490",0.0468229999999998,-0.70943,-0.57452,2.93618928781086,15.299219,-0.0367,1.4562,-0.009796,0.388806,0.046281,0.046392,15.294275,4208,4105,4214,81,-46.13063,15.20832,1.9896,0.070234,13.636,27.1298,0.020224,16.5,15.192366,15.368508,15.023409,0.041183,1.100456,1.428213,1.266889,1.12068,1.448437,1.287112,-46.867393,-45.459945,-44.46155,-43.624723,-43.488746,-43.491104,-43.745682,-43.923824,-43.888393,-43.691249,-43.359237,-43.216124,-43.25631,-43.614012,-44.140631,-44.716493,-45.289853,-45.806003,-46.281662,-46.845142,-47.535775,-48.448585,-49.60173,-50.89025,-52.095373,-52.724639,-52.394572,-51.50397,-50.57034,-49.866762,-49.389462,-48.985645,-48.700863,-48.58171,-48.675736,-49.053441,-49.578839,-50.10372,-50.344678,-50.035109,-49.107679,-47.715459,-46.170537,-44.804521,-43.665415,-42.622192,-41.715292,-40.855903,-40.14253,-39.601728,-39.294004,-39.16688,-39.092541,-38.97115,-38.774976,-38.55252,-38.376296,-38.300465,-38.446653,-38.878484,-39.695658,-40.942632,-42.5698,-44.632004,-47.275249,-50.932393,-54.44612,-51.748784,-47.481785,-44.519264,-42.535016,-41.25479,-40.430494,-39.914848,-39.527896,-39.187074,-38.75303,-38.244187,-37.684369,-37.109368,-36.675038,-36.352488,-36.155222,-36.099394,-36.004083,-35.745916,-35.584913,-35.731444,-36.258207,-36.982771,NA,NA,NA,NA,NA,NA,NA,NA,NA,NA,NA,NA,NA,NA,NA,NA,NA,NA,NA,NA,NA,NA,NA,NA,NA,NA,NA,NA,NA,NA,NA,NA,NA,NA,NA,NA,NA,NA,NA,NA,NA,NA,NA,NA,NA,NA,NA,NA,NA,NA,NA,NA,NA,NA,NA,NA,NA,NA,NA,NA,NA,NA,NA,NA,NA,NA,NA,NA,NA,NA,NA,NA,NA,NA,NA,NA,NA,NA,NA,NA,NA,NA,NA,NA,NA,NA,NA,NA,NA,NA,NA,NA,NA,NA,NA,NA,NA,NA,NA,NA,NA,NA,NA,NA,NA,NA,NA,NA,NA,NA,NA,NA,NA,NA,NA,NA,NA,NA,NA,NA,NA,NA,NA,NA,NA,NA,NA,NA,NA,NA,NA,NA,NA,NA,NA,NA,NA,NA,NA,NA,NA,NA,NA,NA,NA,NA,NA,NA,NA,NA,NA,NA,NA,NA,NA,NA,NA,NA,NA,NA,NA,-48.644689,-48.54698,-48.558649,-48.815395,-49.36457,-50.382236,-51.506694,-52.34428,-53.461226,-55.089115,-57.150516,-59.25198,-60.534239,-61.978081,-62.655457,-60.119837,-57.614419,-56.239496,-55.267292,-54.192942,-53.109018,-52.491593,-52.421639,-52.82125,-53.573928,-54.655505,-56.073308,-57.436791,-57.395792,-54.949012,-51.760781,-48.826257,-46.499867,-44.992406,-44.059016,-43.634156,-43.412028,-43.285589,-43.330641,-43.776959,-44.6818,-46.413599,-48.941798,-52.446964,-56.010799,-54.32445,-50.447645,-47.648287,-45.928424,-45.025382,-44.627086,-44.602497,-44.978053,-45.730321,-46.934196,-48.01381,-47.367212,-45.513295,-43.661962,-42.128976,-41.035471,-40.21328,-39.685509,-39.706015,-40.037395,-40.815602,-42.084072,-43.334167,-44.661003,-45.842112,-46.158621,-45.613915,-44.690851,-43.8894,-43.474379,-43.474767,-43.768175,-44.402221,-45.273293,-46.455543,-48.27615,-51.05662,-54.370752,-56.618369,-56.085737,-53.572889,-51.353577,-50.37544,-50.134348,-50.714299,-51.370902,-51.968719,-53.02078,-54.614827,-57.734937,-62.523651,-66.183901,-68.207014,-68.170687,-66.320492,-66.154089,-69.481546,-74.229352,-64.95055,-61.93627,-63.450602,-60.347856,-56.293127,-54.308928,-52.9899,-52.134413,-50.304536,-48.048256,-46.451275,-45.606722,-46.1021,-46.85751,-46.461485,-44.882059,-43.77278,-43.953635,-44.819389,-46.442697,-47.077294,-45.082939,-42.38067,-40.230292,-39.558696,-39.944604,-41.541233,-43.622111,-43.985422,-42.298835,-40.721652,-40.1489,-40.835187,-42.355371,-43.491756,-42.579517,-39.884312,-37.635234,-36.488209,-36.436575,-37.32829,-38.729931,-39.735057,-39.898642,-40.182938,-40.640489,-40.537746,-40.010434,-39.274561,-38.119788,-36.870419,-35.611121,-34.997743,-35.230651,-36.137217,-37.455755,-38.299176,-37.932255,-37.152662,-36.349585,-36.293903,-36.474328,-36.736975,-36.107856,-34.256275,-32.532075,-31.866918,-32.337085,-33.832186,-33.803444,-32.404076,-31.366953
"LT001",2022-07-21,2022-07-21 16:56:00,2022-07-27,"lakeTrout",81,454,410,930,249,48,"N","2",1,75,29,4,1,"2A","MD","Region_37","Region_37_4209",2.298475," 21:05:49.0730",NA,NA,NA,NA,15.346042,-0.74613,0.88168,-0.199814,0.236119,0.020305,0.037452,15.342924,4209,4105,4214,81,-46.13063,15.20832,1.9896,0.070234,13.636,27.1298,0.020224,16.5,15.192366,15.368508,15.023409,0.041183,1.100456,1.428213,1.266889,1.12068,1.448437,1.287112,-47.87824,-47.562962,-47.822073,-47.916123,-47.964926,-47.369966,-46.647513,-45.962131,-45.486292,-45.327467,-45.344409,-45.548399,-45.64822,-45.684661,-45.633496,-45.577046,-45.630689,-45.817425,-46.132208,-46.588697,-47.005056,-47.198926,-46.998434,-46.391658,-45.604982,-44.851957,-44.259004,-43.955704,-43.802123,-43.628187,-43.341415,-42.9514,-42.674331,-42.587148,-42.638271,-42.733881,-42.61712,-42.209318,-41.549646,-40.763844,-40.02981,-39.467839,-39.022764,-38.674476,-38.383102,-38.077661,-37.887503,-37.789338,-37.905861,-38.219955,-38.66566,-39.096655,-39.462658,-39.847658,-40.357324,-41.0687,-41.985919,-42.999988,-43.972141,-44.664346,-44.931669,-44.621097,-43.64086,-42.389887,-41.317167,-40.657282,-40.316,-40.188766,-40.094755,-39.990051,-39.795087,-39.547605,-39.238729,-38.928859,-38.638601,-38.486228,-38.501095,-38.812291,-39.43229,-40.180753,-40.66117,-40.210705,-38.945489,-37.531067,-36.248761,-35.136498,-34.44148,-34.189195,-34.258501,-34.443173,NA,NA,NA,NA,NA,NA,NA,NA,NA,NA,NA,NA,NA,NA,NA,NA,NA,NA,NA,NA,NA,NA,NA,NA,NA,NA,NA,NA,NA,NA,NA,NA,NA,NA,NA,NA,NA,NA,NA,NA,NA,NA,NA,NA,NA,NA,NA,NA,NA,NA,NA,NA,NA,NA,NA,NA,NA,NA,NA,NA,NA,NA,NA,NA,NA,NA,NA,NA,NA,NA,NA,NA,NA,NA,NA,NA,NA,NA,NA,NA,NA,NA,NA,NA,NA,NA,NA,NA,NA,NA,NA,NA,NA,NA,NA,NA,NA,NA,NA,NA,NA,NA,NA,NA,NA,NA,NA,NA,NA,NA,NA,NA,NA,NA,NA,NA,NA,NA,NA,NA,NA,NA,NA,NA,NA,NA,NA,NA,NA,NA,NA,NA,NA,NA,NA,NA,NA,NA,NA,NA,NA,NA,NA,NA,NA,NA,NA,NA,NA,NA,NA,NA,NA,NA,NA,NA,NA,NA,NA,NA,NA,-47.14672,-48.317795,-49.603905,-50.757088,-51.462275,-51.868501,-51.998308,-51.73596,-51.554014,-51.324297,-50.757457,-50.08662,-49.229628,-48.591322,-48.367087,-48.386364,-48.720479,-49.21682,-49.712803,-50.196356,-50.494474,-50.693012,-50.809852,-50.924234,-51.104095,-51.420506,-51.874586,-52.293199,-52.377007,-51.518157,-50.00601,-48.370314,-47.140437,-46.632329,-46.641367,-47.204408,-48.059282,-48.983602,-49.783264,-50.317545,-50.423136,-50.54062,-50.733488,-51.211543,-52.290721,-54.154054,-57.758533,-65.810741,-70.384466,-59.622015,-55.474439,-53.026668,-51.365955,-50.040481,-48.993741,-48.293101,-47.693714,-47.290511,-46.90036,-46.396375,-45.948002,-45.5357,-45.293655,-45.610123,-46.276809,-47.302695,-48.65737,-49.742495,-50.754824,-51.657038,-51.801023,-51.086291,-49.87108,-48.62047,-47.620086,-47.003135,-46.843174,-47.370583,-48.371554,-49.548798,-50.589585,-51.108126,-50.744533,-49.47899,-48.108295,-46.541472,-45.06469,-44.037536,-43.060576,-42.533069,-42.00068,-41.380132,-40.885383,-40.229849,-40.026432,-40.608966,-41.527382,-42.762837,-43.808395,-44.409533,-44.908075,-45.049399,-45.143035,-45.131741,-45.283206,-46.759847,-48.285044,-50.14454,-51.119447,-50.586527,-49.589141,-47.75984,-45.962587,-44.755764,-43.857251,-43.792211,-43.76685,-43.604543,-43.05655,-42.256705,-41.75381,-41.113211,-40.824551,-40.534599,-40.324764,-40.346667,-40.027298,-39.873129,-39.497874,-39.350063,-39.421888,-39.73085,-40.559883,-41.683286,-42.95422,-44.13843,-44.772663,-44.651764,-44.358484,-44.106079,-44.097646,-44.388356,-44.853167,-45.255644,-45.450593,-45.565267,-45.833879,-46.632505,-47.34755,-47.12545,-46.257542,-44.837805,-43.01011,-41.564342,-40.44299,-39.960335,-39.974937,-40.099755,-40.347285,-40.445505,-40.156359,-39.620792,-38.464045,-37.558006,-36.665523,-35.96558,-35.596687,-35.279682,-34.890029,-34.497031,-33.934724,-33.814253,-33.841241,-34.166831,-34.695424
"LT001",2022-07-21,2022-07-21 16:56:00,2022-07-27,"lakeTrout",81,454,410,930,249,48,"N","2",1,75,29,4,1,"2A","MD","Region_37","Region_37_4211",1.054317," 21:05:49.3200",-0.0234110000000012,1.0757,0.21892,-1.22172390749573,15.334336,-0.53795,0.54804,-0.143967,0.146665,0.020852,0.036328,15.332959,4211,4105,4214,81,-46.13063,15.20832,1.9896,0.070234,13.636,27.1298,0.020224,16.5,15.192366,15.368508,15.023409,0.041183,1.100456,1.428213,1.266889,1.12068,1.448437,1.287112,-63.504653,-63.719129,-65.286919,-65.748525,-63.07335,-59.591483,-57.404218,-56.255214,-55.755818,-55.598534,-55.414494,-55.260906,-55.093005,-55.028079,-54.69756,-53.70695,-52.164123,-50.494796,-49.05281,-48.051075,-47.427401,-47.104048,-46.91834,-46.682085,-46.382315,-46.116707,-46.041001,-46.376907,-47.074577,-47.959942,-48.747802,-49.272918,-49.89702,-51.028595,-52.933738,-55.735478,-58.735164,-59.804085,-58.764349,-57.626347,-56.620362,-55.037227,-53.067193,-51.564749,-50.763975,-50.461486,-50.491908,-50.316337,-49.446992,-47.941548,-46.55295,-45.724037,-45.395391,-45.27445,-45.059678,-44.618953,-44.009896,-43.362373,-42.840339,-42.464343,-42.264376,-42.265926,-42.500691,-43.096699,-44.035367,-45.275037,-46.57318,-47.597352,-47.826219,-47.028186,-45.372821,-43.413312,-41.557163,-40.047974,-38.908501,-38.159402,-37.680789,-37.437751,-37.284333,-37.029434,-36.667801,-36.153398,-35.611154,-35.190967,-34.826867,-34.451161,-34.36331,-34.68255,-35.36838,-36.209389,NA,NA,NA,NA,NA,NA,NA,NA,NA,NA,NA,NA,NA,NA,NA,NA,NA,NA,NA,NA,NA,NA,NA,NA,NA,NA,NA,NA,NA,NA,NA,NA,NA,NA,NA,NA,NA,NA,NA,NA,NA,NA,NA,NA,NA,NA,NA,NA,NA,NA,NA,NA,NA,NA,NA,NA,NA,NA,NA,NA,NA,NA,NA,NA,NA,NA,NA,NA,NA,NA,NA,NA,NA,NA,NA,NA,NA,NA,NA,NA,NA,NA,NA,NA,NA,NA,NA,NA,NA,NA,NA,NA,NA,NA,NA,NA,NA,NA,NA,NA,NA,NA,NA,NA,NA,NA,NA,NA,NA,NA,NA,NA,NA,NA,NA,NA,NA,NA,NA,NA,NA,NA,NA,NA,NA,NA,NA,NA,NA,NA,NA,NA,NA,NA,NA,NA,NA,NA,NA,NA,NA,NA,NA,NA,NA,NA,NA,NA,NA,NA,NA,NA,NA,NA,NA,NA,NA,NA,NA,NA,NA,-52.165563,-49.701872,-47.804911,-46.441536,-45.505926,-45.054363,-44.750075,-44.084546,-43.408336,-42.776789,-42.242884,-42.274718,-42.615551,-43.38389,-44.656691,-46.258348,-48.302057,-50.362294,-51.555121,-51.663176,-51.273168,-50.818164,-49.850334,-48.08638,-45.936909,-43.952082,-42.358377,-41.15719,-40.446196,-40.05458,-40.221201,-40.822868,-41.706469,-42.554657,-42.765622,-42.653929,-42.512389,-42.581669,-43.077922,-44.197636,-45.762489,-47.589424,-48.427133,-47.697611,-46.329445,-44.83419,-43.609919,-42.569341,-41.739096,-41.165943,-40.787362,-40.584243,-40.639514,-40.900201,-41.401815,-42.022128,-42.189393,-42.094752,-41.919702,-41.725817,-41.71525,-41.855472,-42.197001,-43.010628,-43.904022,-44.630781,-45.081107,-44.687285,-43.933668,-43.286695,-42.634346,-42.102044,-41.711393,-41.392727,-41.064014,-40.717562,-40.429468,-40.510437,-40.816841,-41.176136,-41.473569,-41.575531,-41.243902,-40.241322,-39.239931,-38.108181,-37.115258,-36.606423,-36.170779,-36.228092,-36.355562,-36.53485,-36.924806,-37.132899,-37.620255,-38.475498,-39.227617,-40.055864,-40.777733,-41.343217,-42.013909,-42.34245,-42.296454,-41.53103,-40.517336,-40.743558,-41.272314,-42.862855,-44.341609,-44.707325,-44.578678,-43.223369,-41.573806,-40.286111,-39.161405,-38.885371,-38.863182,-39.268737,-39.902649,-40.439087,-40.995,-40.928823,-40.794626,-40.408923,-40.09793,-40.215826,-40.299408,-40.714861,-40.728043,-40.67302,-40.529681,-40.304757,-40.286061,-40.246177,-40.405302,-41.077248,-42.023704,-42.918742,-44.076985,-45.114928,-45.345564,-44.516995,-43.168091,-41.861161,-40.859236,-40.248473,-40.033508,-40.556639,-41.501299,-42.522464,-44.528921,-47.959106,-48.31887,-43.065757,-39.111348,-36.878708,-35.701606,-34.918909,-34.532214,-34.22528,-33.900395,-33.903676,-33.918174,-34.628119,-35.09834,-34.888869,-34.219685,-33.231177,-32.232806,-31.524485,-30.88439,-30.752343,-30.63402,-30.542927,-30.607756
"LT001",2022-07-21,2022-07-21 16:56:00,2022-07-27,"lakeTrout",81,454,410,930,249,48,"N","2",1,75,29,4,1,"2A","MD","Region_37","Region_37_4212",1.472041," 21:05:49.4480",-0.0351169999999996,1.26905,0.40234,-1.51099391287368,15.310925,0.53775,0.76696,0.143687,0.204937,0.025139,0.05295,15.308879,4212,4105,4214,81,-46.13063,15.20832,1.9896,0.070234,13.636,27.1298,0.020224,16.5,15.192366,15.368508,15.023409,0.041183,1.100456,1.428213,1.266889,1.12068,1.448437,1.287112,-66.104427,-68.141741,-67.839665,-63.949398,-60.741733,-59.303188,-60.001881,-62.769219,-65.64684,-61.505312,-56.985004,-54.392993,-53.263968,-53.440311,-54.416478,-54.941829,-53.509469,-50.963901,-48.663402,-47.031232,-45.978222,-45.400587,-45.13634,-44.989707,-44.879953,-44.768777,-44.652517,-44.61765,-44.553166,-44.405347,-44.233858,-44.141309,-44.378392,-45.054755,-46.195996,-47.850036,-49.905431,-52.25867,-54.537864,-56.071225,-56.412982,-55.419553,-53.456158,-51.504065,-49.943213,-48.651993,-47.634344,-46.803303,-46.3054,-46.19569,-46.346893,-46.221605,-45.429159,-44.240703,-43.075555,-42.164016,-41.59244,-41.359326,-41.467044,-41.757064,-42.013846,-42.021659,-41.784326,-41.613596,-41.682902,-42.099948,-42.827199,-43.892648,-45.221313,-46.705568,-47.87919,-48.279581,-47.900109,-47.109602,-45.966802,-44.487594,-42.768868,-41.160939,-39.911847,-39.140562,-38.959435,-39.141577,-39.33507,-39.111868,-38.19279,-36.864928,-35.895449,-35.677546,-36.222319,-37.162917,NA,NA,NA,NA,NA,NA,NA,NA,NA,NA,NA,NA,NA,NA,NA,NA,NA,NA,NA,NA,NA,NA,NA,NA,NA,NA,NA,NA,NA,NA,NA,NA,NA,NA,NA,NA,NA,NA,NA,NA,NA,NA,NA,NA,NA,NA,NA,NA,NA,NA,NA,NA,NA,NA,NA,NA,NA,NA,NA,NA,NA,NA,NA,NA,NA,NA,NA,NA,NA,NA,NA,NA,NA,NA,NA,NA,NA,NA,NA,NA,NA,NA,NA,NA,NA,NA,NA,NA,NA,NA,NA,NA,NA,NA,NA,NA,NA,NA,NA,NA,NA,NA,NA,NA,NA,NA,NA,NA,NA,NA,NA,NA,NA,NA,NA,NA,NA,NA,NA,NA,NA,NA,NA,NA,NA,NA,NA,NA,NA,NA,NA,NA,NA,NA,NA,NA,NA,NA,NA,NA,NA,NA,NA,NA,NA,NA,NA,NA,NA,NA,NA,NA,NA,NA,NA,NA,NA,NA,NA,NA,NA,-52.556438,-50.668349,-48.848769,-47.269104,-46.144563,-45.807973,-46.063547,-46.382621,-46.807572,-46.756691,-45.800447,-44.674026,-43.704131,-43.330769,-43.676487,-44.434744,-45.447227,-46.120291,-45.919818,-45.064069,-43.985914,-43.190682,-42.815934,-42.912027,-43.428795,-44.286895,-45.340847,-46.367,-47.192223,-47.107293,-45.695531,-43.253727,-40.891917,-39.30286,-38.311807,-37.909745,-37.811222,-37.853067,-37.977441,-38.152283,-38.131282,-38.16618,-38.179662,-38.269139,-38.592165,-38.969067,-39.589048,-40.28218,-40.950723,-41.550481,-42.03015,-42.426637,-42.808665,-42.993964,-42.832914,-42.272698,-41.325895,-40.602502,-40.194823,-39.971841,-39.991109,-40.098736,-40.255381,-40.686669,-41.083024,-41.419273,-41.74217,-41.476838,-40.907951,-40.317666,-39.576386,-38.894342,-38.401676,-38.104676,-37.911914,-37.715011,-37.487323,-37.507518,-37.686514,-37.945491,-38.315365,-38.771223,-38.934549,-38.312871,-37.454981,-36.335695,-35.407596,-35.125194,-35.082073,-35.644915,-36.331973,-37.069539,-37.97302,-38.418434,-38.280536,-37.450047,-36.317324,-35.764861,-35.572368,-35.409754,-35.411137,-35.246886,-35.290133,-35.546848,-36.355153,-38.973646,-42.277445,-45.914065,-46.717374,-45.066539,-43.585305,-41.862124,-40.347138,-39.156672,-37.753455,-36.765576,-35.809417,-35.314486,-35.309616,-35.655231,-36.551262,-37.349694,-38.409055,-39.05676,-38.812636,-37.76074,-36.262689,-35.63185,-35.637248,-36.621981,-38.350967,-40.50014,-42.351678,-41.707329,-39.509449,-38.205647,-38.298509,-39.617288,-42.159955,-42.8343,-40.030787,-37.135808,-34.958775,-33.437444,-32.578178,-32.476272,-33.271806,-35.504572,-39.092969,-43.315757,-43.833534,-40.246847,-37.382468,-35.826124,-34.714701,-33.873025,-32.923993,-31.586967,-30.328616,-29.331705,-28.800773,-29.210836,-30.262154,-32.505142,-34.853004,-36.543538,-37.004506,-35.722986,-33.439068,-31.359253,-29.857396,-29.620368,-30.141385,-31.188554,-32.300631
"LT001",2022-07-21,2022-07-21 16:56:00,2022-07-27,"lakeTrout",81,454,410,930,249,48,"N","2",1,75,29,4,1,"2A","MD","Region_43","Region_43_5081",5.159779," 21:07:38.4590",0.0117060000000002,-0.25644,-0.4367,1.32414919912629,15.439686,0.65503,1.717,0.17643,0.462593,0.043668,0.214681,15.431746,5081,5065,5182,61,-44.738615,15.288473,1.2184,-0.163878,14.537,17.7123,0.020224,16.5,15.263552,15.447161,15.018703,-0.163755,1.030223,1.428213,1.217116,1.050447,1.448437,1.237339,-57.558991,-57.882571,-58.407189,-58.201849,-57.890187,-57.722884,-58.0304,-57.86246,-56.685638,-55.154825,-53.934887,-53.586668,-54.085848,-55.098204,-55.048105,-53.127619,-50.7131,-48.697308,-47.256045,-46.41723,-46.045182,-46.008656,-46.080462,-45.974135,-45.567397,-44.925051,-44.234336,-43.77741,-43.623839,-43.822297,-44.348774,-45.044892,-45.841025,-46.58564,-47.171453,-47.650084,-48.029258,-48.467037,-49.109127,-50.111916,-51.55007,-53.027161,-53.717205,-53.468604,-52.626424,-51.36999,-49.91443,-48.297009,-46.741071,-45.407551,-44.481524,-43.979856,-43.783151,-43.755875,-43.806351,-43.907473,-44.051439,-44.186929,-44.297647,-44.316529,-44.268737,-44.231232,-44.268099,-44.516209,-45.03089,-45.959316,-47.405979,-49.633241,-52.931022,-57.69027,-62.114603,-61.644416,-59.922231,-56.628747,-52.107711,-48.206062,-45.229846,-43.167251,-42.000806,-41.753259,-42.563183,-44.248156,-45.820129,-45.124447,-42.68249,-40.42703,-39.148372,-39.039968,-40.047556,-41.782793,NA,NA,NA,NA,NA,NA,NA,NA,NA,NA,NA,NA,NA,NA,NA,NA,NA,NA,NA,NA,NA,NA,NA,NA,NA,NA,NA,NA,NA,NA,NA,NA,NA,NA,NA,NA,NA,NA,NA,NA,NA,NA,NA,NA,NA,NA,NA,NA,NA,NA,NA,NA,NA,NA,NA,NA,NA,NA,NA,NA,NA,NA,NA,NA,NA,NA,NA,NA,NA,NA,NA,NA,NA,NA,NA,NA,NA,NA,NA,NA,NA,NA,NA,NA,NA,NA,NA,NA,NA,NA,NA,NA,NA,NA,NA,NA,NA,NA,NA,NA,NA,NA,NA,NA,NA,NA,NA,NA,NA,NA,NA,NA,NA,NA,NA,NA,NA,NA,NA,NA,NA,NA,NA,NA,NA,NA,NA,NA,NA,NA,NA,NA,NA,NA,NA,NA,NA,NA,NA,NA,NA,NA,NA,NA,NA,NA,NA,NA,NA,NA,NA,NA,NA,NA,NA,NA,NA,NA,NA,NA,NA,-42.304065,-41.727584,-41.372975,-41.139732,-40.932562,-41.021684,-41.140276,-40.989077,-41.040508,-41.329379,-41.791676,-42.56874,-43.203634,-43.628759,-43.811092,-43.628463,-43.16949,-42.537525,-41.952137,-41.690559,-41.719566,-41.931841,-41.925347,-41.348139,-40.269275,-39.047358,-37.980516,-37.182773,-36.772739,-36.716452,-37.211255,-38.260198,-39.742216,-41.116545,-41.3427,-40.621877,-39.698984,-39.074153,-38.945902,-39.460277,-40.533285,-42.175669,-43.615366,-44.097121,-43.701705,-43.076959,-42.838476,-42.880523,-42.942808,-42.844798,-42.558475,-42.294635,-42.226263,-42.250607,-42.267691,-41.959787,-41.121339,-40.35369,-39.775929,-39.240262,-38.737838,-38.042997,-37.242236,-36.678098,-36.20092,-36.022802,-36.033982,-35.757217,-35.483414,-35.443005,-35.458816,-35.570048,-35.761116,-35.948513,-36.036879,-36.009004,-35.951533,-36.127887,-36.520635,-37.056897,-37.889437,-39.261756,-40.739296,-41.565844,-41.333639,-39.675307,-37.701451,-36.42879,-35.666575,-35.838666,-36.440091,-37.198267,-38.255712,-38.934207,-39.210103,-39.410341,-39.602814,-40.540321,-42.128788,-44.389766,-48.507676,-52.818576,-47.248887,-42.648306,-40.360677,-40.718511,-42.435764,-46.066475,-49.786782,-47.964269,-43.937715,-40.699244,-38.605931,-37.806813,-37.796184,-38.847686,-40.091903,-40.511939,-39.348174,-37.754991,-36.808133,-36.213364,-36.416883,-37.074682,-38.119166,-39.003738,-37.884145,-35.927241,-34.075753,-32.862862,-32.166397,-31.803316,-31.790055,-32.045673,-32.367298,-32.842036,-33.37395,-33.746397,-34.61112,-36.037476,-37.677633,-38.331943,-37.08796,-35.031392,-33.198429,-31.875911,-31.100422,-31.150807,-31.755863,-32.60565,-34.073097,-36.413652,-39.061286,-40.704136,-39.656119,-37.772285,-36.179248,-34.837006,-33.594836,-32.450576,-31.27814,-30.541319,-30.413839,-31.524701,-33.410324,-36.159456,-39.26534,-42.192318,-44.526821,-45.212264,-44.640802,-43.617336,-40.433232,-37.385687,-35.524927
"LT001",2022-07-21,2022-07-21 16:56:00,2022-07-27,"lakeTrout",81,454,410,930,249,48,"N","2",1,75,29,4,1,"2A","MD","Region_43","Region_43_5082",2.74062," 21:07:38.5820",NA,NA,NA,NA,15.451392,0.39859,1.2803,0.107463,0.345241,0.068442,0.015032,15.447161,5082,5065,5182,61,-44.738615,15.288473,1.2184,-0.163878,14.537,17.7123,0.020224,16.5,15.263552,15.447161,15.018703,-0.163755,1.030223,1.428213,1.217116,1.050447,1.448437,1.237339,-48.545963,-47.666479,-46.985564,-46.316446,-46.429192,-46.896996,-47.70672,-48.224926,-48.152307,-47.731883,-47.317541,-47.442029,-48.178293,-49.664271,-51.695257,-53.95618,-55.899676,-56.830873,-56.791525,-56.501109,-56.344048,-56.470148,-56.911262,-57.714977,-59.066452,-60.937867,-61.925776,-60.074839,-57.328893,-55.32119,-54.202901,-53.687906,-53.397472,-52.7512,-51.564172,-50.269495,-49.186426,-48.519932,-48.317363,-48.551286,-49.047994,-49.254449,-48.735476,-47.959509,-47.405599,-47.169556,-47.410392,-48.155536,-49.633896,-51.905857,-54.673394,-56.961476,-57.834465,-57.009625,-54.712547,-51.833443,-49.163464,-47.022778,-45.555988,-44.750277,-44.564041,-44.800089,-45.03818,-44.970852,-44.595335,-44.265362,-44.183722,-44.468013,-45.036877,-45.819407,-46.605316,-47.29717,-47.863752,-48.434589,-49.056608,-49.710926,-50.103995,-50.067015,-49.734542,-49.445087,-49.491195,-49.821236,-50.523635,-51.864338,-53.773912,-54.996825,-53.119055,-49.240654,-45.76796,-43.362954,NA,NA,NA,NA,NA,NA,NA,NA,NA,NA,NA,NA,NA,NA,NA,NA,NA,NA,NA,NA,NA,NA,NA,NA,NA,NA,NA,NA,NA,NA,NA,NA,NA,NA,NA,NA,NA,NA,NA,NA,NA,NA,NA,NA,NA,NA,NA,NA,NA,NA,NA,NA,NA,NA,NA,NA,NA,NA,NA,NA,NA,NA,NA,NA,NA,NA,NA,NA,NA,NA,NA,NA,NA,NA,NA,NA,NA,NA,NA,NA,NA,NA,NA,NA,NA,NA,NA,NA,NA,NA,NA,NA,NA,NA,NA,NA,NA,NA,NA,NA,NA,NA,NA,NA,NA,NA,NA,NA,NA,NA,NA,NA,NA,NA,NA,NA,NA,NA,NA,NA,NA,NA,NA,NA,NA,NA,NA,NA,NA,NA,NA,NA,NA,NA,NA,NA,NA,NA,NA,NA,NA,NA,NA,NA,NA,NA,NA,NA,NA,NA,NA,NA,NA,NA,NA,NA,NA,NA,NA,NA,NA,-56.321242,-56.515719,-57.145365,-58.405305,-60.666435,-65.406212,-74.299754,-62.836459,-56.052739,-51.678748,-48.517644,-46.529448,-45.249223,-44.628235,-44.574305,-44.830632,-45.503808,-46.585728,-48.013889,-49.401768,-49.528811,-48.429135,-47.309489,-46.90786,-47.483972,-49.322871,-53.068985,-57.833964,-52.675631,-47.466807,-44.472455,-42.9619,-42.671535,-43.448844,-44.638381,-45.601552,-45.60153,-44.880714,-44.158482,-43.953877,-44.303059,-45.354165,-46.492081,-46.898615,-46.266605,-45.112997,-44.4178,-44.508739,-45.630927,-47.983372,-51.517888,-54.218781,-52.038418,-48.985309,-47.21433,-46.840739,-47.188756,-47.242696,-46.258127,-44.85207,-43.721825,-42.8802,-42.32664,-42.203612,-42.08474,-41.976951,-42.05429,-42.082296,-42.587189,-43.932599,-45.955631,-48.729213,-51.867955,-53.235834,-51.618213,-49.319866,-47.275464,-45.720306,-44.536145,-43.663068,-43.226683,-43.378333,-43.844828,-44.287456,-45.330022,-47.168046,-50.369053,-51.752075,-48.275276,-45.841287,-44.602782,-44.068058,-44.199177,-44.49424,-45.357786,-46.92652,-48.532109,-50.11771,-51.331622,-52.245395,-53.565632,-55.27171,-57.414837,-57.668343,-55.338909,-54.211589,-54.113222,-55.748866,-58.067392,-59.836026,-59.994889,-57.399747,-54.641372,-53.046397,-52.492041,-53.848982,-57.457662,-61.439899,-55.379416,-51.107519,-49.227494,-48.32935,-48.493008,-49.350406,-50.985738,-51.071825,-46.858323,-43.21052,-40.826342,-39.782379,-39.709581,-40.278184,-41.452197,-43.058887,-45.574886,-49.711358,-50.645525,-47.063112,-45.34754,-45.347591,-45.777699,-45.576086,-45.27895,-45.871599,-47.644798,-49.335233,-48.501687,-47.254957,-47.038844,-47.416871,-48.495857,-50.55006,-54.691483,-54.917237,-47.765689,-43.735611,-41.711647,-40.720232,-40.389867,-40.29362,-39.979283,-39.211581,-37.481876,-36.030408,-34.923428,-34.336891,-34.085506,-33.711279,-33.229574,-33.000703,-33.249913,-34.850943,-37.671746,-42.311962,-48.731009
"LT001",2022-07-21,2022-07-21 16:56:00,2022-07-27,"lakeTrout",81,454,410,930,249,48,"N","2",1,75,29,4,1,"2A","MD","Region_43","Region_43_5096",0.456995000000006," 21:07:40.3270",-0.0468219999999988,0.84359,-0.57828,-2.62115598791389,15.381158,0.42881,-0.20965,0.115114,-0.056279,0.107742,0.062374,15.380625,5096,5065,5182,61,-44.738615,15.288473,1.2184,-0.163878,14.537,17.7123,0.020224,16.5,15.263552,15.447161,15.018703,-0.163755,1.030223,1.428213,1.217116,1.050447,1.448437,1.237339,-50.133997,-50.836957,-51.878981,-53.198654,-55.337025,-57.205031,-57.914144,-56.997839,-55.242554,-53.411285,-51.754291,-50.541531,-49.614601,-48.940622,-48.277784,-47.53898,-46.839807,-46.310687,-46.09342,-46.366773,-47.133192,-48.417005,-50.117637,-51.924772,-53.39967,-54.241354,-54.789641,-55.816336,-57.87,-61.548402,-67.134295,-68.223644,-64.105216,-60.976199,-58.631357,-56.887395,-55.545814,-54.430263,-53.274252,-51.871207,-50.308864,-48.907303,-47.865613,-47.269044,-47.035007,-46.983168,-47.107087,-47.14785,-46.836244,-45.920421,-44.738641,-43.814107,-43.40723,-43.569657,-44.302057,-45.640942,-47.556792,-49.562533,-50.355941,-49.533235,-48.658246,-48.789424,-50.351881,-53.581818,-56.749369,-55.375253,-52.912272,-51.55565,-51.069007,-51.048931,-50.866087,-50.282915,-49.712842,-49.762994,-50.630273,-51.791999,-51.03455,-48.183791,-45.460168,-43.635819,-42.890906,-43.118446,-44.221973,-45.606242,-45.236975,-42.725521,-40.392713,-39.214275,-39.256214,-40.219386,NA,NA,NA,NA,NA,NA,NA,NA,NA,NA,NA,NA,NA,NA,NA,NA,NA,NA,NA,NA,NA,NA,NA,NA,NA,NA,NA,NA,NA,NA,NA,NA,NA,NA,NA,NA,NA,NA,NA,NA,NA,NA,NA,NA,NA,NA,NA,NA,NA,NA,NA,NA,NA,NA,NA,NA,NA,NA,NA,NA,NA,NA,NA,NA,NA,NA,NA,NA,NA,NA,NA,NA,NA,NA,NA,NA,NA,NA,NA,NA,NA,NA,NA,NA,NA,NA,NA,NA,NA,NA,NA,NA,NA,NA,NA,NA,NA,NA,NA,NA,NA,NA,NA,NA,NA,NA,NA,NA,NA,NA,NA,NA,NA,NA,NA,NA,NA,NA,NA,NA,NA,NA,NA,NA,NA,NA,NA,NA,NA,NA,NA,NA,NA,NA,NA,NA,NA,NA,NA,NA,NA,NA,NA,NA,NA,NA,NA,NA,NA,NA,NA,NA,NA,NA,NA,NA,NA,NA,NA,NA,NA,-70.484412,-71.176133,-62.021585,-59.052255,-58.451916,-57.919986,-54.887528,-50.941774,-47.834339,-45.637727,-44.246319,-44.085212,-44.954971,-47.124998,-50.44011,-51.245016,-48.097859,-45.264545,-43.508758,-42.851525,-43.098816,-44.258552,-45.86388,-46.609148,-45.615083,-44.191988,-43.384576,-43.53584,-45.287215,-50.485083,-60.814328,-44.854015,-39.618261,-37.275631,-36.374102,-36.558583,-37.474702,-39.056255,-41.510953,-45.126574,-49.258489,-51.586221,-52.065343,-53.47187,-55.378968,-52.921059,-49.062455,-46.673751,-45.84905,-46.344396,-47.47817,-47.634557,-45.810583,-43.338216,-41.373327,-40.348671,-40.163043,-41.045098,-42.874867,-45.568759,-49.443531,-54.213172,-54.813282,-51.069434,-47.894559,-45.527987,-43.902439,-42.452589,-41.617508,-41.757392,-42.618935,-44.176431,-46.07659,-47.283175,-46.972703,-45.9812,-45.373042,-45.795823,-47.05055,-48.728755,-50.403858,-51.689046,-52.142224,-51.517321,-50.938601,-50.320964,-49.055976,-47.089939,-44.72073,-42.89114,-41.438925,-40.556246,-40.541911,-41.133809,-42.720134,-44.380276,-44.302367,-43.288655,-42.242186,-41.654539,-42.126624,-43.771723,-47.442481,-52.169749,-52.320762,-51.486148,-48.335775,-46.040283,-44.925825,-43.696047,-42.856034,-41.667632,-40.794193,-40.168687,-38.98838,-38.159061,-37.606108,-37.76726,-38.457368,-39.303696,-40.246718,-40.074104,-39.229491,-38.139892,-37.581851,-38.066864,-39.26109,-41.48184,-42.780236,-41.952511,-40.338049,-39.221069,-39.095325,-39.592749,-40.67647,-41.832796,-41.530502,-40.010798,-39.131466,-39.341813,-40.464602,-42.077641,-43.487243,-43.490097,-41.94304,-40.512288,-40.347586,-42.405294,-47.126869,-51.371003,-45.295231,-40.616578,-37.483348,-35.813244,-35.119217,-35.605559,-36.55108,-36.397379,-35.225327,-33.912143,-32.945601,-32.713552,-33.051086,-35.121262,-37.886342,-38.959059,-38.596455,-38.987243,-40.245542,-41.775004,-45.564462,-53.16786,-41.511752,-37.869967,-38.096239
"LT001",2022-07-21,2022-07-21 16:56:00,2022-07-27,"lakeTrout",81,454,410,930,249,48,"N","2",1,75,29,4,1,"2A","MD","Region_43","Region_43_5097",4.281264," 21:07:40.4540",0.0468219999999988,0.7444,-0.64347,2.72436907815443,15.334336,1.2724,-0.78793,0.340468,-0.210818,0.037152,0.021737,15.329106,5097,5065,5182,61,-44.738615,15.288473,1.2184,-0.163878,14.537,17.7123,0.020224,16.5,15.263552,15.447161,15.018703,-0.163755,1.030223,1.428213,1.217116,1.050447,1.448437,1.237339,-56.269194,-59.295257,-61.302042,-61.476017,-60.67199,-58.892304,-56.790449,-54.685452,-52.912332,-51.673063,-50.913201,-50.779528,-51.107362,-51.900519,-52.86123,-53.677055,-54.156938,-54.311361,-54.374907,-54.681589,-55.371847,-56.538075,-58.078999,-59.612988,-60.625527,-60.705386,-59.724073,-57.887439,-55.570902,-53.347977,-51.63349,-50.499462,-49.946724,-49.8076,-49.904261,-50.169182,-50.49038,-50.965941,-51.803936,-53.379876,-56.206086,-59.120315,-56.310605,-52.096851,-49.087854,-46.901304,-45.325513,-44.121527,-43.279189,-42.724385,-42.425492,-42.270909,-42.112128,-41.869652,-41.559688,-41.256213,-41.034414,-40.953849,-41.16017,-41.765111,-42.91496,-44.638844,-46.709101,-48.702961,-49.899341,-49.689157,-48.10968,-46.007379,-43.986314,-42.363225,-41.169368,-40.425883,-40.033344,-39.910096,-39.887265,-39.878205,-39.755753,-39.588767,-39.476993,-39.522915,-39.90355,-40.555201,-41.39165,-42.252483,-42.77008,-42.816325,-42.947651,-43.824535,-46.142657,-51.168015,NA,NA,NA,NA,NA,NA,NA,NA,NA,NA,NA,NA,NA,NA,NA,NA,NA,NA,NA,NA,NA,NA,NA,NA,NA,NA,NA,NA,NA,NA,NA,NA,NA,NA,NA,NA,NA,NA,NA,NA,NA,NA,NA,NA,NA,NA,NA,NA,NA,NA,NA,NA,NA,NA,NA,NA,NA,NA,NA,NA,NA,NA,NA,NA,NA,NA,NA,NA,NA,NA,NA,NA,NA,NA,NA,NA,NA,NA,NA,NA,NA,NA,NA,NA,NA,NA,NA,NA,NA,NA,NA,NA,NA,NA,NA,NA,NA,NA,NA,NA,NA,NA,NA,NA,NA,NA,NA,NA,NA,NA,NA,NA,NA,NA,NA,NA,NA,NA,NA,NA,NA,NA,NA,NA,NA,NA,NA,NA,NA,NA,NA,NA,NA,NA,NA,NA,NA,NA,NA,NA,NA,NA,NA,NA,NA,NA,NA,NA,NA,NA,NA,NA,NA,NA,NA,NA,NA,NA,NA,NA,NA,-48.800886,-48.099999,-47.962769,-48.280909,-48.851075,-49.630703,-50.038479,-49.758768,-49.499424,-49.508873,-49.892932,-50.832748,-51.60853,-51.959242,-52.20122,-52.735687,-53.80821,-54.790055,-54.425435,-52.937965,-51.51546,-50.796825,-50.794917,-51.321196,-51.978472,-52.170806,-51.657946,-50.911988,-50.637768,-51.216928,-53.358308,-57.525699,-57.427525,-52.087885,-48.618723,-46.732925,-45.808806,-45.588316,-46.106592,-47.641018,-50.680536,-57.629138,-67.373486,-53.672943,-49.208301,-46.762494,-45.356908,-44.489667,-43.906968,-43.346274,-42.470971,-41.289463,-40.10148,-39.008078,-38.204196,-37.77904,-37.536287,-37.68795,-38.070061,-38.371335,-38.486808,-38.142792,-37.388715,-36.692908,-36.022406,-35.646491,-35.638255,-35.581344,-35.9217,-37.011012,-38.750675,-41.377252,-45.326928,-51.795333,-61.4547,-53.066698,-48.452538,-45.76601,-43.693937,-41.93305,-40.611214,-39.881367,-39.42505,-38.878697,-38.672465,-38.534102,-38.471407,-38.547399,-38.361451,-38.421554,-38.355296,-38.097282,-38.050014,-38.132537,-38.967906,-40.745949,-42.508273,-43.8734,-44.382669,-44.013489,-43.563863,-43.159929,-43.350512,-44.169109,-45.385233,-47.037689,-47.342201,-47.918399,-48.87649,-49.879123,-51.668529,-53.326137,-54.686763,-55.420415,-55.260341,-55.567363,-56.676099,-59.638472,-66.653115,-67.185473,-57.705551,-52.579311,-49.458218,-47.270172,-45.834457,-45.314551,-45.135564,-45.485297,-45.561479,-45.659682,-46.103032,-47.184066,-48.869612,-49.790282,-49.433396,-48.820329,-47.287533,-44.731668,-42.97199,-42.57283,-43.405121,-44.630583,-44.402732,-42.741371,-41.458188,-41.327858,-42.523185,-45.37834,-49.112917,-51.823243,-52.265578,-50.206677,-47.362114,-46.039469,-46.685266,-49.709188,-50.889623,-45.786628,-41.597061,-38.813808,-37.147151,-37.027859,-38.336686,-41.255069,-43.901578,-46.952728,-51.114911,-43.542589,-39.206555,-38.788307,-42.358572,-47.425191,-40.69179,-37.231724,-35.096307
"LT001",2022-07-21,2022-07-21 16:56:00,2022-07-27,"lakeTrout",81,454,410,930,249,48,"N","2",1,75,29,4,1,"2A","MD","Region_43","Region_43_5121",4.780387," 21:07:43.4440",NA,NA,NA,NA,15.334336,1.4477,-0.48728,0.387398,-0.13037,0.104352,0.05543,15.328887,5121,5065,5182,61,-44.738615,15.288473,1.2184,-0.163878,14.537,17.7123,0.020224,16.5,15.263552,15.447161,15.018703,-0.163755,1.030223,1.428213,1.217116,1.050447,1.448437,1.237339,-51.308979,-50.181234,-49.188352,-47.841319,-46.892914,-46.098153,-45.783359,-45.721641,-45.824938,-46.113778,-46.457397,-46.926456,-47.296771,-47.635298,-47.896014,-48.136908,-48.469469,-48.968598,-49.736513,-50.976335,-52.832201,-55.614378,-59.727922,-63.981603,-61.451317,-57.347697,-54.508149,-52.69413,-51.625953,-51.229978,-51.534351,-52.636896,-54.993954,-59.614717,-69.952102,-61.751174,-55.349879,-51.631199,-49.02842,-47.138102,-45.959007,-45.508573,-45.526691,-45.687795,-45.67881,-45.278028,-44.55828,-43.486795,-42.220895,-40.885,-39.710161,-38.852236,-38.331075,-38.082903,-38.042635,-38.200958,-38.57972,-39.182519,-40.054301,-41.158869,-42.484246,-43.912587,-45.01219,-45.244679,-44.583083,-43.665673,-42.871282,-42.371494,-42.139257,-42.222878,-42.597227,-43.315799,-44.337455,-45.632517,-47.056379,-48.507036,-49.795054,-50.901424,-51.850792,-52.626112,-53.071725,-52.660455,-51.312924,-49.511691,-47.613201,-45.860121,-44.661497,-44.107461,-43.940898,-43.654334,NA,NA,NA,NA,NA,NA,NA,NA,NA,NA,NA,NA,NA,NA,NA,NA,NA,NA,NA,NA,NA,NA,NA,NA,NA,NA,NA,NA,NA,NA,NA,NA,NA,NA,NA,NA,NA,NA,NA,NA,NA,NA,NA,NA,NA,NA,NA,NA,NA,NA,NA,NA,NA,NA,NA,NA,NA,NA,NA,NA,NA,NA,NA,NA,NA,NA,NA,NA,NA,NA,NA,NA,NA,NA,NA,NA,NA,NA,NA,NA,NA,NA,NA,NA,NA,NA,NA,NA,NA,NA,NA,NA,NA,NA,NA,NA,NA,NA,NA,NA,NA,NA,NA,NA,NA,NA,NA,NA,NA,NA,NA,NA,NA,NA,NA,NA,NA,NA,NA,NA,NA,NA,NA,NA,NA,NA,NA,NA,NA,NA,NA,NA,NA,NA,NA,NA,NA,NA,NA,NA,NA,NA,NA,NA,NA,NA,NA,NA,NA,NA,NA,NA,NA,NA,NA,NA,NA,NA,NA,NA,NA,-47.992337,-47.744801,-47.520971,-47.442258,-47.628926,-48.457686,-49.566988,-50.438249,-51.330372,-52.248268,-53.505285,-55.758785,-57.66388,-55.918479,-53.000792,-51.067713,-50.132824,-49.704971,-49.367069,-49.123167,-49.099131,-49.606753,-50.625768,-51.458161,-50.870265,-49.097316,-47.285696,-45.805107,-44.597063,-43.343688,-42.107133,-40.950686,-40.118282,-39.818546,-39.822557,-40.092302,-40.413975,-40.765535,-41.324738,-42.308183,-43.652726,-45.308553,-46.339621,-46.303324,-45.712256,-44.975283,-44.409564,-43.940568,-43.620312,-43.600323,-43.864426,-44.404226,-45.283884,-46.354123,-47.581956,-48.690348,-49.067611,-48.995362,-48.830073,-48.73023,-48.901788,-49.211114,-49.591793,-50.061829,-49.997898,-49.495219,-48.827893,-47.728827,-46.645297,-45.867654,-45.210258,-44.7223,-44.395802,-44.1515,-43.873113,-43.478679,-42.964611,-42.559158,-42.164422,-41.72491,-41.401959,-41.428053,-41.58004,-41.569026,-41.913924,-42.665075,-44.550805,-48.78723,-55.698589,-51.28674,-45.912702,-42.477721,-40.074212,-37.989918,-36.575416,-36.187579,-36.426617,-37.392633,-38.617967,-39.697733,-41.009304,-42.513321,-45.057459,-50.189653,-67.56427,-50.07521,-45.120886,-43.57629,-43.071847,-42.491326,-42.3929,-42.014006,-41.693813,-41.654851,-41.456081,-41.641819,-41.805687,-42.28963,-43.112167,-44.200421,-45.770902,-47.140409,-48.38934,-48.579485,-47.33744,-45.382552,-43.100378,-41.446004,-40.148439,-39.483186,-39.274803,-39.415611,-40.059195,-41.07021,-42.581454,-44.647434,-46.58136,-47.177956,-46.74096,-46.100731,-45.703557,-45.599368,-45.753375,-46.17308,-46.896275,-47.809816,-48.201778,-47.346854,-45.295909,-42.728966,-40.497385,-38.727791,-37.254765,-36.423848,-35.875022,-35.609409,-35.41346,-34.950045,-34.339802,-33.618206,-32.771048,-32.21487,-31.72742,-31.826895,-32.05467,-32.400804,-33.006672,-33.878316,-35.04369,-36.665289,-38.265222,-39.834814,-40.850178,-41.562295,-42.096269
"LT002",2022-07-22,2022-07-22 11:08:00,2022-07-27,"lakeTrout",81,390,354,504,196,38,"N","1",2,153,55,2.5,1,"2A","MD","Region_3","Region_3_659",5.81546299999999," 15:07:27.8800",0.0117059999999984,-0.1089,-0.23719,2.5680783474436,12.642048,1.5059,0.87643,0.332197,0.193307,0.034852,0.026397,12.636204,659,656,797,132,-36.373824,12.63052,0.7653,0.152173,16.778,12.8405,0.020224,13.5,12.624663,12.792177,12.497935,0.152839,0.687394,0.980034,0.851396,0.707618,1.000258,0.87162,-48.415453,-49.100687,-50.238503,-50.709734,-50.199364,-48.440238,-46.63391,-45.100973,-43.880178,-42.954618,-42.142379,-41.540693,-41.015468,-40.68385,-40.449051,-40.264098,-40.121863,-39.984717,-39.834406,-39.727732,-39.62749,-39.575456,-39.59274,-39.660546,-39.817619,-40.058001,-40.325321,-40.644495,-40.911071,-41.132629,-41.340855,-41.481734,-41.609405,-41.68168,-41.653626,-41.564137,-41.365569,-41.132254,-40.874847,-40.539332,-40.066963,-39.435463,-38.669679,-37.936055,-37.300338,-36.696221,-36.192971,-35.686716,-35.225718,-34.766884,-34.335191,-33.947898,-33.626478,-33.382113,-33.20387,-33.086493,-33.024051,-32.98296,-32.981789,-32.984353,-33.009196,-33.070537,-33.138284,-33.241438,-33.329453,-33.445286,-33.561213,-33.732907,-33.921734,-34.168986,-34.420367,-34.689169,-34.917208,-35.113395,-35.236145,-35.329792,-35.342421,-35.286379,-35.085935,-34.634202,-33.995834,-33.173771,-32.287709,-31.475692,-30.673602,-29.833925,-29.17453,-28.793589,-28.685514,-28.729435,NA,NA,NA,NA,NA,NA,NA,NA,NA,NA,NA,NA,NA,NA,NA,NA,NA,NA,NA,NA,NA,NA,NA,NA,NA,NA,NA,NA,NA,NA,NA,NA,NA,NA,NA,NA,NA,NA,NA,NA,NA,NA,NA,NA,NA,NA,NA,NA,NA,NA,NA,NA,NA,NA,NA,NA,NA,NA,NA,NA,NA,NA,NA,NA,NA,NA,NA,NA,NA,NA,NA,NA,NA,NA,NA,NA,NA,NA,NA,NA,NA,NA,NA,NA,NA,NA,NA,NA,NA,NA,NA,NA,NA,NA,NA,NA,NA,NA,NA,NA,NA,NA,NA,NA,NA,NA,NA,NA,NA,NA,NA,NA,NA,NA,NA,NA,NA,NA,NA,NA,NA,NA,NA,NA,NA,NA,NA,NA,NA,NA,NA,NA,NA,NA,NA,NA,NA,NA,NA,NA,NA,NA,NA,NA,NA,NA,NA,NA,NA,NA,NA,NA,NA,NA,NA,NA,NA,NA,NA,NA,NA,-39.786759,-39.504578,-39.33908,-39.258289,-39.165174,-39.281324,-39.176015,-38.489372,-37.716966,-36.946318,-36.293865,-36.092949,-36.068384,-36.231053,-36.429355,-36.485431,-36.523945,-36.612207,-36.790783,-37.139702,-37.514038,-37.879058,-38.185532,-38.453693,-38.777557,-39.216117,-39.776756,-40.400718,-41.023824,-41.422849,-41.576779,-41.324041,-40.723149,-40.073024,-39.414507,-38.895775,-38.411719,-37.953666,-37.609459,-37.467666,-37.419717,-37.601047,-37.685021,-37.642048,-37.52068,-37.314267,-37.311273,-37.506661,-37.852649,-38.290075,-38.632199,-38.847201,-39.101958,-39.478067,-40.358883,-42.019179,-44.084409,-45.89844,-46.432384,-45.670097,-44.537037,-43.442609,-42.617371,-42.28141,-41.908839,-41.408739,-40.7322,-39.656101,-38.749759,-38.291778,-37.972935,-37.659735,-37.262729,-36.808285,-36.404179,-36.158996,-36.131024,-36.44803,-36.837706,-37.055097,-37.215479,-37.652908,-38.198859,-38.595054,-39.194407,-39.691691,-40.178594,-40.797994,-41.070962,-41.413067,-41.519493,-41.339678,-41.235486,-40.874952,-40.379046,-39.833651,-39.098137,-38.856474,-38.918485,-38.850814,-38.871385,-38.462801,-37.624272,-36.297606,-34.822959,-34.648004,-35.072278,-36.744475,-38.550313,-39.488872,-40.019679,-39.655695,-39.044208,-38.686464,-38.244877,-38.161572,-37.857437,-37.382277,-36.66098,-35.874505,-35.515981,-35.125878,-34.992176,-34.611187,-33.952805,-33.403661,-32.753736,-32.686811,-32.931625,-33.720987,-34.805016,-35.806979,-36.431023,-36.418736,-36.145299,-36.175242,-36.639307,-37.277703,-38.234769,-39.055085,-39.294446,-38.919346,-38.178952,-37.260723,-36.222526,-35.076592,-33.874671,-33.072145,-32.436533,-31.619516,-31.01692,-30.754121,-30.59707,-30.786054,-30.89635,-30.84814,-30.625893,-30.245576,-30.014331,-30.10295,-30.399592,-31.126202,-31.831487,-32.680427,-33.207503,-33.630893,-34.161626,-34.855688,-35.673982,-36.658108,-37.585308,-39.041913,-40.322279,-40.310618,-39.350911
"LT002",2022-07-22,2022-07-22 11:08:00,2022-07-27,"lakeTrout",81,390,354,504,196,38,"N","1",2,153,55,2.5,1,"2A","MD","Region_3","Region_3_660",4.697448," 15:07:28.0140",0.011705000000001,-0.0264,-0.11754,5.54958060223359,12.653754,1.397,0.63924,0.308479,0.14113,0.08814,0.104544,12.649206,660,656,797,132,-36.373824,12.63052,0.7653,0.152173,16.778,12.8405,0.020224,13.5,12.624663,12.792177,12.497935,0.152839,0.687394,0.980034,0.851396,0.707618,1.000258,0.87162,-38.702351,-38.504802,-38.422407,-38.169505,-38.388214,-38.665684,-39.248766,-39.900556,-40.55631,-41.290488,-42.065048,-43.072374,-44.178935,-45.436474,-46.687999,-47.876768,-49.048495,-50.222214,-51.339844,-52.199742,-52.368999,-51.82381,-50.91851,-49.90753,-48.878823,-47.757113,-46.430554,-44.980315,-43.488119,-42.163201,-41.119792,-40.260036,-39.562088,-38.948561,-38.386256,-37.938579,-37.552287,-37.258489,-37.029728,-36.823387,-36.655871,-36.565049,-36.511633,-36.528286,-36.600885,-36.656634,-36.804938,-36.998048,-37.332657,-37.767131,-38.239089,-38.650752,-39.005068,-39.392663,-39.890366,-40.536409,-41.301232,-42.045868,-42.614483,-42.816853,-42.65485,-42.211869,-41.474597,-40.450835,-39.163483,-37.816168,-36.5008,-35.307169,-34.190106,-33.184849,-32.249968,-31.429866,-30.698046,-30.076249,-29.51351,-29.033641,-28.571512,-28.169889,-27.824333,-27.509085,-27.306377,-27.133126,-26.989801,-26.933912,-26.881219,-26.800775,-26.960734,-27.463596,-28.249329,-29.11114,NA,NA,NA,NA,NA,NA,NA,NA,NA,NA,NA,NA,NA,NA,NA,NA,NA,NA,NA,NA,NA,NA,NA,NA,NA,NA,NA,NA,NA,NA,NA,NA,NA,NA,NA,NA,NA,NA,NA,NA,NA,NA,NA,NA,NA,NA,NA,NA,NA,NA,NA,NA,NA,NA,NA,NA,NA,NA,NA,NA,NA,NA,NA,NA,NA,NA,NA,NA,NA,NA,NA,NA,NA,NA,NA,NA,NA,NA,NA,NA,NA,NA,NA,NA,NA,NA,NA,NA,NA,NA,NA,NA,NA,NA,NA,NA,NA,NA,NA,NA,NA,NA,NA,NA,NA,NA,NA,NA,NA,NA,NA,NA,NA,NA,NA,NA,NA,NA,NA,NA,NA,NA,NA,NA,NA,NA,NA,NA,NA,NA,NA,NA,NA,NA,NA,NA,NA,NA,NA,NA,NA,NA,NA,NA,NA,NA,NA,NA,NA,NA,NA,NA,NA,NA,NA,NA,NA,NA,NA,NA,NA,-37.051617,-37.021226,-36.9898,-36.965351,-36.982183,-37.381436,-37.83549,-37.911675,-37.953268,-37.911212,-37.810625,-38.009966,-38.281918,-38.700378,-39.115905,-39.210095,-39.005768,-38.561906,-38.039499,-37.691003,-37.484349,-37.433255,-37.422953,-37.361275,-37.239104,-37.104041,-37.021468,-37.0276,-37.180337,-37.306398,-37.431939,-37.406054,-37.329198,-37.500614,-37.909418,-38.695299,-39.691704,-40.79583,-42.053309,-43.614995,-45.490464,-47.865793,-49.88562,-50.176076,-48.708582,-46.549852,-44.390941,-42.387357,-40.797325,-39.792033,-39.222613,-38.889604,-38.643918,-38.166233,-37.466916,-36.763115,-36.133654,-35.917389,-35.969098,-36.047518,-36.190985,-36.25129,-36.289247,-36.619954,-36.936988,-37.273287,-37.569739,-37.401627,-37.246849,-37.445766,-37.804091,-38.303921,-38.820074,-39.129114,-39.045086,-38.631374,-38.189847,-38.183477,-38.554743,-39.094059,-39.66985,-40.191053,-40.282017,-39.77621,-39.388428,-39.169212,-39.481589,-40.514175,-41.453128,-42.256001,-42.45381,-42.178561,-41.974346,-41.772773,-42.174196,-43.480173,-44.877279,-45.819333,-45.639594,-44.372001,-42.748124,-40.758844,-38.944424,-37.446306,-36.247735,-36.019328,-35.547904,-35.747117,-36.034684,-35.931056,-36.224094,-36.167942,-35.92322,-35.533471,-34.707631,-34.384243,-34.430478,-35.161894,-36.135424,-36.412006,-35.973871,-34.969055,-34.343882,-33.908465,-33.718256,-33.881448,-33.644675,-33.290745,-32.588566,-32.152045,-32.054536,-32.271739,-32.897508,-33.556555,-33.946217,-33.989166,-33.844491,-33.71865,-34.209499,-35.277969,-36.680597,-38.050928,-39.028297,-39.451548,-39.421457,-39.182667,-38.996686,-39.406668,-40.102999,-40.515473,-40.85194,-41.144533,-41.551531,-43.068982,-46.443537,-55.391484,-55.277979,-46.883113,-44.207615,-44.359364,-46.318871,-43.286563,-37.348963,-33.75597,-31.695621,-30.764361,-30.829121,-31.612886,-32.496656,-32.362365,-30.801836,-29.58015,-29.091133,-29.579449,-31.001631
"LT002",2022-07-22,2022-07-22 11:08:00,2022-07-27,"lakeTrout",81,390,354,504,196,38,"N","1",2,153,55,2.5,1,"2A","MD","Region_3","Region_3_661",4.366289," 15:07:28.1320",0,-0.2399,0.07797,0,12.665459,1.3706,0.5217,0.302929,0.11529,0.000461,0.014125,12.661311,661,656,797,132,-36.373824,12.63052,0.7653,0.152173,16.778,12.8405,0.020224,13.5,12.624663,12.792177,12.497935,0.152839,0.687394,0.980034,0.851396,0.707618,1.000258,0.87162,-36.756467,-36.254468,-35.829187,-35.19591,-34.986393,-34.782653,-34.83131,-34.896939,-34.905814,-34.90935,-34.84865,-34.913677,-34.995997,-35.190953,-35.380014,-35.516995,-35.636115,-35.757051,-35.916084,-36.200565,-36.55709,-36.984814,-37.452639,-37.902624,-38.362855,-38.843461,-39.328827,-39.881556,-40.3824,-40.765023,-41.010054,-41.084904,-41.096974,-41.037024,-40.86071,-40.596453,-40.186356,-39.693169,-39.13256,-38.495952,-37.827513,-37.193124,-36.58041,-36.044737,-35.57821,-35.09235,-34.669134,-34.230569,-33.855285,-33.522799,-33.242527,-32.9852,-32.741995,-32.531378,-32.370006,-32.283276,-32.286864,-32.358455,-32.516552,-32.710881,-32.952666,-33.266942,-33.657745,-34.19011,-34.814799,-35.549218,-36.345485,-37.253722,-38.241362,-39.345639,-40.484991,-41.64458,-42.7813,-43.976516,-45.288523,-46.848,-48.577528,-49.958064,-49.508413,-47.100175,-44.357131,-41.901539,-39.809407,-38.055202,-36.449008,-34.877327,-33.584103,-32.696929,-32.214962,-31.991522,NA,NA,NA,NA,NA,NA,NA,NA,NA,NA,NA,NA,NA,NA,NA,NA,NA,NA,NA,NA,NA,NA,NA,NA,NA,NA,NA,NA,NA,NA,NA,NA,NA,NA,NA,NA,NA,NA,NA,NA,NA,NA,NA,NA,NA,NA,NA,NA,NA,NA,NA,NA,NA,NA,NA,NA,NA,NA,NA,NA,NA,NA,NA,NA,NA,NA,NA,NA,NA,NA,NA,NA,NA,NA,NA,NA,NA,NA,NA,NA,NA,NA,NA,NA,NA,NA,NA,NA,NA,NA,NA,NA,NA,NA,NA,NA,NA,NA,NA,NA,NA,NA,NA,NA,NA,NA,NA,NA,NA,NA,NA,NA,NA,NA,NA,NA,NA,NA,NA,NA,NA,NA,NA,NA,NA,NA,NA,NA,NA,NA,NA,NA,NA,NA,NA,NA,NA,NA,NA,NA,NA,NA,NA,NA,NA,NA,NA,NA,NA,NA,NA,NA,NA,NA,NA,NA,NA,NA,NA,NA,NA,-38.559872,-38.590479,-38.450554,-38.208113,-37.970675,-38.112363,-38.322642,-38.161604,-37.974386,-37.729168,-37.466749,-37.556187,-37.740569,-38.060324,-38.386666,-38.478626,-38.434372,-38.293734,-38.143979,-38.161732,-38.250127,-38.405004,-38.549304,-38.671099,-38.822217,-39.064337,-39.429971,-39.89383,-40.440003,-40.805334,-40.971423,-40.793483,-40.420479,-40.174938,-39.983268,-39.866872,-39.538712,-38.859296,-37.944296,-37.046698,-36.239699,-35.838688,-35.591549,-35.388849,-35.138051,-34.634691,-34.13744,-33.736799,-33.554504,-33.647259,-33.850253,-34.023847,-34.143419,-34.056259,-33.902756,-33.892977,-33.927818,-34.152014,-34.350014,-34.339293,-34.27339,-34.1105,-33.965703,-34.162431,-34.350856,-34.485328,-34.501702,-34.023664,-33.590998,-33.557933,-33.690086,-33.914509,-34.070045,-33.994111,-33.6715,-33.268841,-33.007345,-33.202858,-33.675288,-34.16078,-34.567478,-34.947565,-35.064678,-34.706168,-34.463189,-34.285327,-34.482896,-35.258986,-35.937184,-36.680037,-37.054635,-37.056476,-37.079734,-36.965373,-37.214025,-37.984352,-38.557084,-38.933406,-38.914131,-38.458208,-38.079631,-37.584796,-37.2643,-36.977179,-36.539197,-36.67756,-36.500695,-37.151614,-37.971132,-38.312597,-38.823332,-38.636683,-37.972674,-37.113786,-35.968413,-35.438991,-35.217759,-35.477622,-35.790022,-35.578223,-35.068545,-34.109422,-33.420651,-32.75139,-32.160353,-31.833969,-31.241627,-30.850097,-30.316441,-30.056836,-30.032064,-30.193549,-30.665,-31.144151,-31.531503,-31.851964,-32.065582,-32.183241,-32.756498,-33.755986,-34.951704,-36.005792,-36.630453,-36.809359,-36.817229,-36.974009,-37.454267,-38.608568,-39.871177,-40.35625,-40.099062,-39.329854,-38.496903,-38.448779,-39.083814,-40.5042,-42.044674,-41.7919,-39.644721,-37.396347,-35.773293,-35.181313,-35.2794,-36.617968,-38.609856,-39.5146,-37.338993,-34.548309,-32.615169,-31.822515,-31.87791,-32.962736,-33.536705,-32.247489,-30.347744
"LT002",2022-07-22,2022-07-22 11:08:00,2022-07-27,"lakeTrout",81,390,354,504,196,38,"N","1",2,153,55,2.5,1,"2A","MD","Region_3","Region_3_662",3.219396," 15:07:28.2500",0.0117060000000002,-0.1234,-0.07455,4.64196352687989,12.665459,1.1307,0.59967,0.249926,0.132532,0.010378,0.013433,12.6623,662,656,797,132,-36.373824,12.63052,0.7653,0.152173,16.778,12.8405,0.020224,13.5,12.624663,12.792177,12.497935,0.152839,0.687394,0.980034,0.851396,0.707618,1.000258,0.87162,-37.493945,-36.827948,-36.116729,-35.244618,-34.840402,-34.418326,-34.187395,-33.944679,-33.663459,-33.410105,-33.115348,-32.948823,-32.787917,-32.728007,-32.657866,-32.530816,-32.375071,-32.192347,-32.002489,-31.888805,-31.807521,-31.781666,-31.80224,-31.824695,-31.881156,-31.975366,-32.079033,-32.252382,-32.41816,-32.586684,-32.780552,-32.9379,-33.120869,-33.310038,-33.480889,-33.683188,-33.850499,-34.009744,-34.143467,-34.220791,-34.263135,-34.303471,-34.292814,-34.261003,-34.193343,-34.004761,-33.783613,-33.452285,-33.085693,-32.670112,-32.241592,-31.802794,-31.352226,-30.889481,-30.407691,-29.921537,-29.45056,-28.990813,-28.590104,-28.220965,-27.896859,-27.611408,-27.324075,-27.086147,-26.871993,-26.731093,-26.628889,-26.604742,-26.613969,-26.703898,-26.833637,-27.03576,-27.268784,-27.545066,-27.81877,-28.127004,-28.408888,-28.700756,-28.966289,-29.145565,-29.315572,-29.41693,-29.491651,-29.616923,-29.679627,-29.576415,-29.549388,-29.738995,-30.166629,-30.669464,NA,NA,NA,NA,NA,NA,NA,NA,NA,NA,NA,NA,NA,NA,NA,NA,NA,NA,NA,NA,NA,NA,NA,NA,NA,NA,NA,NA,NA,NA,NA,NA,NA,NA,NA,NA,NA,NA,NA,NA,NA,NA,NA,NA,NA,NA,NA,NA,NA,NA,NA,NA,NA,NA,NA,NA,NA,NA,NA,NA,NA,NA,NA,NA,NA,NA,NA,NA,NA,NA,NA,NA,NA,NA,NA,NA,NA,NA,NA,NA,NA,NA,NA,NA,NA,NA,NA,NA,NA,NA,NA,NA,NA,NA,NA,NA,NA,NA,NA,NA,NA,NA,NA,NA,NA,NA,NA,NA,NA,NA,NA,NA,NA,NA,NA,NA,NA,NA,NA,NA,NA,NA,NA,NA,NA,NA,NA,NA,NA,NA,NA,NA,NA,NA,NA,NA,NA,NA,NA,NA,NA,NA,NA,NA,NA,NA,NA,NA,NA,NA,NA,NA,NA,NA,NA,NA,NA,NA,NA,NA,NA,-42.832924,-42.397229,-42.101305,-41.970204,-41.969968,-42.259194,-42.438727,-42.054813,-41.551762,-41.035812,-40.598245,-40.609227,-40.71863,-40.890292,-41.023671,-40.951526,-40.902688,-40.951858,-41.115362,-41.442432,-41.693981,-41.800031,-41.680387,-41.388846,-41.029866,-40.700366,-40.431375,-40.172844,-39.925419,-39.450101,-38.837279,-38.007902,-37.111857,-36.421105,-35.833996,-35.474855,-35.18862,-34.916718,-34.738217,-34.784685,-34.959828,-35.44979,-35.922675,-36.241333,-36.406761,-36.308932,-36.283676,-36.390189,-36.682135,-37.129265,-37.517264,-37.704433,-37.723289,-37.550856,-37.458026,-37.756275,-38.31845,-39.167003,-39.95431,-40.445571,-40.826654,-41.14481,-41.577297,-42.461566,-43.448529,-44.581494,-46.137623,-48.060543,-51.344086,-57.867318,-68.870738,-57.336432,-52.95864,-50.322364,-47.904168,-45.678196,-44.047311,-43.323004,-43.164235,-43.141515,-43.033593,-42.823416,-42.334376,-41.401554,-40.666897,-40.028022,-39.696251,-39.80829,-39.745322,-39.865804,-39.878805,-39.843366,-40.07416,-40.294962,-40.914705,-41.895521,-42.401668,-42.507799,-42.169829,-41.403428,-40.633457,-39.604706,-38.553625,-37.242127,-35.681201,-35.102335,-34.80097,-35.683313,-36.744676,-37.129691,-37.4488,-36.898426,-36.063409,-35.517627,-35.147632,-35.693496,-36.639396,-37.896308,-38.636921,-38.369478,-37.95659,-37.407919,-37.296859,-37.205833,-37.083034,-36.993449,-36.417691,-36.037327,-35.664417,-35.782482,-36.29737,-37.056147,-38.043686,-38.666107,-38.686838,-38.480667,-38.408033,-38.579507,-39.547365,-41.35301,-43.966005,-47.135066,-49.587531,-49.682658,-48.751389,-48.036955,-47.335641,-46.667599,-45.922228,-45.028085,-44.628544,-44.827399,-45.588045,-47.358206,-49.594523,-51.561217,-51.451188,-48.888031,-45.731991,-42.856063,-40.386246,-38.576637,-36.945195,-35.886667,-34.712504,-33.377961,-32.150939,-31.058569,-30.181121,-29.719275,-29.41554,-29.658681,-30.017717,-30.520504,-31.125555
"LT002",2022-07-22,2022-07-22 11:08:00,2022-07-27,"lakeTrout",81,390,354,504,196,38,"N","1",2,153,55,2.5,1,"2A","MD","Region_3","Region_3_663",2.548428," 15:07:28.3670",0,0.00759999999999983,-0.01109,0,12.677165,1.0073,0.52512,0.222842,0.116167,0.006185,0.035102,12.674674,663,656,797,132,-36.373824,12.63052,0.7653,0.152173,16.778,12.8405,0.020224,13.5,12.624663,12.792177,12.497935,0.152839,0.687394,0.980034,0.851396,0.707618,1.000258,0.87162,-36.602893,-36.331086,-36.227733,-35.793192,-35.505689,-34.977689,-34.5822,-34.208832,-33.851253,-33.560528,-33.240501,-33.029359,-32.784422,-32.606748,-32.407971,-32.157005,-31.885028,-31.581929,-31.251336,-30.96434,-30.671041,-30.400594,-30.15602,-29.904293,-29.684922,-29.503939,-29.335841,-29.246513,-29.16404,-29.097615,-29.065112,-28.999573,-28.963442,-28.944834,-28.927128,-28.965514,-28.995071,-29.041947,-29.092092,-29.121347,-29.158324,-29.234928,-29.288837,-29.340295,-29.379168,-29.333369,-29.310854,-29.254048,-29.247713,-29.260219,-29.274848,-29.247317,-29.17794,-29.097553,-29.018595,-28.94869,-28.878275,-28.768278,-28.644253,-28.477721,-28.298651,-28.108111,-27.847148,-27.545777,-27.18634,-26.849734,-26.525801,-26.255438,-25.981578,-25.738477,-25.484244,-25.269466,-25.081326,-24.953747,-24.846462,-24.787869,-24.702396,-24.624443,-24.531,-24.386427,-24.281504,-24.141556,-23.981848,-23.86291,-23.680088,-23.35733,-23.160976,-23.197395,-23.451426,-23.794323,NA,NA,NA,NA,NA,NA,NA,NA,NA,NA,NA,NA,NA,NA,NA,NA,NA,NA,NA,NA,NA,NA,NA,NA,NA,NA,NA,NA,NA,NA,NA,NA,NA,NA,NA,NA,NA,NA,NA,NA,NA,NA,NA,NA,NA,NA,NA,NA,NA,NA,NA,NA,NA,NA,NA,NA,NA,NA,NA,NA,NA,NA,NA,NA,NA,NA,NA,NA,NA,NA,NA,NA,NA,NA,NA,NA,NA,NA,NA,NA,NA,NA,NA,NA,NA,NA,NA,NA,NA,NA,NA,NA,NA,NA,NA,NA,NA,NA,NA,NA,NA,NA,NA,NA,NA,NA,NA,NA,NA,NA,NA,NA,NA,NA,NA,NA,NA,NA,NA,NA,NA,NA,NA,NA,NA,NA,NA,NA,NA,NA,NA,NA,NA,NA,NA,NA,NA,NA,NA,NA,NA,NA,NA,NA,NA,NA,NA,NA,NA,NA,NA,NA,NA,NA,NA,NA,NA,NA,NA,NA,NA,-46.059604,-45.818149,-45.675105,-45.590133,-45.458371,-45.390871,-45.060144,-44.109111,-43.073245,-42.120931,-41.363964,-41.208146,-41.32399,-41.678419,-42.079497,-42.130296,-41.927157,-41.607091,-41.366839,-41.452129,-41.771283,-42.302257,-42.826097,-43.159291,-43.250774,-43.23846,-43.298987,-43.538876,-44.109281,-44.813847,-45.553682,-45.765916,-45.442084,-45.22872,-45.36795,-46.204167,-47.705176,-49.561581,-50.311219,-48.816924,-46.793371,-45.681923,-45.355934,-45.590881,-46.127358,-46.318034,-45.970556,-45.086494,-44.095022,-43.339948,-42.84588,-42.576335,-42.538879,-42.543411,-42.547871,-42.555797,-42.348834,-42.204846,-42.168854,-42.232244,-42.538126,-42.871694,-42.999678,-42.962861,-42.47366,-41.746054,-41.085198,-40.241708,-39.713667,-39.714419,-39.792468,-39.728517,-39.355771,-38.671214,-37.846636,-37.111271,-36.621584,-36.593788,-36.731401,-36.739718,-36.568366,-36.325639,-35.881235,-35.001218,-34.294406,-33.674098,-33.435717,-33.821451,-34.214282,-34.82611,-35.175442,-35.24267,-35.323447,-35.199846,-35.449255,-36.270635,-37.090458,-37.982448,-38.716457,-39.175608,-39.695278,-40.003305,-40.340007,-40.404797,-40.073825,-40.40158,-40.685986,-42.050588,-43.647894,-44.60442,-45.26449,-44.522528,-43.243124,-42.409863,-42.092594,-43.168057,-45.381036,-49.118162,-52.516553,-52.502286,-53.138929,-56.103002,-57.005237,-50.590551,-45.800554,-42.861889,-40.85471,-40.045023,-39.688757,-39.750924,-39.69918,-39.253969,-38.767509,-38.332229,-38.3827,-39.320296,-40.926869,-42.637691,-44.325926,-45.579302,-46.533912,-47.720405,-49.840101,-54.254684,-70.069207,-56.629666,-50.070333,-47.337345,-46.000193,-44.826263,-43.853274,-42.826565,-41.576074,-40.616292,-39.751564,-39.317132,-39.284004,-39.445075,-40.123869,-41.422586,-43.578942,-47.249952,-51.718473,-54.081627,-54.481171,-58.536821,-64.651353,-50.10716,-44.294167,-41.412145,-40.199939,-40.379105,-40.05465,-37.984872,-35.226678
"LT002",2022-07-22,2022-07-22 11:08:00,2022-07-27,"lakeTrout",81,390,354,504,196,38,"N","1",2,153,55,2.5,1,"2A","MD","Region_3","Region_3_664",2.565162," 15:07:28.4820",0,0.1916,-0.02683,0,12.677165,1.0149,0.51403,0.224536,0.113715,0.005886,0.035884,12.674666,664,656,797,132,-36.373824,12.63052,0.7653,0.152173,16.778,12.8405,0.020224,13.5,12.624663,12.792177,12.497935,0.152839,0.687394,0.980034,0.851396,0.707618,1.000258,0.87162,-36.635658,-36.368254,-36.341407,-36.041309,-35.889053,-35.447883,-35.088429,-34.717894,-34.339029,-34.001131,-33.605918,-33.300939,-32.965542,-32.722565,-32.493382,-32.24441,-31.997143,-31.728608,-31.429627,-31.162749,-30.876256,-30.602085,-30.345907,-30.074202,-29.823054,-29.594288,-29.360785,-29.193165,-29.030898,-28.89417,-28.801673,-28.676852,-28.571532,-28.47031,-28.361274,-28.308659,-28.256835,-28.239452,-28.247808,-28.259691,-28.297927,-28.379073,-28.425887,-28.454814,-28.459447,-28.371289,-28.29953,-28.187301,-28.123126,-28.085001,-28.067073,-28.025959,-27.953992,-27.878576,-27.818825,-27.795354,-27.811077,-27.830576,-27.868464,-27.875857,-27.870055,-27.861687,-27.813704,-27.757958,-27.646882,-27.528725,-27.382337,-27.253755,-27.091121,-26.924636,-26.700728,-26.46077,-26.19506,-25.953804,-25.718728,-25.537489,-25.345461,-25.177134,-24.999553,-24.762754,-24.548521,-24.285649,-24.003467,-23.778988,-23.518449,-23.145017,-22.909362,-22.894704,-23.074356,-23.329047,NA,NA,NA,NA,NA,NA,NA,NA,NA,NA,NA,NA,NA,NA,NA,NA,NA,NA,NA,NA,NA,NA,NA,NA,NA,NA,NA,NA,NA,NA,NA,NA,NA,NA,NA,NA,NA,NA,NA,NA,NA,NA,NA,NA,NA,NA,NA,NA,NA,NA,NA,NA,NA,NA,NA,NA,NA,NA,NA,NA,NA,NA,NA,NA,NA,NA,NA,NA,NA,NA,NA,NA,NA,NA,NA,NA,NA,NA,NA,NA,NA,NA,NA,NA,NA,NA,NA,NA,NA,NA,NA,NA,NA,NA,NA,NA,NA,NA,NA,NA,NA,NA,NA,NA,NA,NA,NA,NA,NA,NA,NA,NA,NA,NA,NA,NA,NA,NA,NA,NA,NA,NA,NA,NA,NA,NA,NA,NA,NA,NA,NA,NA,NA,NA,NA,NA,NA,NA,NA,NA,NA,NA,NA,NA,NA,NA,NA,NA,NA,NA,NA,NA,NA,NA,NA,NA,NA,NA,NA,NA,NA,-66.834436,-59.100572,-54.471994,-51.494153,-49.63457,-48.807918,-48.48402,-48.00722,-47.558785,-47.029341,-46.434643,-46.246194,-46.237057,-46.394347,-46.456274,-45.994551,-45.204675,-44.342002,-43.618907,-43.201191,-42.88478,-42.595272,-42.211547,-41.768347,-41.375699,-41.159083,-41.171289,-41.368493,-41.754877,-42.052646,-42.323653,-42.45982,-42.649866,-43.244195,-44.175163,-45.56991,-47.23778,-49.077115,-51.064166,-52.960074,-53.980085,-54.220704,-54.084842,-53.901576,-53.768959,-53.734367,-54.479693,-56.401629,-59.826842,-63.565532,-62.426216,-59.403604,-57.22557,-55.467722,-53.703074,-51.801647,-49.761542,-48.100141,-46.832434,-45.808718,-45.137695,-44.761821,-44.774164,-45.463319,-46.325172,-46.889668,-46.794657,-45.65164,-44.284841,-43.320926,-42.648296,-42.292659,-42.151867,-41.98599,-41.545438,-40.866439,-40.277841,-40.262671,-40.692912,-41.289261,-41.831109,-42.128082,-41.847032,-40.802707,-39.780194,-38.827145,-38.275061,-38.311561,-38.228708,-38.217143,-37.886106,-37.333652,-36.929858,-36.490642,-36.611227,-37.481033,-38.398786,-39.21596,-39.642874,-39.688135,-39.827528,-39.889732,-40.212065,-40.633309,-41.109585,-42.377654,-43.082521,-44.08318,-44.78315,-44.720968,-44.823465,-44.47278,-44.302818,-44.643282,-44.999176,-45.818965,-46.567511,-47.705901,-49.507746,-52.228539,-56.626518,-62.995788,-68.712685,-62.198494,-56.578929,-52.233221,-48.500685,-45.941582,-44.079193,-43.18642,-43.029138,-43.363752,-44.04721,-44.074574,-42.89718,-41.312103,-40.054394,-39.229265,-39.282346,-40.129884,-41.596474,-43.364594,-44.829548,-45.413271,-45.409745,-45.601054,-46.501447,-48.820382,-52.783795,-58.39176,-56.018222,-50.577724,-47.326569,-45.775682,-45.040041,-45.247069,-46.737353,-50.505517,-57.875704,-48.437433,-42.263237,-38.866192,-36.772764,-36.21174,-36.26583,-36.201487,-35.221175,-33.073171,-30.647481,-28.813471,-27.632692,-27.675357,-28.565797,-30.216297,-32.113409
"LT002",2022-07-22,2022-07-22 11:08:00,2022-07-27,"lakeTrout",81,390,354,504,196,38,"N","1",2,153,55,2.5,1,"2A","MD","Region_3","Region_3_665",3.427583," 15:07:28.5980",0,0.2285,-0.10111,0,12.677165,1.2065,0.4872,0.266926,0.107771,0.020729,0.031682,12.673896,665,656,797,132,-36.373824,12.63052,0.7653,0.152173,16.778,12.8405,0.020224,13.5,12.624663,12.792177,12.497935,0.152839,0.687394,0.980034,0.851396,0.707618,1.000258,0.87162,-36.445636,-36.117722,-36.031206,-35.69934,-35.572024,-35.203522,-34.942976,-34.674586,-34.380458,-34.092567,-33.695892,-33.335048,-32.90632,-32.55638,-32.222799,-31.881463,-31.555922,-31.228935,-30.897491,-30.627226,-30.366255,-30.137652,-29.935173,-29.712797,-29.495373,-29.278164,-29.032883,-28.836578,-28.640603,-28.478717,-28.375131,-28.252527,-28.159016,-28.074455,-27.985412,-27.954084,-27.922798,-27.924258,-27.947643,-27.972829,-28.030324,-28.146586,-28.250166,-28.354984,-28.449769,-28.466325,-28.515136,-28.539583,-28.621597,-28.718823,-28.801273,-28.821896,-28.796108,-28.777596,-28.797347,-28.871403,-28.987287,-29.085761,-29.154665,-29.132566,-29.048145,-28.947023,-28.82549,-28.716545,-28.546334,-28.336921,-28.059033,-27.769605,-27.436262,-27.112665,-26.767574,-26.452606,-26.150692,-25.894126,-25.644616,-25.436852,-25.206526,-24.99589,-24.789944,-24.553917,-24.370131,-24.157717,-23.928657,-23.747668,-23.520795,-23.183471,-22.986582,-23.01763,-23.250319,-23.566129,NA,NA,NA,NA,NA,NA,NA,NA,NA,NA,NA,NA,NA,NA,NA,NA,NA,NA,NA,NA,NA,NA,NA,NA,NA,NA,NA,NA,NA,NA,NA,NA,NA,NA,NA,NA,NA,NA,NA,NA,NA,NA,NA,NA,NA,NA,NA,NA,NA,NA,NA,NA,NA,NA,NA,NA,NA,NA,NA,NA,NA,NA,NA,NA,NA,NA,NA,NA,NA,NA,NA,NA,NA,NA,NA,NA,NA,NA,NA,NA,NA,NA,NA,NA,NA,NA,NA,NA,NA,NA,NA,NA,NA,NA,NA,NA,NA,NA,NA,NA,NA,NA,NA,NA,NA,NA,NA,NA,NA,NA,NA,NA,NA,NA,NA,NA,NA,NA,NA,NA,NA,NA,NA,NA,NA,NA,NA,NA,NA,NA,NA,NA,NA,NA,NA,NA,NA,NA,NA,NA,NA,NA,NA,NA,NA,NA,NA,NA,NA,NA,NA,NA,NA,NA,NA,NA,NA,NA,NA,NA,NA,-52.582285,-52.948749,-52.722084,-51.961822,-51.081729,-50.781893,-51.06482,-51.72351,-53.363268,-56.302548,-59.8805,-58.328454,-54.48759,-52.285479,-51.621022,-52.016143,-52.780714,-51.929192,-49.247942,-46.61198,-44.567601,-43.180306,-42.314271,-41.861189,-41.727243,-41.834716,-42.116454,-42.529763,-43.173116,-43.951512,-44.984529,-45.837342,-45.90782,-45.317415,-44.65476,-44.582881,-45.169995,-46.488158,-48.79753,-52.39496,-55.599041,-54.047019,-51.191195,-49.059601,-47.345622,-45.604524,-44.021328,-42.631791,-41.559083,-40.902483,-40.557978,-40.41928,-40.451824,-40.440011,-40.363898,-40.252811,-39.930365,-39.677885,-39.470061,-39.210513,-39.033138,-38.842536,-38.685448,-38.854956,-39.025959,-39.167031,-39.23985,-38.785136,-38.280446,-38.087983,-38.016512,-38.092351,-38.267165,-38.421218,-38.42904,-38.268477,-38.065941,-38.198566,-38.612053,-39.18212,-39.869829,-40.606496,-40.944525,-40.449714,-39.68843,-38.731424,-38.122619,-38.334215,-38.879175,-39.944854,-40.941083,-41.669621,-42.263843,-42.326454,-42.318548,-42.63185,-43.030464,-43.798588,-44.677386,-45.446602,-46.432852,-47.368107,-48.542595,-49.80767,-50.8943,-52.030628,-52.123391,-52.919057,-54.094862,-55.009235,-56.074072,-55.644132,-53.417391,-50.473162,-47.550027,-45.710671,-44.580999,-44.417681,-45.063695,-46.118615,-47.251955,-47.164883,-46.216872,-44.710158,-43.304313,-42.553911,-42.200123,-42.894482,-44.316097,-46.862754,-49.78564,-49.695526,-46.698545,-43.877786,-42.054131,-41.478858,-41.970386,-43.113833,-44.680571,-45.230787,-44.19207,-42.758036,-41.70245,-41.196898,-41.244692,-41.804316,-42.75175,-44.025202,-44.333885,-42.772665,-40.662479,-38.822898,-37.431124,-36.966491,-37.075731,-37.841431,-38.953242,-39.635957,-39.40929,-38.27586,-36.899463,-36.123236,-35.767134,-36.285724,-36.810477,-36.884917,-36.499395,-35.789119,-35.125424,-34.938402,-34.897478,-34.883237,-34.005762,-32.640836,-31.43759
"LT002",2022-07-22,2022-07-22 11:08:00,2022-07-27,"lakeTrout",81,390,354,504,196,38,"N","1",2,153,55,2.5,1,"2A","MD","Region_3","Region_3_666",4.589339," 15:07:28.7160",0,0.3252,-0.25044,0,12.677165,1.435,0.38609,0.317461,0.085398,0.056559,0.025467,12.672902,666,656,797,132,-36.373824,12.63052,0.7653,0.152173,16.778,12.8405,0.020224,13.5,12.624663,12.792177,12.497935,0.152839,0.687394,0.980034,0.851396,0.707618,1.000258,0.87162,-36.650971,-36.371049,-36.374576,-36.146138,-36.099883,-35.773679,-35.556278,-35.374906,-35.230713,-35.151136,-34.986094,-34.830277,-34.545779,-34.277581,-33.981503,-33.651425,-33.309517,-32.93101,-32.505999,-32.104231,-31.695597,-31.329007,-31.019954,-30.729764,-30.473355,-30.223855,-29.925487,-29.637792,-29.3168,-29.021862,-28.795091,-28.556826,-28.340137,-28.112753,-27.865574,-27.674095,-27.49639,-27.377879,-27.30872,-27.25798,-27.232518,-27.237019,-27.203909,-27.168148,-27.132102,-27.029085,-26.959354,-26.852427,-26.780018,-26.702366,-26.613444,-26.491469,-26.349632,-26.218423,-26.109036,-26.030591,-25.981225,-25.927837,-25.890912,-25.837524,-25.801097,-25.812429,-25.851329,-25.94373,-26.019365,-26.103587,-26.168289,-26.276377,-26.396842,-26.567063,-26.713465,-26.826305,-26.839588,-26.780967,-26.645575,-26.511699,-26.34296,-26.171596,-25.948722,-25.605762,-25.223167,-24.762003,-24.282405,-23.878902,-23.465573,-22.97236,-22.618382,-22.477328,-22.526855,-22.663861,NA,NA,NA,NA,NA,NA,NA,NA,NA,NA,NA,NA,NA,NA,NA,NA,NA,NA,NA,NA,NA,NA,NA,NA,NA,NA,NA,NA,NA,NA,NA,NA,NA,NA,NA,NA,NA,NA,NA,NA,NA,NA,NA,NA,NA,NA,NA,NA,NA,NA,NA,NA,NA,NA,NA,NA,NA,NA,NA,NA,NA,NA,NA,NA,NA,NA,NA,NA,NA,NA,NA,NA,NA,NA,NA,NA,NA,NA,NA,NA,NA,NA,NA,NA,NA,NA,NA,NA,NA,NA,NA,NA,NA,NA,NA,NA,NA,NA,NA,NA,NA,NA,NA,NA,NA,NA,NA,NA,NA,NA,NA,NA,NA,NA,NA,NA,NA,NA,NA,NA,NA,NA,NA,NA,NA,NA,NA,NA,NA,NA,NA,NA,NA,NA,NA,NA,NA,NA,NA,NA,NA,NA,NA,NA,NA,NA,NA,NA,NA,NA,NA,NA,NA,NA,NA,NA,NA,NA,NA,NA,NA,-48.103397,-47.991996,-47.930217,-47.938116,-47.905552,-47.9749,-47.740625,-46.907744,-46.091926,-45.476593,-45.166498,-45.400292,-45.668653,-45.818418,-45.749894,-45.439251,-45.214134,-45.212122,-45.454107,-46.045425,-46.9674,-48.38107,-50.235499,-52.143858,-53.497086,-54.200234,-54.668544,-54.863346,-54.121395,-51.947718,-49.296671,-47.034733,-45.615049,-45.138026,-45.155093,-45.417437,-45.579244,-45.606448,-45.767731,-46.436101,-47.788241,-50.216565,-53.320595,-56.006285,-56.470455,-54.855849,-53.368558,-53.21531,-54.87835,-57.880303,-57.338134,-53.502511,-50.489084,-48.340416,-46.972084,-46.506157,-46.806873,-47.890977,-49.275398,-50.482095,-51.558328,-52.618877,-54.026241,-56.059657,-57.528395,-57.53742,-56.269877,-53.816326,-51.38706,-49.750176,-48.724593,-48.15257,-47.752083,-47.254022,-46.629831,-46.10692,-45.92843,-46.352675,-47.092648,-47.798957,-48.42681,-49.209348,-50.026476,-50.561931,-51.016641,-50.774028,-50.020493,-49.713454,-50.08484,-51.798761,-54.428019,-56.320358,-54.415321,-50.987974,-48.884475,-48.883372,-50.851759,-55.378824,-59.972002,-56.080344,-52.466517,-50.43659,-49.903271,-50.656483,-51.733822,-51.342092,-49.500208,-49.082317,-49.291377,-49.099173,-48.909381,-47.887246,-46.573192,-45.506901,-44.465556,-44.002134,-43.487851,-42.95209,-42.258537,-41.48099,-41.121477,-40.73007,-40.650903,-40.384462,-39.824299,-39.141025,-38.010357,-37.173922,-36.42699,-36.160854,-36.262947,-36.613298,-37.207288,-37.489864,-37.173885,-36.564009,-36.074794,-35.837472,-36.34294,-37.565804,-39.327639,-41.169315,-42.264375,-42.244525,-41.81633,-41.723812,-42.32431,-44.236039,-47.611555,-53.555981,-55.938029,-47.458095,-42.747265,-40.262607,-39.023823,-38.893627,-39.590322,-40.300753,-39.694753,-37.256176,-34.470312,-32.652041,-31.790316,-32.512862,-34.486826,-37.677868,-39.509462,-36.206266,-32.611039,-30.269683,-28.725255,-28.252988,-28.595585,-29.957758,-31.974917
"LT002",2022-07-22,2022-07-22 11:08:00,2022-07-27,"lakeTrout",81,390,354,504,196,38,"N","1",2,153,55,2.5,1,"2A","MD","Region_3","Region_3_672",4.36984," 15:07:29.4190",0,-0.84545,0.13734,0,12.653754,1.2614,0.85489,0.278527,0.188748,0.057705,0.061352,12.64928,672,656,797,132,-36.373824,12.63052,0.7653,0.152173,16.778,12.8405,0.020224,13.5,12.624663,12.792177,12.497935,0.152839,0.687394,0.980034,0.851396,0.707618,1.000258,0.87162,-36.398564,-36.157509,-36.040775,-35.682953,-35.639817,-35.477067,-35.490861,-35.507364,-35.487967,-35.489763,-35.438365,-35.506015,-35.575526,-35.745211,-35.901615,-35.996822,-36.047822,-36.044226,-35.990706,-35.952574,-35.87821,-35.788995,-35.684741,-35.532124,-35.367685,-35.198097,-35.000421,-34.845826,-34.670572,-34.496797,-34.35099,-34.16905,-34.008413,-33.848101,-33.669013,-33.528339,-33.369444,-33.233944,-33.117098,-33.001655,-32.913398,-32.864104,-32.773711,-32.660999,-32.522537,-32.292655,-32.07129,-31.788217,-31.519763,-31.237994,-30.954169,-30.653526,-30.338204,-30.021902,-29.706515,-29.404414,-29.127011,-28.858003,-28.631711,-28.415065,-28.220581,-28.048907,-27.865615,-27.716772,-27.567109,-27.45715,-27.344941,-27.26707,-27.174476,-27.110845,-27.03649,-26.989817,-26.938956,-26.907265,-26.854926,-26.818986,-26.741582,-26.661207,-26.558157,-26.391185,-26.242325,-26.046384,-25.827959,-25.655753,-25.430109,-25.082518,-24.842876,-24.809744,-24.979342,-25.236606,NA,NA,NA,NA,NA,NA,NA,NA,NA,NA,NA,NA,NA,NA,NA,NA,NA,NA,NA,NA,NA,NA,NA,NA,NA,NA,NA,NA,NA,NA,NA,NA,NA,NA,NA,NA,NA,NA,NA,NA,NA,NA,NA,NA,NA,NA,NA,NA,NA,NA,NA,NA,NA,NA,NA,NA,NA,NA,NA,NA,NA,NA,NA,NA,NA,NA,NA,NA,NA,NA,NA,NA,NA,NA,NA,NA,NA,NA,NA,NA,NA,NA,NA,NA,NA,NA,NA,NA,NA,NA,NA,NA,NA,NA,NA,NA,NA,NA,NA,NA,NA,NA,NA,NA,NA,NA,NA,NA,NA,NA,NA,NA,NA,NA,NA,NA,NA,NA,NA,NA,NA,NA,NA,NA,NA,NA,NA,NA,NA,NA,NA,NA,NA,NA,NA,NA,NA,NA,NA,NA,NA,NA,NA,NA,NA,NA,NA,NA,NA,NA,NA,NA,NA,NA,NA,NA,NA,NA,NA,NA,NA,-30.508837,-30.381878,-30.166404,-29.889615,-29.610928,-29.684585,-29.82202,-29.605031,-29.37132,-29.054928,-28.644789,-28.486894,-28.359994,-28.387419,-28.533431,-28.576016,-28.544975,-28.401911,-28.200051,-28.135983,-28.172877,-28.354914,-28.596243,-28.823775,-29.01545,-29.191262,-29.389106,-29.625887,-29.969936,-30.269388,-30.580364,-30.724308,-30.693875,-30.671141,-30.599583,-30.643688,-30.664335,-30.555924,-30.307698,-29.996254,-29.58865,-29.408456,-29.318485,-29.347583,-29.465083,-29.378046,-29.151084,-28.753893,-28.35621,-28.139229,-28.046649,-27.997052,-27.954053,-27.722761,-27.401823,-27.202072,-27.086279,-27.26192,-27.520682,-27.633587,-27.68143,-27.572717,-27.426757,-27.601553,-27.82442,-28.114667,-28.365948,-28.096961,-27.753672,-27.682641,-27.708829,-27.85548,-28.072464,-28.233708,-28.202426,-27.964384,-27.663308,-27.638313,-27.799875,-28.003485,-28.26937,-28.653522,-28.772393,-28.277122,-27.707876,-27.016728,-26.569587,-26.69856,-26.862995,-27.240873,-27.286309,-26.910287,-26.496276,-25.875617,-25.599695,-25.98335,-26.434372,-26.861217,-26.831695,-26.244935,-25.69978,-25.086366,-24.783861,-24.715283,-24.668767,-25.240843,-25.288117,-25.843152,-26.372269,-26.401167,-26.727088,-26.637233,-26.38733,-26.136911,-25.530225,-25.297093,-25.165132,-25.459564,-26.025554,-26.479306,-26.717793,-26.147225,-25.462329,-24.625237,-23.916321,-23.696497,-23.478756,-23.58336,-23.396239,-23.158955,-22.889099,-22.681844,-22.807604,-23.121817,-23.524006,-23.836511,-23.726343,-23.166146,-22.896038,-23.051028,-23.537274,-24.109615,-24.445423,-24.343182,-23.920307,-23.486562,-23.287032,-23.756742,-24.482071,-24.793316,-24.784253,-24.376703,-23.593604,-23.151132,-22.994066,-23.306764,-23.901534,-24.257204,-24.148113,-23.53437,-22.688413,-22.330508,-22.424459,-23.487097,-24.670335,-25.179942,-24.642627,-23.633659,-22.936091,-23.112282,-24.120041,-26.25103,-27.998115,-27.857851,-26.840726
"LT002",2022-07-22,2022-07-22 11:08:00,2022-07-27,"lakeTrout",81,390,354,504,196,38,"N","1",2,153,55,2.5,1,"2A","MD","Region_3","Region_3_673",1.810375," 15:07:29.5430",0,-0.5178,0.0154700000000001,0,12.653754,0.41595,0.99223,0.091847,0.219116,0.006766,0.030825,12.651523,673,656,797,132,-36.373824,12.63052,0.7653,0.152173,16.778,12.8405,0.020224,13.5,12.624663,12.792177,12.497935,0.152839,0.687394,0.980034,0.851396,0.707618,1.000258,0.87162,-36.595513,-36.333723,-36.185054,-35.774388,-35.650584,-35.404771,-35.330861,-35.258144,-35.157049,-35.083498,-34.963385,-34.961764,-34.947206,-35.010253,-35.039619,-34.988344,-34.888922,-34.739826,-34.556841,-34.415009,-34.258841,-34.10509,-33.943497,-33.735036,-33.519434,-33.309602,-33.090008,-32.932883,-32.770033,-32.610269,-32.47948,-32.323833,-32.21641,-32.150388,-32.101575,-32.113041,-32.107266,-32.104392,-32.095843,-32.077972,-32.112002,-32.245908,-32.395578,-32.544822,-32.664958,-32.683914,-32.715269,-32.705106,-32.733402,-32.750919,-32.720699,-32.59822,-32.406559,-32.198043,-31.993839,-31.807436,-31.636656,-31.44791,-31.268031,-31.06409,-30.869357,-30.709479,-30.560186,-30.461928,-30.360567,-30.286074,-30.20309,-30.155391,-30.100699,-30.083566,-30.055543,-30.045337,-30.017185,-29.993671,-29.943964,-29.91662,-29.856604,-29.811145,-29.757594,-29.652771,-29.585141,-29.488349,-29.396704,-29.390043,-29.366417,-29.231139,-29.211517,-29.368844,-29.673527,-30.028471,NA,NA,NA,NA,NA,NA,NA,NA,NA,NA,NA,NA,NA,NA,NA,NA,NA,NA,NA,NA,NA,NA,NA,NA,NA,NA,NA,NA,NA,NA,NA,NA,NA,NA,NA,NA,NA,NA,NA,NA,NA,NA,NA,NA,NA,NA,NA,NA,NA,NA,NA,NA,NA,NA,NA,NA,NA,NA,NA,NA,NA,NA,NA,NA,NA,NA,NA,NA,NA,NA,NA,NA,NA,NA,NA,NA,NA,NA,NA,NA,NA,NA,NA,NA,NA,NA,NA,NA,NA,NA,NA,NA,NA,NA,NA,NA,NA,NA,NA,NA,NA,NA,NA,NA,NA,NA,NA,NA,NA,NA,NA,NA,NA,NA,NA,NA,NA,NA,NA,NA,NA,NA,NA,NA,NA,NA,NA,NA,NA,NA,NA,NA,NA,NA,NA,NA,NA,NA,NA,NA,NA,NA,NA,NA,NA,NA,NA,NA,NA,NA,NA,NA,NA,NA,NA,NA,NA,NA,NA,NA,NA,-31.274862,-31.13703,-30.993373,-30.853783,-30.732268,-30.841579,-30.953699,-30.645992,-30.284267,-29.883764,-29.441661,-29.360455,-29.351531,-29.461112,-29.648173,-29.643241,-29.566606,-29.41265,-29.223401,-29.168036,-29.144995,-29.20689,-29.278183,-29.360559,-29.458907,-29.604065,-29.792447,-29.95575,-30.139814,-30.12806,-30.082163,-29.927116,-29.775349,-29.831466,-29.90107,-30.07369,-30.162154,-30.099438,-29.95656,-29.896121,-29.852423,-30.087017,-30.377987,-30.641738,-30.883074,-30.850948,-30.756487,-30.584535,-30.455919,-30.450176,-30.470702,-30.442462,-30.372396,-30.174651,-29.99163,-30.040947,-30.176611,-30.511549,-30.811195,-30.912422,-30.986016,-31.023178,-31.122732,-31.562904,-31.976887,-32.236951,-32.376762,-32.050927,-31.805241,-31.995981,-32.322717,-32.682052,-32.919746,-32.939349,-32.811028,-32.7248,-32.840587,-33.378199,-34.02924,-34.456616,-34.60655,-34.693606,-34.752901,-34.625189,-34.871248,-35.185144,-35.52268,-35.819391,-35.55182,-35.4661,-35.507694,-35.822442,-36.638752,-37.440847,-38.235689,-38.447063,-37.635599,-36.916328,-36.587372,-36.557667,-37.008637,-37.419307,-37.628064,-36.827039,-35.086957,-34.290497,-34.008568,-35.170033,-36.624475,-37.214025,-37.274208,-36.091952,-34.712457,-33.916644,-33.504314,-34.017684,-34.624669,-34.952713,-34.50782,-33.615768,-33.175128,-32.849399,-32.987287,-32.911169,-32.366195,-31.502428,-30.238195,-29.585946,-29.284792,-29.651298,-30.369752,-30.93438,-30.995657,-30.190953,-29.156135,-28.732217,-28.924173,-29.293854,-29.862914,-30.041024,-29.578451,-28.812897,-28.161692,-27.829663,-27.841399,-28.072832,-28.255209,-28.440089,-28.247222,-27.420264,-26.672937,-26.176387,-25.895577,-26.190275,-26.421129,-26.45044,-26.094481,-25.383686,-24.862012,-24.653085,-24.766048,-25.377438,-25.748881,-26.049464,-25.743369,-25.375542,-25.494662,-26.106803,-27.271387,-28.795941,-29.473354,-29.165548,-28.459894,-28.404324,-29.19929
"LT002",2022-07-22,2022-07-22 11:08:00,2022-07-27,"lakeTrout",81,390,354,504,196,38,"N","1",2,153,55,2.5,1,"2A","MD","Region_3","Region_3_674",1.523805," 15:07:29.6590",NA,NA,NA,NA,12.653754,-0.10185,1.0077,-0.022491,0.22253,0.07894,0.067667,12.651777,674,656,797,132,-36.373824,12.63052,0.7653,0.152173,16.778,12.8405,0.020224,13.5,12.624663,12.792177,12.497935,0.152839,0.687394,0.980034,0.851396,0.707618,1.000258,0.87162,-42.614279,-42.662588,-42.936609,-42.899983,-42.966466,-42.698962,-42.456938,-42.159925,-41.839041,-41.567864,-41.266393,-41.099051,-40.956991,-40.965964,-41.035423,-41.108668,-41.181731,-41.197312,-41.114398,-40.975489,-40.73483,-40.453901,-40.167977,-39.855545,-39.538541,-39.188383,-38.750821,-38.294048,-37.793422,-37.313982,-36.898682,-36.46306,-36.0431,-35.624795,-35.207022,-34.867515,-34.5549,-34.296493,-34.071103,-33.846739,-33.658683,-33.560481,-33.507157,-33.51548,-33.559044,-33.550162,-33.587928,-33.611908,-33.705307,-33.830209,-33.955459,-34.021905,-34.031169,-34.029406,-34.043102,-34.089714,-34.161863,-34.210985,-34.245109,-34.21891,-34.171261,-34.147624,-34.138246,-34.176829,-34.187659,-34.187224,-34.14538,-34.121425,-34.088167,-34.097156,-34.095967,-34.101731,-34.066949,-34.008504,-33.897714,-33.788286,-33.627875,-33.464867,-33.277282,-33.027263,-32.814329,-32.583127,-32.376473,-32.278045,-32.186059,-32.005462,-31.970072,-32.143972,-32.494316,-32.919771,NA,NA,NA,NA,NA,NA,NA,NA,NA,NA,NA,NA,NA,NA,NA,NA,NA,NA,NA,NA,NA,NA,NA,NA,NA,NA,NA,NA,NA,NA,NA,NA,NA,NA,NA,NA,NA,NA,NA,NA,NA,NA,NA,NA,NA,NA,NA,NA,NA,NA,NA,NA,NA,NA,NA,NA,NA,NA,NA,NA,NA,NA,NA,NA,NA,NA,NA,NA,NA,NA,NA,NA,NA,NA,NA,NA,NA,NA,NA,NA,NA,NA,NA,NA,NA,NA,NA,NA,NA,NA,NA,NA,NA,NA,NA,NA,NA,NA,NA,NA,NA,NA,NA,NA,NA,NA,NA,NA,NA,NA,NA,NA,NA,NA,NA,NA,NA,NA,NA,NA,NA,NA,NA,NA,NA,NA,NA,NA,NA,NA,NA,NA,NA,NA,NA,NA,NA,NA,NA,NA,NA,NA,NA,NA,NA,NA,NA,NA,NA,NA,NA,NA,NA,NA,NA,NA,NA,NA,NA,NA,NA,-42.713161,-43.201699,-43.646789,-43.831746,-43.696661,-43.603524,-43.614645,-43.538659,-43.836848,-44.465136,-45.205179,-46.162996,-46.764966,-46.974845,-47.024584,-46.999293,-47.055801,-46.884558,-46.284838,-45.523741,-44.77849,-44.322968,-44.133748,-44.10678,-44.059634,-43.904876,-43.670436,-43.423963,-43.371118,-43.386971,-43.588018,-43.663324,-43.514787,-43.391408,-43.277373,-43.422023,-43.711572,-44.046091,-44.378635,-44.744427,-44.977506,-45.283246,-45.499773,-45.7618,-46.281385,-46.711779,-46.876405,-46.414853,-45.411344,-44.228491,-43.152906,-42.332633,-41.801801,-41.367819,-40.991271,-40.737572,-40.420922,-40.259119,-40.164235,-40.019393,-39.929185,-39.803286,-39.714468,-39.985501,-40.320098,-40.608107,-40.826732,-40.501124,-40.109323,-40.071389,-40.216994,-40.556073,-40.940011,-41.10242,-40.84561,-40.252823,-39.654899,-39.557432,-39.872766,-40.34151,-40.751197,-40.917588,-40.534999,-39.435075,-38.474276,-37.75522,-37.66246,-38.361712,-38.971478,-39.453348,-39.28588,-38.688623,-38.187879,-37.693564,-37.903506,-38.90038,-39.545419,-39.450574,-38.815588,-38.057817,-37.659354,-37.348144,-37.337795,-37.076847,-36.001631,-35.225292,-34.485921,-35.099772,-36.184432,-36.873809,-37.680531,-37.402743,-36.322221,-35.101701,-33.891595,-33.611314,-33.827749,-34.658045,-35.526737,-35.616299,-35.173939,-34.225558,-33.605801,-33.035367,-32.618831,-32.504494,-32.07154,-31.770128,-31.193184,-30.858622,-30.763955,-30.809795,-31.076397,-31.100139,-30.804419,-30.602859,-30.610741,-30.709717,-31.314606,-32.155542,-32.786249,-32.918711,-32.692675,-32.454868,-32.463689,-32.825172,-33.493185,-34.575749,-35.351162,-35.062599,-34.317487,-33.508249,-32.879197,-33.051286,-33.623504,-34.503854,-34.98915,-34.450938,-33.459603,-32.52237,-31.969662,-32.273463,-33.04856,-34.370197,-34.47355,-33.368663,-32.317161,-31.845311,-32.358502,-34.32971,-37.896906,-40.49503,-37.066995,-34.420611,-33.655576
"LT002",2022-07-22,2022-07-22 11:08:00,2022-07-27,"lakeTrout",81,390,354,504,196,38,"N","1",2,153,55,2.5,1,"2A","MD","Region_3","Region_3_677",1.920983," 15:07:30.0170",-0.0117060000000002,0.09553,-0.014,-6.91293511720068,12.642048,0.17835,1.1201,0.039345,0.247136,0.156359,0.103355,12.639571,677,656,797,132,-36.373824,12.63052,0.7653,0.152173,16.778,12.8405,0.020224,13.5,12.624663,12.792177,12.497935,0.152839,0.687394,0.980034,0.851396,0.707618,1.000258,0.87162,-53.470752,-53.847033,-54.447256,-54.163701,-53.08837,-51.266075,-49.647379,-48.360714,-47.41611,-46.800434,-46.320589,-46.011691,-45.658524,-45.354708,-45.05033,-44.762792,-44.560713,-44.449331,-44.428049,-44.538119,-44.684977,-44.848484,-44.990421,-45.053086,-45.060145,-45.006694,-44.86064,-44.70003,-44.506914,-44.354478,-44.274829,-44.135334,-43.902595,-43.517962,-42.990453,-42.447042,-41.889607,-41.380682,-40.906476,-40.418789,-39.92876,-39.487993,-39.084923,-38.772131,-38.535465,-38.283278,-38.104204,-37.929221,-37.837399,-37.790875,-37.763804,-37.702817,-37.610962,-37.531844,-37.488421,-37.494992,-37.542615,-37.583059,-37.630149,-37.65497,-37.719887,-37.894494,-38.177713,-38.583903,-39.002823,-39.42921,-39.838532,-40.316839,-40.865527,-41.547439,-42.28326,-43.013899,-43.590824,-43.963781,-44.112714,-44.159735,-44.130287,-44.103618,-44.01498,-43.722597,-43.241123,-42.533614,-41.745202,-41.070296,-40.477629,-39.897109,-39.535019,-39.409971,-39.447079,-39.52341,NA,NA,NA,NA,NA,NA,NA,NA,NA,NA,NA,NA,NA,NA,NA,NA,NA,NA,NA,NA,NA,NA,NA,NA,NA,NA,NA,NA,NA,NA,NA,NA,NA,NA,NA,NA,NA,NA,NA,NA,NA,NA,NA,NA,NA,NA,NA,NA,NA,NA,NA,NA,NA,NA,NA,NA,NA,NA,NA,NA,NA,NA,NA,NA,NA,NA,NA,NA,NA,NA,NA,NA,NA,NA,NA,NA,NA,NA,NA,NA,NA,NA,NA,NA,NA,NA,NA,NA,NA,NA,NA,NA,NA,NA,NA,NA,NA,NA,NA,NA,NA,NA,NA,NA,NA,NA,NA,NA,NA,NA,NA,NA,NA,NA,NA,NA,NA,NA,NA,NA,NA,NA,NA,NA,NA,NA,NA,NA,NA,NA,NA,NA,NA,NA,NA,NA,NA,NA,NA,NA,NA,NA,NA,NA,NA,NA,NA,NA,NA,NA,NA,NA,NA,NA,NA,NA,NA,NA,NA,NA,NA,-44.484736,-43.730434,-42.881808,-42.048206,-41.348766,-41.0644,-40.967742,-40.571224,-40.135883,-39.586561,-38.892583,-38.513238,-38.275329,-38.329959,-38.683393,-39.014347,-39.279902,-39.301903,-39.074656,-38.863088,-38.710212,-38.769936,-39.0019,-39.388179,-39.884287,-40.468268,-41.09481,-41.656004,-42.154264,-42.333298,-42.330584,-42.112378,-41.910743,-42.084548,-42.545963,-43.395328,-44.38991,-45.369565,-46.277127,-47.121469,-47.678414,-48.138269,-48.389475,-48.538957,-48.708062,-48.680379,-48.682129,-48.70115,-48.796766,-48.932322,-48.914259,-48.642214,-48.152952,-47.416086,-46.621092,-46.031515,-45.574274,-45.422985,-45.36163,-45.224139,-45.172728,-45.19735,-45.414172,-46.107991,-46.88632,-47.527037,-47.920899,-47.67531,-47.381224,-47.480701,-47.765107,-48.20489,-48.644084,-48.800973,-48.462683,-47.769635,-47.107016,-46.966928,-47.288718,-47.917534,-48.775901,-49.637174,-49.815475,-48.872005,-47.750395,-46.74283,-46.389982,-47.020579,-47.854495,-48.661976,-48.565199,-47.740592,-46.896808,-46.036057,-45.874511,-46.561998,-47.088766,-47.081751,-46.503295,-45.657204,-45.069796,-44.537472,-44.410802,-44.381938,-43.915977,-43.657613,-43.097533,-43.654698,-44.576013,-45.110932,-45.938643,-46.074107,-45.619943,-44.807635,-43.679338,-43.311421,-43.48317,-44.537297,-46.236649,-47.820569,-48.653646,-48.235244,-47.772932,-47.406193,-47.5173,-48.496619,-49.812331,-51.510005,-52.229078,-51.958353,-51.164977,-50.380843,-50.156417,-50.521785,-51.782077,-54.269332,-56.025177,-53.794202,-51.156665,-49.850898,-49.86012,-51.136583,-53.950152,-58.678408,-59.52106,-55.077702,-52.558162,-52.075109,-52.732405,-53.677345,-55.255857,-57.847821,-61.14531,-59.484689,-54.979458,-52.162528,-50.743111,-50.206358,-50.376662,-49.802606,-46.89947,-43.428961,-40.470643,-38.923542,-38.087884,-37.901835,-38.440896,-39.372905,-40.050786,-39.415335,-37.565135,-36.227123,-35.403648,-35.171203,-35.187743
"LT002",2022-07-22,2022-07-22 11:08:00,2022-07-27,"lakeTrout",81,390,354,504,196,38,"N","1",2,153,55,2.5,1,"2A","MD","Region_3","Region_3_678",1.962114," 15:07:30.1320",-0.011705000000001,0.50666,-0.31481,-1.12416337073566,12.630342,0.27388,1.1061,0.060362,0.243813,0.145513,0.021238,12.627845,678,656,797,132,-36.373824,12.63052,0.7653,0.152173,16.778,12.8405,0.020224,13.5,12.624663,12.792177,12.497935,0.152839,0.687394,0.980034,0.851396,0.707618,1.000258,0.87162,-44.676999,-44.335013,-44.040195,-43.452051,-43.134001,-42.675511,-42.381313,-42.100372,-41.817453,-41.599334,-41.383785,-41.353339,-41.394657,-41.606527,-41.866214,-42.098012,-42.293453,-42.407271,-42.420261,-42.394489,-42.293002,-42.16833,-42.040577,-41.879388,-41.708556,-41.511156,-41.244038,-40.974413,-40.662133,-40.355325,-40.095974,-39.817437,-39.575387,-39.361366,-39.16413,-39.042899,-38.929311,-38.841968,-38.757599,-38.649433,-38.562141,-38.55545,-38.58299,-38.654699,-38.740126,-38.753795,-38.796643,-38.808299,-38.868497,-38.930296,-38.953626,-38.879021,-38.71717,-38.522203,-38.323705,-38.14351,-37.987738,-37.830575,-37.704773,-37.57949,-37.484008,-37.43761,-37.411451,-37.447467,-37.498507,-37.60025,-37.718514,-37.895714,-38.084662,-38.319839,-38.536334,-38.742833,-38.887729,-38.988416,-39.02068,-39.045357,-39.018128,-38.984211,-38.905686,-38.718223,-38.502416,-38.208075,-37.893549,-37.651809,-37.375698,-36.961145,-36.644901,-36.549923,-36.715197,-37.045726,NA,NA,NA,NA,NA,NA,NA,NA,NA,NA,NA,NA,NA,NA,NA,NA,NA,NA,NA,NA,NA,NA,NA,NA,NA,NA,NA,NA,NA,NA,NA,NA,NA,NA,NA,NA,NA,NA,NA,NA,NA,NA,NA,NA,NA,NA,NA,NA,NA,NA,NA,NA,NA,NA,NA,NA,NA,NA,NA,NA,NA,NA,NA,NA,NA,NA,NA,NA,NA,NA,NA,NA,NA,NA,NA,NA,NA,NA,NA,NA,NA,NA,NA,NA,NA,NA,NA,NA,NA,NA,NA,NA,NA,NA,NA,NA,NA,NA,NA,NA,NA,NA,NA,NA,NA,NA,NA,NA,NA,NA,NA,NA,NA,NA,NA,NA,NA,NA,NA,NA,NA,NA,NA,NA,NA,NA,NA,NA,NA,NA,NA,NA,NA,NA,NA,NA,NA,NA,NA,NA,NA,NA,NA,NA,NA,NA,NA,NA,NA,NA,NA,NA,NA,NA,NA,NA,NA,NA,NA,NA,NA,-39.42337,-39.206025,-39.044858,-38.957324,-38.956101,-39.244326,-39.570273,-39.493911,-39.377093,-39.245848,-39.110783,-39.381555,-39.771725,-40.307143,-40.918136,-41.327764,-41.681277,-42.034577,-42.479452,-43.173638,-43.927305,-44.633478,-45.051171,-45.105683,-44.859966,-44.479649,-44.086826,-43.677061,-43.29242,-42.672822,-41.931361,-41.01096,-40.104909,-39.500101,-39.033574,-38.76888,-38.487351,-38.111468,-37.71319,-37.464198,-37.303101,-37.471028,-37.71253,-37.907827,-38.041504,-37.886918,-37.697084,-37.487595,-37.382181,-37.444138,-37.564346,-37.673881,-37.788271,-37.828612,-37.931384,-38.287181,-38.720536,-39.326065,-39.884144,-40.269876,-40.678439,-41.1023,-41.630512,-42.509325,-43.349176,-44.027055,-44.555843,-44.569301,-44.602449,-45.019498,-45.534156,-46.076844,-46.572537,-46.960898,-47.203796,-47.37859,-47.725242,-48.690196,-50.239564,-52.288927,-54.91634,-58.103027,-60.89009,-61.755598,-61.768039,-62.352915,-63.800501,-61.617499,-57.272241,-54.765357,-53.521956,-53.025913,-53.024223,-52.571889,-51.649753,-50.597407,-49.644038,-49.434999,-49.699176,-50.049076,-50.452641,-50.16597,-49.11023,-47.192326,-45.01255,-44.20881,-44.006529,-45.140106,-46.360291,-46.501529,-46.063746,-44.486933,-42.687492,-41.316913,-40.142043,-39.741566,-39.47361,-39.344028,-39.066562,-38.56784,-38.314418,-37.900317,-37.78285,-37.490209,-36.998686,-36.473496,-35.545728,-35.003835,-34.577872,-34.665583,-35.119454,-35.706886,-36.339455,-36.455094,-36.087087,-35.914535,-36.12437,-36.467362,-37.192883,-37.904473,-38.194002,-38.002444,-37.613824,-37.315868,-37.23284,-37.326247,-37.425993,-37.660152,-37.644405,-37.056938,-36.550506,-36.298973,-36.237483,-36.680683,-36.944236,-36.874643,-36.398793,-35.664412,-35.22463,-35.216133,-35.657993,-36.779296,-37.813795,-38.387078,-37.633525,-36.584288,-36.042944,-36.045613,-36.791109,-38.71469,-42.091821,-44.724151,-41.027817,-37.884196,-36.336737
"LT002",2022-07-22,2022-07-22 11:08:00,2022-07-27,"lakeTrout",81,390,354,504,196,38,"N","1",2,153,55,2.5,1,"2A","MD","Region_3","Region_3_679",2.191744," 15:07:30.2500",-0.0117060000000002,0.45146,-0.20617,-1.35113536126393,12.618637,0.78054,0.79129,0.171883,0.17425,0.016536,0.018849,12.616263,679,656,797,132,-36.373824,12.63052,0.7653,0.152173,16.778,12.8405,0.020224,13.5,12.624663,12.792177,12.497935,0.152839,0.687394,0.980034,0.851396,0.707618,1.000258,0.87162,-38.499789,-38.072598,-37.635545,-36.985554,-36.731362,-36.416297,-36.274609,-36.121116,-35.939702,-35.795691,-35.608847,-35.529995,-35.423284,-35.390476,-35.339628,-35.239464,-35.128236,-35.003271,-34.872085,-34.8005,-34.725616,-34.659146,-34.587182,-34.466511,-34.333679,-34.198233,-34.041606,-33.937039,-33.820826,-33.707145,-33.619069,-33.496098,-33.407878,-33.349186,-33.304605,-33.327137,-33.347679,-33.391743,-33.454703,-33.536489,-33.69816,-33.983965,-34.304366,-34.637376,-34.953056,-35.189015,-35.480579,-35.804556,-36.273038,-36.84605,-37.432423,-37.882075,-38.168022,-38.393218,-38.653714,-38.997654,-39.405799,-39.783441,-40.072666,-40.182001,-40.167674,-40.155097,-40.205696,-40.346312,-40.435632,-40.436641,-40.320102,-40.189719,-40.067918,-40.033035,-40.028001,-40.038718,-39.980021,-39.854488,-39.653432,-39.474887,-39.30815,-39.210911,-39.124148,-38.937306,-38.692691,-38.349992,-38.030229,-37.909172,-37.950532,-38.061112,-38.370685,-38.764094,-39.097562,-39.356467,NA,NA,NA,NA,NA,NA,NA,NA,NA,NA,NA,NA,NA,NA,NA,NA,NA,NA,NA,NA,NA,NA,NA,NA,NA,NA,NA,NA,NA,NA,NA,NA,NA,NA,NA,NA,NA,NA,NA,NA,NA,NA,NA,NA,NA,NA,NA,NA,NA,NA,NA,NA,NA,NA,NA,NA,NA,NA,NA,NA,NA,NA,NA,NA,NA,NA,NA,NA,NA,NA,NA,NA,NA,NA,NA,NA,NA,NA,NA,NA,NA,NA,NA,NA,NA,NA,NA,NA,NA,NA,NA,NA,NA,NA,NA,NA,NA,NA,NA,NA,NA,NA,NA,NA,NA,NA,NA,NA,NA,NA,NA,NA,NA,NA,NA,NA,NA,NA,NA,NA,NA,NA,NA,NA,NA,NA,NA,NA,NA,NA,NA,NA,NA,NA,NA,NA,NA,NA,NA,NA,NA,NA,NA,NA,NA,NA,NA,NA,NA,NA,NA,NA,NA,NA,NA,NA,NA,NA,NA,NA,NA,-42.722529,-42.847228,-42.900638,-42.89875,-42.87761,-43.070967,-43.209031,-42.832125,-42.289645,-41.618895,-40.902039,-40.62003,-40.530619,-40.650908,-40.821281,-40.667889,-40.300931,-39.822062,-39.391353,-39.226508,-39.194634,-39.249337,-39.204684,-38.980396,-38.583564,-38.111188,-37.648972,-37.208348,-36.871121,-36.434841,-36.03868,-35.585909,-35.177206,-35.01393,-34.901115,-34.916479,-34.871221,-34.70569,-34.522357,-34.514451,-34.644637,-35.172525,-35.822888,-36.43394,-36.929834,-37.057973,-37.105825,-37.168858,-37.412706,-37.898382,-38.467864,-38.976226,-39.383724,-39.570569,-39.696409,-40.045084,-40.536549,-41.262619,-41.89978,-42.222104,-42.416963,-42.543602,-42.81689,-43.679426,-44.872346,-46.202751,-47.483949,-48.243007,-48.976257,-49.946512,-50.897511,-52.025486,-53.427369,-54.668503,-54.849524,-53.534976,-51.336514,-49.468895,-48.286264,-47.690982,-47.496789,-47.353708,-46.593126,-44.887903,-43.203029,-41.788944,-41.120273,-41.438517,-41.866846,-42.193778,-41.781548,-40.881464,-40.05548,-39.153726,-38.681655,-38.606248,-38.183096,-37.666367,-37.069341,-36.364789,-35.884509,-35.328585,-34.891205,-34.167116,-33.021897,-32.717621,-32.642506,-33.799553,-35.1697,-35.800467,-36.177544,-35.377113,-34.090794,-33.019689,-32.09075,-32.04775,-32.363803,-33.08934,-33.715442,-33.757091,-33.639118,-33.17908,-33.02669,-32.85106,-32.70608,-32.692069,-32.218328,-31.880554,-31.442884,-31.450506,-31.868906,-32.592786,-33.660265,-34.401791,-34.426538,-34.148952,-33.985647,-33.980017,-34.594937,-35.698478,-36.94446,-37.795384,-37.90933,-37.530311,-37.128573,-36.990086,-37.17332,-37.89028,-38.506641,-38.284315,-37.713231,-37.058536,-36.496939,-36.608973,-36.999335,-37.635909,-38.048698,-37.767568,-37.16045,-36.483397,-35.972599,-36.082682,-36.3493,-36.857612,-36.417787,-35.21533,-34.066961,-33.287076,-33.170233,-34.039566,-35.674342,-37.827794,-37.936735,-36.104167,-34.473976
"LT002",2022-07-22,2022-07-22 11:08:00,2022-07-27,"lakeTrout",81,390,354,504,196,38,"N","1",2,153,55,2.5,1,"2A","MD","Region_3","Region_3_680",3.698932," 15:07:30.3660",-0.0117049999999992,0.2225,0.02895,-2.98624318567833,12.606931,1.232,0.58512,0.271036,0.128712,0.069956,0.034828,12.60336,680,656,797,132,-36.373824,12.63052,0.7653,0.152173,16.778,12.8405,0.020224,13.5,12.624663,12.792177,12.497935,0.152839,0.687394,0.980034,0.851396,0.707618,1.000258,0.87162,-36.888315,-36.521389,-36.191467,-35.672101,-35.550757,-35.340633,-35.271883,-35.160764,-34.996306,-34.860186,-34.690304,-34.653687,-34.620595,-34.681281,-34.722668,-34.697473,-34.627895,-34.507689,-34.347323,-34.22316,-34.091961,-33.981849,-33.891324,-33.78066,-33.681902,-33.596596,-33.495648,-33.443016,-33.367787,-33.28791,-33.233187,-33.150247,-33.110353,-33.101773,-33.104453,-33.165258,-33.211293,-33.267777,-33.327462,-33.388963,-33.512209,-33.74321,-33.999844,-34.265595,-34.509392,-34.665046,-34.85655,-35.042785,-35.31143,-35.597299,-35.813875,-35.869373,-35.796789,-35.697241,-35.62839,-35.606585,-35.608777,-35.567254,-35.472705,-35.282959,-35.056405,-34.866727,-34.721236,-34.641889,-34.533112,-34.399898,-34.211121,-34.037435,-33.863185,-33.747393,-33.643022,-33.566607,-33.463926,-33.349045,-33.192091,-33.0546,-32.902565,-32.793379,-32.705511,-32.580031,-32.479391,-32.330094,-32.174827,-32.114473,-32.076247,-31.98766,-32.053293,-32.311107,-32.709733,-33.136704,NA,NA,NA,NA,NA,NA,NA,NA,NA,NA,NA,NA,NA,NA,NA,NA,NA,NA,NA,NA,NA,NA,NA,NA,NA,NA,NA,NA,NA,NA,NA,NA,NA,NA,NA,NA,NA,NA,NA,NA,NA,NA,NA,NA,NA,NA,NA,NA,NA,NA,NA,NA,NA,NA,NA,NA,NA,NA,NA,NA,NA,NA,NA,NA,NA,NA,NA,NA,NA,NA,NA,NA,NA,NA,NA,NA,NA,NA,NA,NA,NA,NA,NA,NA,NA,NA,NA,NA,NA,NA,NA,NA,NA,NA,NA,NA,NA,NA,NA,NA,NA,NA,NA,NA,NA,NA,NA,NA,NA,NA,NA,NA,NA,NA,NA,NA,NA,NA,NA,NA,NA,NA,NA,NA,NA,NA,NA,NA,NA,NA,NA,NA,NA,NA,NA,NA,NA,NA,NA,NA,NA,NA,NA,NA,NA,NA,NA,NA,NA,NA,NA,NA,NA,NA,NA,NA,NA,NA,NA,NA,NA,-33.679306,-33.612121,-33.563305,-33.478478,-33.332321,-33.419691,-33.499619,-33.227149,-33.017115,-32.841779,-32.649431,-32.700192,-32.657632,-32.619571,-32.644419,-32.631947,-32.694827,-32.71726,-32.584714,-32.375649,-32.043008,-31.738135,-31.512049,-31.400801,-31.401048,-31.469588,-31.526166,-31.4752,-31.340655,-30.994878,-30.650177,-30.30654,-30.061522,-30.04671,-30.065258,-30.22125,-30.389999,-30.524847,-30.675538,-30.915262,-31.113797,-31.478462,-31.78521,-32.062353,-32.40654,-32.668646,-32.992907,-33.248776,-33.430153,-33.618836,-33.784837,-33.934046,-34.136546,-34.262763,-34.366285,-34.518822,-34.54189,-34.669989,-34.843981,-34.960771,-35.13872,-35.23225,-35.221211,-35.352812,-35.352088,-35.351177,-35.451691,-35.220356,-35.006529,-34.99187,-34.878448,-34.713519,-34.597295,-34.614801,-34.770715,-34.969869,-35.092657,-35.310559,-35.564914,-35.872139,-36.410175,-37.345595,-38.327924,-38.759488,-38.869648,-38.581038,-38.5136,-39.215591,-40.209749,-41.654939,-42.866654,-43.462729,-43.549924,-43.050462,-42.780917,-43.100182,-43.421113,-43.817147,-43.878074,-43.121238,-41.827386,-40.030916,-38.43105,-37.246095,-36.651038,-37.456128,-38.071012,-38.797651,-38.977806,-38.447108,-38.285548,-37.907495,-37.682813,-37.526339,-36.597662,-35.587281,-34.573499,-34.2122,-34.517829,-35.101253,-35.612451,-35.053922,-34.093256,-32.869336,-31.77908,-31.215355,-30.734721,-30.687116,-30.374497,-29.936738,-29.309632,-28.612494,-28.206889,-28.00926,-28.130412,-28.587519,-28.912579,-28.695589,-28.489922,-28.504143,-28.773199,-29.190094,-29.576213,-29.761129,-29.686969,-29.448703,-29.202712,-29.409252,-29.713663,-29.555639,-29.25372,-28.803652,-28.163882,-27.888355,-27.776451,-28.018564,-28.459868,-28.683885,-28.64463,-28.196462,-27.426688,-26.978017,-26.808442,-27.580096,-28.64226,-29.501043,-29.64222,-28.898305,-27.921678,-27.505559,-27.695118,-28.922239,-30.470565,-31.532468,-31.431348
"LT002",2022-07-22,2022-07-22 11:08:00,2022-07-27,"lakeTrout",81,390,354,504,196,38,"N","1",2,153,55,2.5,1,"2A","MD","Region_3","Region_3_681",5.00108," 15:07:30.4810",-0.0117060000000002,0.1619,0.26932,-2.13340399040317,12.595226,1.4545,0.61407,0.319695,0.134943,0.054614,0.000287,12.590445,681,656,797,132,-36.373824,12.63052,0.7653,0.152173,16.778,12.8405,0.020224,13.5,12.624663,12.792177,12.497935,0.152839,0.687394,0.980034,0.851396,0.707618,1.000258,0.87162,-37.924696,-37.518794,-37.035622,-36.362445,-36.157523,-35.924607,-35.861418,-35.760782,-35.604466,-35.473535,-35.297499,-35.238718,-35.174707,-35.211595,-35.253088,-35.265802,-35.26662,-35.233254,-35.148478,-35.058605,-34.906823,-34.723736,-34.526503,-34.296712,-34.078982,-33.878246,-33.661009,-33.488163,-33.293855,-33.109153,-32.968031,-32.810404,-32.695244,-32.600732,-32.508555,-32.471983,-32.42446,-32.393851,-32.363832,-32.317974,-32.301973,-32.362897,-32.443162,-32.549503,-32.651875,-32.670806,-32.70818,-32.703276,-32.739099,-32.778591,-32.80221,-32.764836,-32.670397,-32.558684,-32.451944,-32.362431,-32.28605,-32.185592,-32.07933,-31.938116,-31.80279,-31.714193,-31.659153,-31.665244,-31.661285,-31.665947,-31.638465,-31.632112,-31.615172,-31.639101,-31.660544,-31.70562,-31.728014,-31.742652,-31.708191,-31.669088,-31.580645,-31.49252,-31.393971,-31.250218,-31.146563,-31.020517,-30.89788,-30.85119,-30.78877,-30.65252,-30.690181,-31.034349,-31.674383,-32.409232,NA,NA,NA,NA,NA,NA,NA,NA,NA,NA,NA,NA,NA,NA,NA,NA,NA,NA,NA,NA,NA,NA,NA,NA,NA,NA,NA,NA,NA,NA,NA,NA,NA,NA,NA,NA,NA,NA,NA,NA,NA,NA,NA,NA,NA,NA,NA,NA,NA,NA,NA,NA,NA,NA,NA,NA,NA,NA,NA,NA,NA,NA,NA,NA,NA,NA,NA,NA,NA,NA,NA,NA,NA,NA,NA,NA,NA,NA,NA,NA,NA,NA,NA,NA,NA,NA,NA,NA,NA,NA,NA,NA,NA,NA,NA,NA,NA,NA,NA,NA,NA,NA,NA,NA,NA,NA,NA,NA,NA,NA,NA,NA,NA,NA,NA,NA,NA,NA,NA,NA,NA,NA,NA,NA,NA,NA,NA,NA,NA,NA,NA,NA,NA,NA,NA,NA,NA,NA,NA,NA,NA,NA,NA,NA,NA,NA,NA,NA,NA,NA,NA,NA,NA,NA,NA,NA,NA,NA,NA,NA,NA,-32.558216,-32.313768,-32.104966,-31.958589,-31.869984,-32.123121,-32.333465,-32.079128,-31.764563,-31.41052,-31.086754,-31.125022,-31.233612,-31.444386,-31.663324,-31.722868,-31.731869,-31.688723,-31.590474,-31.535973,-31.43261,-31.329657,-31.214817,-31.088664,-30.975429,-30.8779,-30.779012,-30.647687,-30.522676,-30.302099,-30.139527,-29.98561,-29.869264,-29.88003,-29.852364,-29.906153,-29.959636,-30.005779,-30.119111,-30.371592,-30.639187,-31.095861,-31.474221,-31.78578,-32.085852,-32.246499,-32.407286,-32.462259,-32.413922,-32.361445,-32.278733,-32.186776,-32.182643,-32.15649,-32.195266,-32.337392,-32.336607,-32.366891,-32.3945,-32.391547,-32.552678,-32.774181,-33.051211,-33.541004,-33.78705,-33.846482,-33.828541,-33.458919,-33.205941,-33.279388,-33.351845,-33.360961,-33.29247,-33.168261,-33.014283,-32.829978,-32.590529,-32.466961,-32.352306,-32.195358,-32.13466,-32.343071,-32.479747,-32.099038,-31.525878,-30.641592,-29.934164,-29.911609,-30.152873,-30.855045,-31.37697,-31.360404,-30.9649,-30.027269,-29.273519,-29.294829,-29.727131,-30.549599,-31.095927,-30.862914,-30.303586,-29.400635,-28.682556,-28.274189,-28.205892,-29.211137,-29.848306,-30.644067,-31.050238,-30.834082,-30.954844,-30.831499,-30.800779,-30.934783,-30.56132,-30.188833,-29.666083,-29.572111,-29.98489,-30.695179,-31.571123,-31.612561,-31.153885,-30.239559,-29.357136,-29.027729,-28.884593,-29.294725,-29.558582,-29.639008,-29.370041,-28.92392,-28.72158,-28.754698,-29.085354,-29.626876,-29.885396,-29.499398,-29.114642,-29.003737,-29.205085,-29.581008,-29.8935,-29.90859,-29.573057,-29.074021,-28.666427,-28.862618,-29.320628,-29.474193,-29.500414,-29.26249,-28.573236,-28.011957,-27.551668,-27.436685,-27.594719,-27.676656,-27.594922,-27.183137,-26.42643,-25.950918,-25.750014,-26.376315,-27.196104,-27.704708,-27.442497,-26.508982,-25.572031,-25.324846,-25.702165,-26.945422,-28.090059,-28.267528,-27.464974
"LT002",2022-07-22,2022-07-22 11:08:00,2022-07-27,"lakeTrout",81,390,354,504,196,38,"N","1",2,153,55,2.5,1,"2A","MD","Region_3","Region_3_685",3.936912," 15:07:30.9460",0,-0.58003,-0.2203,0,12.58352,0.9113,1.2424,0.200087,0.272814,0.054835,0.080863,12.578971,685,656,797,132,-36.373824,12.63052,0.7653,0.152173,16.778,12.8405,0.020224,13.5,12.624663,12.792177,12.497935,0.152839,0.687394,0.980034,0.851396,0.707618,1.000258,0.87162,-37.754132,-37.387551,-37.202013,-36.831484,-36.734697,-36.383843,-36.097975,-35.807935,-35.544576,-35.353681,-35.08279,-34.819507,-34.424133,-34.0531,-33.673828,-33.289934,-32.929612,-32.565176,-32.178672,-31.818933,-31.435719,-31.06119,-30.703287,-30.329438,-29.966739,-29.6093,-29.225156,-28.890006,-28.566323,-28.2993,-28.116357,-27.932685,-27.782032,-27.634346,-27.472749,-27.362255,-27.248537,-27.171112,-27.122397,-27.087624,-27.103516,-27.194541,-27.285316,-27.382076,-27.464975,-27.464874,-27.489143,-27.480606,-27.524346,-27.583818,-27.640168,-27.643974,-27.593436,-27.529648,-27.480641,-27.467847,-27.494092,-27.519786,-27.551174,-27.534843,-27.488003,-27.444695,-27.400634,-27.39718,-27.364065,-27.311743,-27.195544,-27.069124,-26.900676,-26.73929,-26.536098,-26.315869,-26.043812,-25.755488,-25.437036,-25.151741,-24.862361,-24.615526,-24.386299,-24.114999,-23.86338,-23.55723,-23.229973,-22.974227,-22.714782,-22.402115,-22.258894,-22.350404,-22.629942,-22.960575,NA,NA,NA,NA,NA,NA,NA,NA,NA,NA,NA,NA,NA,NA,NA,NA,NA,NA,NA,NA,NA,NA,NA,NA,NA,NA,NA,NA,NA,NA,NA,NA,NA,NA,NA,NA,NA,NA,NA,NA,NA,NA,NA,NA,NA,NA,NA,NA,NA,NA,NA,NA,NA,NA,NA,NA,NA,NA,NA,NA,NA,NA,NA,NA,NA,NA,NA,NA,NA,NA,NA,NA,NA,NA,NA,NA,NA,NA,NA,NA,NA,NA,NA,NA,NA,NA,NA,NA,NA,NA,NA,NA,NA,NA,NA,NA,NA,NA,NA,NA,NA,NA,NA,NA,NA,NA,NA,NA,NA,NA,NA,NA,NA,NA,NA,NA,NA,NA,NA,NA,NA,NA,NA,NA,NA,NA,NA,NA,NA,NA,NA,NA,NA,NA,NA,NA,NA,NA,NA,NA,NA,NA,NA,NA,NA,NA,NA,NA,NA,NA,NA,NA,NA,NA,NA,NA,NA,NA,NA,NA,NA,-40.292052,-40.439674,-40.582053,-40.796448,-41.177829,-42.062876,-43.151265,-43.951856,-44.704526,-45.275161,-45.646701,-46.32814,-47.345115,-49.006607,-51.274695,-53.353656,-53.769843,-52.193725,-50.312042,-49.072083,-48.421833,-48.248982,-48.341796,-48.537396,-48.654637,-48.550681,-48.263765,-47.959704,-47.887807,-48.068408,-48.88473,-50.756667,-54.618093,-62.719998,-67.058638,-61.044519,-59.54675,-58.713402,-56.027832,-52.502385,-49.556624,-47.753073,-46.860619,-46.774676,-47.335163,-48.028507,-48.559182,-48.505569,-47.96597,-47.371737,-46.950849,-46.792517,-46.915989,-47.139906,-47.509333,-48.181557,-49.133006,-50.563708,-52.141917,-53.476992,-54.534746,-55.155584,-55.206772,-54.487234,-52.824482,-51.235987,-50.332835,-49.764781,-49.732181,-50.205595,-50.615027,-50.707066,-50.502158,-50.348563,-50.679864,-51.789326,-53.724991,-56.259834,-58.053376,-57.599829,-55.63914,-53.962243,-53.011899,-52.342034,-51.504159,-49.544499,-47.527341,-46.70573,-46.768108,-47.662107,-48.151167,-47.517729,-46.253454,-44.609299,-43.460782,-43.269159,-43.412421,-43.673539,-43.513106,-42.865652,-42.374085,-41.920707,-41.87395,-42.048199,-42.057241,-42.696063,-43.239338,-44.736964,-46.39091,-47.407427,-48.101048,-47.273014,-45.53537,-44.084735,-43.137294,-43.448316,-44.486807,-45.524618,-44.908468,-43.530171,-43.158441,-43.635737,-45.396696,-47.85708,-49.417617,-48.372051,-46.874814,-47.331446,-50.076126,-54.314902,-49.447436,-44.562513,-41.946725,-40.815631,-40.857885,-41.733529,-41.995898,-40.683344,-39.349931,-38.748973,-38.927433,-39.742495,-41.023852,-42.477293,-43.495464,-43.569903,-43.137892,-43.276012,-43.934273,-44.339281,-43.785817,-41.689921,-38.80081,-36.413823,-34.533952,-33.283556,-32.495338,-31.836836,-31.23906,-30.538564,-29.553214,-28.669084,-27.852701,-27.778087,-27.947956,-28.408312,-29.10641,-29.746847,-30.076298,-30.017974,-29.670106,-30.027244,-31.066963,-33.315274,-37.012202
"LT002",2022-07-22,2022-07-22 11:08:00,2022-07-27,"lakeTrout",81,390,354,504,196,38,"N","1",2,153,55,2.5,1,"2A","MD","Region_3","Region_3_686",1.769531," 15:07:31.0630",0.0117060000000002,-0.60056,-0.31393,0.989636039406469,12.58352,0.33127,1.0221,0.072743,0.22446,0.027013,0.033828,12.581308,686,656,797,132,-36.373824,12.63052,0.7653,0.152173,16.778,12.8405,0.020224,13.5,12.624663,12.792177,12.497935,0.152839,0.687394,0.980034,0.851396,0.707618,1.000258,0.87162,-38.512154,-37.938086,-37.284765,-36.55839,-36.393068,-36.225923,-36.165605,-35.987976,-35.694803,-35.365554,-34.927956,-34.55539,-34.144978,-33.825702,-33.516453,-33.180836,-32.841982,-32.476493,-32.077688,-31.709016,-31.320346,-30.945312,-30.590179,-30.224069,-29.885122,-29.577534,-29.274322,-29.041865,-28.819614,-28.629336,-28.496558,-28.349193,-28.237428,-28.141157,-28.038137,-27.985744,-27.923963,-27.885264,-27.86297,-27.841755,-27.860073,-27.951285,-28.045486,-28.152074,-28.251325,-28.263806,-28.290895,-28.269395,-28.281665,-28.30552,-28.348835,-28.381434,-28.392,-28.39614,-28.403723,-28.433494,-28.491645,-28.54693,-28.615213,-28.636693,-28.613837,-28.561046,-28.47124,-28.411008,-28.336623,-28.26838,-28.154225,-28.02772,-27.847546,-27.668362,-27.456701,-27.257036,-27.046668,-26.856377,-26.659412,-26.505796,-26.340422,-26.207691,-26.077328,-25.894039,-25.734529,-25.525882,-25.301539,-25.143398,-24.951808,-24.638937,-24.459391,-24.530811,-24.860247,-25.300543,NA,NA,NA,NA,NA,NA,NA,NA,NA,NA,NA,NA,NA,NA,NA,NA,NA,NA,NA,NA,NA,NA,NA,NA,NA,NA,NA,NA,NA,NA,NA,NA,NA,NA,NA,NA,NA,NA,NA,NA,NA,NA,NA,NA,NA,NA,NA,NA,NA,NA,NA,NA,NA,NA,NA,NA,NA,NA,NA,NA,NA,NA,NA,NA,NA,NA,NA,NA,NA,NA,NA,NA,NA,NA,NA,NA,NA,NA,NA,NA,NA,NA,NA,NA,NA,NA,NA,NA,NA,NA,NA,NA,NA,NA,NA,NA,NA,NA,NA,NA,NA,NA,NA,NA,NA,NA,NA,NA,NA,NA,NA,NA,NA,NA,NA,NA,NA,NA,NA,NA,NA,NA,NA,NA,NA,NA,NA,NA,NA,NA,NA,NA,NA,NA,NA,NA,NA,NA,NA,NA,NA,NA,NA,NA,NA,NA,NA,NA,NA,NA,NA,NA,NA,NA,NA,NA,NA,NA,NA,NA,NA,-49.252167,-47.920667,-46.705427,-45.641646,-44.77685,-44.347226,-44.12433,-43.648718,-43.225844,-42.807702,-42.342449,-42.217328,-42.157753,-42.231604,-42.402059,-42.369022,-42.204001,-41.871111,-41.425247,-41.075126,-40.757074,-40.549861,-40.391323,-40.283719,-40.214266,-40.183892,-40.159567,-40.058924,-39.94707,-39.667243,-39.472801,-39.364576,-39.455624,-39.857309,-40.240346,-40.611961,-40.808778,-40.864443,-40.954865,-41.305636,-41.84777,-42.756224,-43.631422,-44.169653,-44.273835,-43.826625,-43.290605,-42.823805,-42.59375,-42.649946,-42.848438,-43.07136,-43.277489,-43.326675,-43.329723,-43.54182,-43.895417,-44.541846,-45.253056,-45.902727,-46.732205,-47.820408,-49.348491,-51.538187,-53.433461,-53.877007,-53.116064,-51.759586,-50.673922,-50.14567,-49.730791,-49.272397,-48.75705,-48.32269,-48.125592,-48.238646,-48.639496,-49.412106,-50.192675,-50.664781,-50.824794,-50.885296,-50.842455,-50.554797,-50.644823,-50.674686,-50.080015,-48.920845,-47.697003,-47.455333,-47.871528,-48.893738,-50.729814,-52.514206,-52.437971,-50.711901,-49.642695,-49.867832,-50.405891,-50.389352,-50.118319,-49.892177,-50.735183,-52.996352,-53.471257,-49.975961,-47.468629,-47.46401,-48.474994,-49.054944,-48.937204,-47.009831,-44.697671,-43.076643,-41.99432,-41.991925,-42.226938,-42.296453,-41.735501,-40.914951,-40.671614,-40.59964,-41.047187,-41.389137,-41.331934,-40.761473,-39.438629,-38.516508,-37.900192,-38.028627,-38.761823,-39.886102,-41.16357,-41.314779,-40.011921,-38.67066,-37.955401,-37.782569,-38.60713,-40.291009,-42.245064,-43.102715,-42.289569,-40.990292,-40.03284,-39.634419,-39.844227,-41.009924,-42.719364,-44.063929,-44.376754,-43.022376,-40.993178,-39.741878,-39.246116,-39.794055,-41.274319,-43.092132,-43.614404,-41.309983,-38.396088,-36.499566,-35.488893,-35.936673,-36.818904,-37.177849,-36.216068,-34.346184,-32.701323,-31.906368,-31.916496,-33.19875,-34.832476,-35.641203,-34.874418
"LT002",2022-07-22,2022-07-22 11:08:00,2022-07-27,"lakeTrout",81,390,354,504,196,38,"N","1",2,153,55,2.5,1,"2A","MD","Region_3","Region_3_687",0.893600999999997," 15:07:31.1800",0,-0.31814,-0.30372,0,12.595226,-0.26929,0.70817,-0.059192,0.15567,0.045636,0.023966,12.594124,687,656,797,132,-36.373824,12.63052,0.7653,0.152173,16.778,12.8405,0.020224,13.5,12.624663,12.792177,12.497935,0.152839,0.687394,0.980034,0.851396,0.707618,1.000258,0.87162,-36.03303,-35.691367,-35.576126,-35.310826,-35.328948,-35.129171,-35.021462,-34.912487,-34.816585,-34.770261,-34.648438,-34.572177,-34.414347,-34.314467,-34.211008,-34.066694,-33.890938,-33.638149,-33.288495,-32.918664,-32.51006,-32.136586,-31.827629,-31.54763,-31.307063,-31.06429,-30.748956,-30.41447,-30.033326,-29.686367,-29.436829,-29.202516,-28.998876,-28.781768,-28.529157,-28.317,-28.107981,-27.948166,-27.834652,-27.736807,-27.661963,-27.61968,-27.541082,-27.458696,-27.375817,-27.219709,-27.090851,-26.918823,-26.77539,-26.629089,-26.479652,-26.299566,-26.089248,-25.870347,-25.650704,-25.446977,-25.266142,-25.084615,-24.932931,-24.766707,-24.601489,-24.447924,-24.284485,-24.172532,-24.075382,-24.025307,-23.979089,-23.969578,-23.951327,-23.971998,-23.987686,-24.030009,-24.06133,-24.098507,-24.107127,-24.138257,-24.138878,-24.162109,-24.178446,-24.128803,-24.085024,-23.968297,-23.819209,-23.732123,-23.617501,-23.380025,-23.270439,-23.373739,-23.680471,-24.074726,NA,NA,NA,NA,NA,NA,NA,NA,NA,NA,NA,NA,NA,NA,NA,NA,NA,NA,NA,NA,NA,NA,NA,NA,NA,NA,NA,NA,NA,NA,NA,NA,NA,NA,NA,NA,NA,NA,NA,NA,NA,NA,NA,NA,NA,NA,NA,NA,NA,NA,NA,NA,NA,NA,NA,NA,NA,NA,NA,NA,NA,NA,NA,NA,NA,NA,NA,NA,NA,NA,NA,NA,NA,NA,NA,NA,NA,NA,NA,NA,NA,NA,NA,NA,NA,NA,NA,NA,NA,NA,NA,NA,NA,NA,NA,NA,NA,NA,NA,NA,NA,NA,NA,NA,NA,NA,NA,NA,NA,NA,NA,NA,NA,NA,NA,NA,NA,NA,NA,NA,NA,NA,NA,NA,NA,NA,NA,NA,NA,NA,NA,NA,NA,NA,NA,NA,NA,NA,NA,NA,NA,NA,NA,NA,NA,NA,NA,NA,NA,NA,NA,NA,NA,NA,NA,NA,NA,NA,NA,NA,NA,-44.477576,-44.060138,-43.713302,-43.425392,-43.197903,-43.233173,-43.376052,-43.257004,-43.278659,-43.46058,-43.754836,-44.524936,-45.432158,-46.537271,-47.827305,-48.903633,-49.636115,-49.860745,-49.782959,-49.830227,-50.007348,-50.382313,-50.887003,-51.611662,-52.71931,-54.501388,-57.44359,-62.850281,-72.852642,-61.727756,-56.010596,-52.466736,-49.972962,-48.347487,-47.160517,-46.317926,-45.490641,-44.569573,-43.691158,-43.128899,-42.910105,-43.382577,-44.34791,-45.658159,-47.188154,-48.456855,-49.518839,-50.362209,-51.381979,-53.115203,-55.959474,-59.699147,-59.708587,-55.923491,-53.104076,-51.580061,-50.738169,-50.433129,-50.333719,-50.165078,-49.958368,-49.616565,-49.235269,-49.256608,-49.576156,-50.230857,-51.234429,-51.874525,-52.26402,-52.529359,-52.501154,-52.468716,-52.591759,-52.72362,-52.433707,-51.466277,-50.183917,-49.353092,-49.066199,-49.221058,-49.749521,-50.532397,-51.208629,-51.339287,-51.441675,-51.198285,-50.666291,-50.227866,-49.792074,-50.046038,-50.639922,-51.561454,-53.018343,-54.603554,-55.622824,-54.15332,-51.952936,-50.873888,-50.499087,-50.351378,-50.612741,-51.092909,-51.603628,-49.803617,-46.167211,-44.200542,-43.428,-44.547446,-46.230335,-47.099688,-47.121785,-45.455235,-43.564563,-42.379465,-41.671997,-41.946209,-42.233331,-42.249549,-41.883741,-41.513537,-41.788462,-42.097,-42.579875,-42.439733,-41.648215,-40.74515,-39.768284,-39.593885,-39.759354,-40.446364,-41.111065,-41.156856,-40.694222,-39.891916,-39.448568,-39.964285,-41.209445,-42.492946,-43.374877,-43.213003,-42.470007,-41.804829,-41.472768,-41.5106,-41.87728,-42.444186,-42.88415,-43.042496,-42.398466,-40.865389,-39.425151,-38.311504,-37.636364,-37.938348,-38.688097,-39.640373,-39.810504,-38.60879,-36.964244,-35.414378,-34.29774,-34.134517,-34.653259,-36.461737,-38.07352,-37.757317,-35.828929,-33.742009,-32.285779,-31.787506,-32.066333,-33.699283,-36.27216,-38.752007,-38.009151
"LT002",2022-07-22,2022-07-22 11:08:00,2022-07-27,"lakeTrout",81,390,354,504,196,38,"N","1",2,153,55,2.5,1,"2A","MD","Region_3","Region_3_688",0.973723," 15:07:31.2970",0.0117049999999992,-0.28349,-0.05482,2.32138247987441,12.595226,-0.58743,0.40445,-0.129129,0.088903,0.092821,0.046282,12.59425,688,656,797,132,-36.373824,12.63052,0.7653,0.152173,16.778,12.8405,0.020224,13.5,12.624663,12.792177,12.497935,0.152839,0.687394,0.980034,0.851396,0.707618,1.000258,0.87162,-35.581985,-35.145509,-34.594278,-33.893851,-33.716248,-33.571914,-33.594182,-33.532835,-33.375148,-33.222971,-33.042463,-33.008318,-32.973093,-33.004075,-32.979931,-32.854209,-32.674719,-32.456161,-32.227479,-32.077374,-31.9533,-31.871048,-31.809211,-31.710311,-31.599407,-31.477771,-31.327321,-31.231179,-31.140424,-31.07998,-31.073749,-31.050504,-31.068774,-31.117847,-31.178518,-31.30256,-31.419311,-31.54677,-31.671705,-31.780415,-31.924476,-32.156783,-32.40792,-32.67296,-32.922584,-33.074088,-33.235149,-33.346141,-33.479974,-33.584432,-33.620324,-33.539492,-33.361276,-33.138691,-32.895436,-32.645837,-32.386699,-32.088305,-31.785465,-31.44868,-31.110786,-30.7889,-30.455088,-30.16313,-29.87935,-29.644915,-29.419972,-29.231792,-29.025446,-28.841656,-28.638543,-28.459841,-28.283328,-28.135632,-27.979969,-27.856766,-27.700502,-27.560388,-27.416567,-27.231889,-27.095868,-26.923969,-26.727481,-26.564647,-26.325849,-25.927304,-25.677317,-25.73113,-26.095275,-26.580177,NA,NA,NA,NA,NA,NA,NA,NA,NA,NA,NA,NA,NA,NA,NA,NA,NA,NA,NA,NA,NA,NA,NA,NA,NA,NA,NA,NA,NA,NA,NA,NA,NA,NA,NA,NA,NA,NA,NA,NA,NA,NA,NA,NA,NA,NA,NA,NA,NA,NA,NA,NA,NA,NA,NA,NA,NA,NA,NA,NA,NA,NA,NA,NA,NA,NA,NA,NA,NA,NA,NA,NA,NA,NA,NA,NA,NA,NA,NA,NA,NA,NA,NA,NA,NA,NA,NA,NA,NA,NA,NA,NA,NA,NA,NA,NA,NA,NA,NA,NA,NA,NA,NA,NA,NA,NA,NA,NA,NA,NA,NA,NA,NA,NA,NA,NA,NA,NA,NA,NA,NA,NA,NA,NA,NA,NA,NA,NA,NA,NA,NA,NA,NA,NA,NA,NA,NA,NA,NA,NA,NA,NA,NA,NA,NA,NA,NA,NA,NA,NA,NA,NA,NA,NA,NA,NA,NA,NA,NA,NA,NA,-34.321254,-34.188309,-34.026323,-33.872078,-33.769293,-33.931935,-34.158752,-34.012973,-33.83654,-33.61838,-33.333017,-33.379311,-33.425615,-33.501332,-33.584594,-33.435847,-33.248968,-33.036861,-32.822256,-32.748669,-32.674853,-32.65033,-32.611599,-32.584211,-32.581931,-32.639122,-32.738846,-32.803265,-32.894686,-32.804819,-32.745834,-32.629667,-32.536539,-32.65096,-32.779237,-33.089458,-33.463108,-33.858866,-34.341352,-35.003326,-35.654411,-36.46728,-37.177347,-37.742389,-38.288421,-38.589157,-38.770147,-38.665561,-38.347127,-37.987859,-37.642462,-37.338009,-37.128,-36.877263,-36.593742,-36.385785,-36.098069,-35.995355,-36.003706,-35.985914,-36.030926,-36.005106,-35.867502,-35.884485,-35.815363,-35.699548,-35.709131,-35.376362,-35.08349,-35.076799,-35.027897,-34.932903,-34.787338,-34.575706,-34.293173,-33.978361,-33.712972,-33.779248,-33.97249,-34.093434,-34.113565,-34.071559,-33.810672,-33.019298,-32.320503,-31.603362,-31.114376,-31.057001,-30.843691,-30.82839,-30.651199,-30.400749,-30.32568,-30.10001,-30.165351,-30.440305,-30.347213,-30.241001,-30.126122,-29.977969,-30.06345,-30.053975,-30.045054,-29.445471,-28.270173,-28.073423,-28.302724,-29.977083,-31.993953,-33.271049,-34.088511,-33.293483,-31.892894,-30.85725,-30.186244,-30.647218,-31.546384,-32.55911,-32.770591,-32.19125,-31.976453,-31.930989,-32.47337,-32.969473,-33.071643,-32.57294,-31.300127,-30.493996,-30.028134,-30.324367,-31.047859,-31.589616,-31.461201,-30.351842,-29.271762,-29.157796,-29.93817,-31.027579,-31.908793,-31.641367,-30.740764,-30.098491,-30.041118,-30.601119,-31.662947,-32.823921,-33.287192,-33.045239,-32.405692,-31.506199,-31.0943,-31.16653,-31.644845,-32.677865,-33.039059,-32.477663,-31.513344,-30.599157,-30.320065,-30.625479,-31.463319,-32.640647,-32.422873,-31.413679,-30.400577,-29.95873,-30.42709,-31.619035,-33.27215,-34.181634,-32.836317,-31.419188,-30.812933,-31.204527,-32.627091
"LT002",2022-07-22,2022-07-22 11:08:00,2022-07-27,"lakeTrout",81,390,354,504,196,38,"N","1",2,153,55,2.5,1,"2A","MD","Region_3","Region_3_689",1.792082," 15:07:31.4150",0,0.23318,-0.20625,0,12.606931,-0.87092,0.34963,-0.191621,0.07692,0.034852,0.019825,12.60524,689,656,797,132,-36.373824,12.63052,0.7653,0.152173,16.778,12.8405,0.020224,13.5,12.624663,12.792177,12.497935,0.152839,0.687394,0.980034,0.851396,0.707618,1.000258,0.87162,-38.047228,-37.951857,-37.91755,-37.562714,-37.427164,-37.11086,-36.938139,-36.774277,-36.609279,-36.491112,-36.32438,-36.25568,-36.161322,-36.163031,-36.18406,-36.191875,-36.213171,-36.223444,-36.2003,-36.178528,-36.068688,-35.881445,-35.628585,-35.30431,-34.979824,-34.686754,-34.417299,-34.240972,-34.069617,-33.886568,-33.701896,-33.464906,-33.263293,-33.103026,-32.969873,-32.912609,-32.858502,-32.829823,-32.821096,-32.828715,-32.906358,-33.089853,-33.282956,-33.468006,-33.623459,-33.682989,-33.765878,-33.820235,-33.924074,-34.024022,-34.076808,-34.038642,-33.940354,-33.84044,-33.761564,-33.712193,-33.678557,-33.613832,-33.533612,-33.402101,-33.262619,-33.153112,-33.054324,-32.999988,-32.927349,-32.868276,-32.798699,-32.772956,-32.753358,-32.777936,-32.782366,-32.777175,-32.715195,-32.623,-32.484337,-32.366432,-32.223506,-32.102956,-31.968196,-31.760078,-31.562042,-31.31831,-31.08511,-30.957683,-30.837275,-30.611197,-30.493952,-30.540919,-30.742671,-31.030552,NA,NA,NA,NA,NA,NA,NA,NA,NA,NA,NA,NA,NA,NA,NA,NA,NA,NA,NA,NA,NA,NA,NA,NA,NA,NA,NA,NA,NA,NA,NA,NA,NA,NA,NA,NA,NA,NA,NA,NA,NA,NA,NA,NA,NA,NA,NA,NA,NA,NA,NA,NA,NA,NA,NA,NA,NA,NA,NA,NA,NA,NA,NA,NA,NA,NA,NA,NA,NA,NA,NA,NA,NA,NA,NA,NA,NA,NA,NA,NA,NA,NA,NA,NA,NA,NA,NA,NA,NA,NA,NA,NA,NA,NA,NA,NA,NA,NA,NA,NA,NA,NA,NA,NA,NA,NA,NA,NA,NA,NA,NA,NA,NA,NA,NA,NA,NA,NA,NA,NA,NA,NA,NA,NA,NA,NA,NA,NA,NA,NA,NA,NA,NA,NA,NA,NA,NA,NA,NA,NA,NA,NA,NA,NA,NA,NA,NA,NA,NA,NA,NA,NA,NA,NA,NA,NA,NA,NA,NA,NA,NA,-37.072306,-36.931698,-36.721384,-36.454665,-36.181864,-36.191402,-36.325971,-36.212882,-36.202291,-36.197607,-36.045187,-36.018201,-35.822743,-35.670469,-35.734007,-35.870744,-36.139903,-36.297877,-36.154561,-35.845958,-35.425831,-35.149529,-35.071508,-35.200315,-35.454596,-35.726109,-35.872154,-35.763586,-35.495022,-34.99364,-34.581466,-34.236135,-33.994538,-33.934531,-33.802259,-33.751201,-33.700528,-33.647242,-33.685276,-33.930725,-34.239387,-34.810604,-35.37487,-35.870987,-36.394415,-36.778026,-37.243847,-37.708307,-38.176866,-38.651289,-39.027698,-39.28443,-39.532879,-39.759684,-40.157378,-40.963324,-41.908674,-42.799784,-43.174066,-42.974705,-42.626798,-42.294916,-42.154992,-42.522092,-42.919271,-42.987387,-42.653389,-41.63104,-40.637262,-40.180162,-40.065392,-40.246992,-40.515642,-40.560802,-40.189628,-39.518552,-38.892607,-38.841956,-39.31309,-40.120446,-41.096485,-41.982546,-42.269697,-41.582945,-40.766432,-40.062516,-40.007132,-40.927021,-42.083787,-43.419848,-44.251471,-44.608592,-44.897367,-44.964134,-45.35016,-46.012404,-46.0383,-45.403339,-44.330529,-43.158335,-42.340839,-41.606526,-41.198838,-40.841334,-40.362785,-40.412688,-40.046606,-40.668927,-41.671831,-42.395187,-43.557022,-44.011154,-43.605036,-42.403708,-40.783708,-40.059814,-39.843072,-40.103254,-40.106433,-39.281818,-38.308429,-37.135646,-36.40036,-35.715393,-35.098535,-34.647947,-33.831991,-33.24735,-32.560907,-32.261137,-32.239018,-32.327525,-32.575031,-32.501714,-32.19085,-32.083707,-32.244075,-32.535198,-33.308606,-34.291079,-35.047618,-35.292691,-35.127,-34.844195,-34.672969,-34.72031,-34.987291,-35.751926,-36.517267,-36.648015,-36.597935,-36.406992,-36.127242,-36.238361,-36.219944,-36.101339,-35.702659,-34.880586,-34.114612,-33.497915,-33.159131,-33.469723,-33.857544,-34.540539,-34.57962,-34.090085,-33.731542,-33.69612,-34.131307,-35.041209,-35.449737,-34.952946,-33.411722,-31.786503,-30.70841
"LT002",2022-07-22,2022-07-22 11:08:00,2022-07-27,"lakeTrout",81,390,354,504,196,38,"N","1",2,153,55,2.5,1,"2A","MD","Region_3","Region_3_690",0.898253999999994," 15:07:31.5320",-0.0117049999999992,0.0132,0.05635,-11.4335499370687,12.606931,-0.63774,0.14338,-0.140321,0.031547,0.00335,0.002156,12.606111,690,656,797,132,-36.373824,12.63052,0.7653,0.152173,16.778,12.8405,0.020224,13.5,12.624663,12.792177,12.497935,0.152839,0.687394,0.980034,0.851396,0.707618,1.000258,0.87162,-38.565959,-38.402231,-38.348845,-37.949172,-37.733677,-37.335096,-37.077545,-36.81002,-36.519955,-36.272812,-36.013008,-35.923602,-35.880998,-35.964333,-36.040746,-36.035368,-35.963683,-35.812188,-35.591965,-35.389271,-35.163436,-34.952736,-34.758705,-34.537161,-34.312059,-34.068466,-33.762477,-33.454366,-33.094559,-32.738454,-32.448639,-32.172785,-31.966885,-31.808563,-31.667823,-31.591711,-31.512325,-31.453761,-31.406328,-31.35054,-31.322901,-31.363505,-31.406381,-31.466264,-31.533436,-31.534377,-31.580261,-31.615992,-31.723883,-31.861096,-31.984446,-32.029788,-32.005484,-31.964542,-31.935863,-31.936035,-31.953595,-31.937771,-31.896722,-31.785591,-31.647916,-31.529921,-31.422582,-31.364329,-31.285354,-31.208272,-31.107388,-31.040999,-30.981792,-30.981309,-30.987546,-31.019306,-31.02966,-31.035615,-31.008498,-31.005825,-30.974897,-30.966453,-30.948117,-30.865369,-30.800994,-30.684167,-30.556583,-30.507244,-30.443706,-30.271933,-30.252201,-30.456658,-30.849876,-31.327386,NA,NA,NA,NA,NA,NA,NA,NA,NA,NA,NA,NA,NA,NA,NA,NA,NA,NA,NA,NA,NA,NA,NA,NA,NA,NA,NA,NA,NA,NA,NA,NA,NA,NA,NA,NA,NA,NA,NA,NA,NA,NA,NA,NA,NA,NA,NA,NA,NA,NA,NA,NA,NA,NA,NA,NA,NA,NA,NA,NA,NA,NA,NA,NA,NA,NA,NA,NA,NA,NA,NA,NA,NA,NA,NA,NA,NA,NA,NA,NA,NA,NA,NA,NA,NA,NA,NA,NA,NA,NA,NA,NA,NA,NA,NA,NA,NA,NA,NA,NA,NA,NA,NA,NA,NA,NA,NA,NA,NA,NA,NA,NA,NA,NA,NA,NA,NA,NA,NA,NA,NA,NA,NA,NA,NA,NA,NA,NA,NA,NA,NA,NA,NA,NA,NA,NA,NA,NA,NA,NA,NA,NA,NA,NA,NA,NA,NA,NA,NA,NA,NA,NA,NA,NA,NA,NA,NA,NA,NA,NA,NA,-42.132598,-42.032281,-41.926773,-41.822933,-41.726205,-41.827194,-41.949127,-41.728221,-41.600207,-41.625379,-41.793747,-42.435682,-43.055596,-43.494334,-43.671291,-43.517794,-43.502055,-43.800255,-44.426336,-45.375463,-46.226153,-46.657828,-46.43148,-45.849466,-45.34174,-45.162244,-45.307724,-45.586455,-45.86598,-45.728885,-45.340382,-44.851837,-44.692393,-45.185573,-45.958602,-46.774192,-47.059645,-46.644152,-45.986287,-45.734337,-46.111197,-47.533873,-49.822977,-52.852657,-56.099716,-56.50054,-53.852849,-51.390718,-49.861862,-49.025912,-48.450034,-47.842211,-47.167089,-46.409745,-45.842589,-45.828017,-46.208759,-46.917178,-47.516749,-47.842848,-48.278931,-49.071139,-50.46027,-52.665729,-54.645867,-55.093415,-54.094612,-52.529033,-51.846187,-52.775461,-55.192609,-58.657783,-60.660785,-59.832336,-56.811687,-53.256897,-50.947001,-50.370253,-51.086348,-52.546987,-54.084975,-54.750151,-53.960257,-51.993449,-50.060678,-48.295539,-47.043068,-46.450684,-45.648346,-44.82359,-43.817204,-42.939725,-42.485695,-42.085805,-42.111922,-42.375113,-42.161775,-41.795074,-41.356549,-40.843981,-40.475254,-39.899366,-39.319337,-38.398776,-37.21076,-36.990955,-36.978832,-38.19721,-39.592114,-40.244411,-40.82976,-40.447524,-39.77712,-39.329475,-38.923517,-39.324104,-39.960948,-40.978831,-42.029689,-42.568019,-42.77802,-42.374011,-42.137269,-41.853036,-41.737723,-42.065501,-42.345594,-42.906887,-42.963757,-42.895759,-42.791752,-42.78368,-43.251985,-43.893067,-44.572745,-45.045567,-45.101058,-45.001004,-45.532396,-46.875754,-49.223927,-52.815967,-56.887812,-56.940892,-54.671597,-53.382731,-53.229325,-54.555653,-56.773783,-56.831898,-53.415279,-49.810877,-47.114015,-45.799044,-45.389963,-46.034001,-46.96312,-46.230935,-43.779001,-40.968991,-38.552334,-37.073802,-36.277927,-37.028235,-38.6743,-40.731658,-41.772092,-39.935241,-37.30894,-35.628107,-34.873323,-35.319166,-35.93134,-35.829795,-34.953867
"LT002",2022-07-22,2022-07-22 11:08:00,2022-07-27,"lakeTrout",81,390,354,504,196,38,"N","1",2,153,55,2.5,1,"2A","MD","Region_3","Region_3_691",0.890584000000004," 15:07:31.6490",-0.0117060000000002,0.0842499999999999,0.08242,-5.67205661989482,12.595226,-0.62454,0.19973,-0.137287,0.043903,0.104477,0.019172,12.594401,691,656,797,132,-36.373824,12.63052,0.7653,0.152173,16.778,12.8405,0.020224,13.5,12.624663,12.792177,12.497935,0.152839,0.687394,0.980034,0.851396,0.707618,1.000258,0.87162,-38.238657,-38.042684,-37.905736,-37.480258,-37.313019,-36.990286,-36.802972,-36.601263,-36.384595,-36.21943,-36.028345,-35.955841,-35.852434,-35.810511,-35.742508,-35.624304,-35.509828,-35.405658,-35.320981,-35.315071,-35.29953,-35.260807,-35.167483,-34.975127,-34.737577,-34.487991,-34.233748,-34.068244,-33.930677,-33.819184,-33.737506,-33.615083,-33.524747,-33.468081,-33.428599,-33.452992,-33.464138,-33.478543,-33.493736,-33.522821,-33.65343,-33.957009,-34.341783,-34.761714,-35.165829,-35.478437,-35.835454,-36.218415,-36.74314,-37.370179,-38.002456,-38.501576,-38.871586,-39.233629,-39.686896,-40.281495,-40.993117,-41.706831,-42.329636,-42.742445,-43.026676,-43.374874,-43.902497,-44.616494,-45.270349,-45.735142,-45.998872,-46.251622,-46.579499,-47.019248,-47.314189,-47.189952,-46.536038,-45.608163,-44.622316,-43.730077,-42.867508,-42.049435,-41.246711,-40.465612,-39.859337,-39.373788,-39.000959,-38.74431,-38.428685,-37.925664,-37.552563,-37.50286,-37.809986,-38.3098,NA,NA,NA,NA,NA,NA,NA,NA,NA,NA,NA,NA,NA,NA,NA,NA,NA,NA,NA,NA,NA,NA,NA,NA,NA,NA,NA,NA,NA,NA,NA,NA,NA,NA,NA,NA,NA,NA,NA,NA,NA,NA,NA,NA,NA,NA,NA,NA,NA,NA,NA,NA,NA,NA,NA,NA,NA,NA,NA,NA,NA,NA,NA,NA,NA,NA,NA,NA,NA,NA,NA,NA,NA,NA,NA,NA,NA,NA,NA,NA,NA,NA,NA,NA,NA,NA,NA,NA,NA,NA,NA,NA,NA,NA,NA,NA,NA,NA,NA,NA,NA,NA,NA,NA,NA,NA,NA,NA,NA,NA,NA,NA,NA,NA,NA,NA,NA,NA,NA,NA,NA,NA,NA,NA,NA,NA,NA,NA,NA,NA,NA,NA,NA,NA,NA,NA,NA,NA,NA,NA,NA,NA,NA,NA,NA,NA,NA,NA,NA,NA,NA,NA,NA,NA,NA,NA,NA,NA,NA,NA,NA,-47.04777,-46.658201,-46.018102,-45.330749,-44.789379,-44.65973,-44.694812,-44.360558,-43.928828,-43.389117,-42.770624,-42.535584,-42.374516,-42.270122,-42.099184,-41.568823,-40.957182,-40.420965,-40.072018,-40.049243,-40.122982,-40.214892,-40.159187,-39.9656,-39.719236,-39.560747,-39.555001,-39.648242,-39.853206,-39.843204,-39.714964,-39.37491,-39.055448,-39.117809,-39.403006,-39.963484,-40.506013,-40.851716,-41.023813,-41.193431,-41.355364,-41.882735,-42.574935,-43.237495,-43.714678,-43.626463,-43.301463,-42.980495,-42.974145,-43.396398,-44.088408,-44.881255,-45.750596,-46.594317,-47.485006,-48.6157,-49.983976,-51.873159,-53.949717,-55.961022,-57.940953,-57.740923,-54.579397,-51.978977,-50.678356,-50.390874,-50.547682,-49.914038,-48.729266,-47.653634,-46.746245,-46.188989,-45.983258,-45.903427,-45.536337,-44.701621,-43.755764,-43.373515,-43.535453,-44.011697,-44.494927,-44.558873,-43.843658,-42.29957,-40.905523,-39.776761,-39.276261,-39.56766,-39.754073,-39.804975,-39.325971,-38.626891,-38.128232,-37.614254,-37.638861,-38.154465,-38.29185,-38.046689,-37.487636,-36.772261,-36.253318,-35.674834,-35.278251,-34.645626,-33.644906,-33.410243,-33.289769,-34.446651,-35.916832,-36.794466,-37.608806,-37.164117,-36.012108,-34.86558,-33.789619,-33.686931,-34.053972,-35.022817,-36.06106,-36.356502,-36.174438,-35.486377,-35.13052,-34.848488,-34.786725,-35.102749,-35.174975,-35.365219,-35.167821,-35.176698,-35.441503,-35.950916,-36.926401,-37.859806,-38.422934,-38.542433,-38.38206,-38.21285,-38.647994,-39.580833,-40.672373,-41.446771,-41.593153,-41.287163,-40.972221,-40.978668,-41.410995,-42.492069,-43.406932,-43.027578,-41.797481,-40.213155,-38.798374,-38.312293,-38.389368,-39.166064,-40.137948,-40.278488,-39.375464,-37.8036,-36.355782,-35.765401,-35.721783,-36.873529,-38.220573,-38.790683,-38.029498,-36.371436,-34.815472,-33.956012,-33.692248,-34.61011,-36.087737,-36.853545,-35.745273
"LT002",2022-07-22,2022-07-22 11:08:00,2022-07-27,"lakeTrout",81,390,354,504,196,38,"N","1",2,153,55,2.5,1,"2A","MD","Region_3","Region_3_692",0.739046000000002," 15:07:31.7670",-0.0234109999999994,0.25372,0.12798,-4.70960374861505,12.58352,-0.54029,0.28215,-0.118657,0.061963,0.044479,0.021964,12.582808,692,656,797,132,-36.373824,12.63052,0.7653,0.152173,16.778,12.8405,0.020224,13.5,12.624663,12.792177,12.497935,0.152839,0.687394,0.980034,0.851396,0.707618,1.000258,0.87162,-38.259116,-38.121109,-37.997066,-37.557698,-37.37742,-37.064529,-36.910699,-36.751484,-36.567211,-36.408736,-36.194903,-36.084293,-35.954773,-35.921828,-35.901828,-35.856515,-35.817782,-35.767568,-35.693053,-35.64194,-35.534805,-35.390151,-35.216908,-34.999871,-34.80151,-34.643841,-34.506268,-34.441685,-34.352922,-34.232381,-34.11594,-33.972985,-33.895108,-33.880173,-33.898124,-33.984669,-34.059255,-34.142103,-34.238051,-34.363695,-34.597968,-34.990131,-35.429494,-35.873538,-36.29198,-36.629867,-37.037102,-37.502141,-38.138241,-38.887521,-39.623149,-40.199249,-40.652771,-41.145731,-41.802039,-42.681484,-43.75036,-44.849032,-45.804647,-46.450924,-46.942614,-47.628187,-48.744273,-50.272687,-51.68629,-52.486478,-52.63587,-52.471743,-51.967428,-50.918172,-49.284887,-47.505583,-45.903941,-44.612665,-43.549618,-42.657213,-41.777826,-40.920317,-40.097,-39.349331,-38.824524,-38.426153,-38.093384,-37.792579,-37.354244,-36.712299,-36.274188,-36.284775,-36.753003,-37.410489,NA,NA,NA,NA,NA,NA,NA,NA,NA,NA,NA,NA,NA,NA,NA,NA,NA,NA,NA,NA,NA,NA,NA,NA,NA,NA,NA,NA,NA,NA,NA,NA,NA,NA,NA,NA,NA,NA,NA,NA,NA,NA,NA,NA,NA,NA,NA,NA,NA,NA,NA,NA,NA,NA,NA,NA,NA,NA,NA,NA,NA,NA,NA,NA,NA,NA,NA,NA,NA,NA,NA,NA,NA,NA,NA,NA,NA,NA,NA,NA,NA,NA,NA,NA,NA,NA,NA,NA,NA,NA,NA,NA,NA,NA,NA,NA,NA,NA,NA,NA,NA,NA,NA,NA,NA,NA,NA,NA,NA,NA,NA,NA,NA,NA,NA,NA,NA,NA,NA,NA,NA,NA,NA,NA,NA,NA,NA,NA,NA,NA,NA,NA,NA,NA,NA,NA,NA,NA,NA,NA,NA,NA,NA,NA,NA,NA,NA,NA,NA,NA,NA,NA,NA,NA,NA,NA,NA,NA,NA,NA,NA,-43.787919,-43.544669,-43.238824,-42.99028,-42.870343,-43.054597,-43.300417,-43.158016,-43.001499,-42.855856,-42.693673,-42.879809,-43.004051,-42.997018,-42.789006,-42.204269,-41.581567,-41.043139,-40.649213,-40.523672,-40.477709,-40.530935,-40.611415,-40.746856,-40.949148,-41.259476,-41.674649,-42.123939,-42.65741,-43.008859,-43.285619,-43.252266,-42.966169,-42.783927,-42.647868,-42.709084,-42.755198,-42.662588,-42.466539,-42.32717,-42.222761,-42.510753,-42.98841,-43.518814,-44.09729,-44.441175,-44.715106,-44.822124,-44.873602,-44.973705,-45.043388,-45.038409,-45.069797,-45.138741,-45.35462,-45.77266,-45.962026,-45.888133,-45.49019,-44.92968,-44.608362,-44.628651,-45.09613,-46.248455,-47.48756,-48.283413,-48.510444,-47.796855,-46.916514,-46.569123,-46.665377,-47.125348,-47.573625,-47.629954,-47.208321,-46.337241,-45.260695,-44.691699,-44.721135,-45.118246,-45.536842,-45.711791,-45.516904,-44.740113,-44.002157,-43.268928,-42.994432,-43.41643,-43.549142,-43.364587,-42.670906,-41.850361,-41.254402,-40.61882,-40.492294,-40.744704,-40.419264,-39.753029,-39.047372,-38.427311,-38.137637,-37.836822,-37.695897,-37.216309,-36.224214,-35.892843,-35.604493,-36.52336,-37.680136,-38.20539,-38.771535,-38.393867,-37.660046,-37.045882,-36.389802,-36.496647,-36.824617,-37.517958,-38.209657,-38.413117,-38.417882,-37.908968,-37.572681,-37.131031,-36.75541,-36.663141,-36.358067,-36.325593,-36.01443,-35.855589,-35.7732,-35.699033,-35.843649,-35.783576,-35.507684,-35.230977,-34.911426,-34.5382,-34.670653,-35.254463,-36.040381,-36.646351,-36.750867,-36.374872,-35.834078,-35.431483,-35.30746,-35.809095,-36.424995,-36.380862,-36.000346,-35.242354,-34.310873,-33.922576,-33.749849,-34.000352,-34.363813,-34.297467,-33.913242,-33.080673,-32.017246,-31.320427,-30.771799,-31.179277,-31.807834,-32.402837,-33.113141,-33.692881,-34.082153,-34.414792,-34.528772,-35.125916,-35.983144,-37.200556,-38.892046
"LT002",2022-07-22,2022-07-22 11:08:00,2022-07-27,"lakeTrout",81,390,354,504,196,38,"N","1",2,153,55,2.5,1,"2A","MD","Region_3","Region_3_693",0.423017000000002," 15:07:31.8810",-0.0117060000000002,0.2845513,0.28763,-1.65723870390987,12.560109,-0.28657,0.41013,-0.062819,0.089906,0.221999,0.111354,12.55963,693,656,797,132,-36.373824,12.63052,0.7653,0.152173,16.778,12.8405,0.020224,13.5,12.624663,12.792177,12.497935,0.152839,0.687394,0.980034,0.851396,0.707618,1.000258,0.87162,-37.371869,-37.007862,-36.554111,-35.916308,-35.750864,-35.602699,-35.64405,-35.631151,-35.520729,-35.375177,-35.148204,-35.040985,-34.956607,-35.00551,-35.079489,-35.113879,-35.124211,-35.08731,-35.000791,-34.937471,-34.846982,-34.76574,-34.700148,-34.618152,-34.561199,-34.532515,-34.499394,-34.514103,-34.493067,-34.445418,-34.413507,-34.360543,-34.369891,-34.437776,-34.537572,-34.71009,-34.87593,-35.049349,-35.222013,-35.391747,-35.624654,-35.979417,-36.372744,-36.779213,-37.160955,-37.438218,-37.72757,-37.976487,-38.255947,-38.493648,-38.615068,-38.559572,-38.371783,-38.127606,-37.850386,-37.543824,-37.19657,-36.78166,-36.351377,-35.901793,-35.487196,-35.121791,-34.747102,-34.38381,-33.989398,-33.625575,-33.284698,-33.017153,-32.775948,-32.594272,-32.410515,-32.24524,-32.059958,-31.877861,-31.672079,-31.498371,-31.302322,-31.13949,-30.986942,-30.800961,-30.668941,-30.510682,-30.351281,-30.263194,-30.142051,-29.893409,-29.807271,-30.001853,-30.452158,-30.968682,NA,NA,NA,NA,NA,NA,NA,NA,NA,NA,NA,NA,NA,NA,NA,NA,NA,NA,NA,NA,NA,NA,NA,NA,NA,NA,NA,NA,NA,NA,NA,NA,NA,NA,NA,NA,NA,NA,NA,NA,NA,NA,NA,NA,NA,NA,NA,NA,NA,NA,NA,NA,NA,NA,NA,NA,NA,NA,NA,NA,NA,NA,NA,NA,NA,NA,NA,NA,NA,NA,NA,NA,NA,NA,NA,NA,NA,NA,NA,NA,NA,NA,NA,NA,NA,NA,NA,NA,NA,NA,NA,NA,NA,NA,NA,NA,NA,NA,NA,NA,NA,NA,NA,NA,NA,NA,NA,NA,NA,NA,NA,NA,NA,NA,NA,NA,NA,NA,NA,NA,NA,NA,NA,NA,NA,NA,NA,NA,NA,NA,NA,NA,NA,NA,NA,NA,NA,NA,NA,NA,NA,NA,NA,NA,NA,NA,NA,NA,NA,NA,NA,NA,NA,NA,NA,NA,NA,NA,NA,NA,NA,-36.87008,-36.773936,-36.636213,-36.46727,-36.278549,-36.244869,-36.195101,-35.741122,-35.295955,-34.914104,-34.581167,-34.673463,-34.785568,-34.88901,-34.978782,-34.871257,-34.822077,-34.826961,-34.840462,-34.940516,-34.953377,-34.959395,-34.945265,-34.980722,-35.081372,-35.2587,-35.458771,-35.573939,-35.679281,-35.592813,-35.573245,-35.513835,-35.414554,-35.365348,-35.130161,-34.932754,-34.728299,-34.528265,-34.422421,-34.514796,-34.606344,-34.865464,-35.024426,-35.042904,-35.101584,-35.054822,-35.13781,-35.223349,-35.318843,-35.461752,-35.595318,-35.69598,-35.831328,-35.942587,-36.137775,-36.61055,-37.173996,-37.939248,-38.666171,-39.165848,-39.596008,-39.95278,-40.311617,-41.00461,-41.747295,-42.370669,-42.83201,-42.586258,-42.137521,-41.904992,-41.682113,-41.558076,-41.580365,-41.711019,-41.829276,-41.819396,-41.689185,-41.799027,-42.107861,-42.572562,-43.185773,-43.776284,-43.886818,-43.101496,-42.250268,-41.465085,-41.151608,-41.526335,-41.759725,-41.837672,-41.285604,-40.399169,-39.641935,-38.858377,-38.671535,-39.00377,-38.880137,-38.341973,-37.60309,-36.842899,-36.351832,-35.838725,-35.540326,-34.977672,-33.903992,-33.445429,-33.070059,-34.0371,-35.396906,-36.246753,-37.137647,-36.840864,-35.877697,-34.961427,-34.178772,-34.4414,-35.181341,-36.302497,-36.89266,-36.420389,-35.919958,-35.404448,-35.428632,-35.457722,-35.340955,-34.974438,-33.926294,-33.198774,-32.656204,-32.811689,-33.41112,-33.96773,-34.056352,-33.070297,-31.831511,-31.371,-31.706137,-32.426507,-33.473458,-34.038315,-33.779985,-33.219076,-32.881701,-32.973186,-33.504777,-34.324389,-35.051409,-35.585051,-35.52784,-34.75178,-34.136683,-33.773993,-33.674384,-34.176819,-34.470765,-34.475561,-34.141567,-33.56687,-33.38437,-33.614947,-34.265147,-35.189074,-34.851562,-33.937214,-32.987875,-32.552403,-33.087197,-34.601567,-37.502906,-42.054608,-42.252437,-38.96165,-37.603874,-38.318097,-41.295542
"LT002",2022-07-22,2022-07-22 11:08:00,2022-07-27,"lakeTrout",81,390,354,504,196,38,"N","1",2,153,55,2.5,1,"2A","MD","Region_3","Region_3_694",0.72052," 15:07:31.9970",0,0.2126787,0.36304,0,12.548403,-0.0020187,0.69776,-0.000442,0.152813,0.017217,0.019557,12.547473,694,656,797,132,-36.373824,12.63052,0.7653,0.152173,16.778,12.8405,0.020224,13.5,12.624663,12.792177,12.497935,0.152839,0.687394,0.980034,0.851396,0.707618,1.000258,0.87162,-37.702943,-37.479893,-37.504378,-37.421512,-37.6617,-37.69643,-37.810892,-37.915489,-38.045574,-38.254059,-38.413516,-38.620568,-38.720279,-38.845759,-38.951456,-39.017952,-39.057264,-39.003,-38.800164,-38.49917,-38.08428,-37.659719,-37.289135,-36.954482,-36.658978,-36.332325,-35.872736,-35.330834,-34.721219,-34.180771,-33.794132,-33.452807,-33.126592,-32.742186,-32.279294,-31.837569,-31.406899,-31.05132,-30.772241,-30.52722,-30.300459,-30.086466,-29.826379,-29.57586,-29.352655,-29.085152,-28.867959,-28.620897,-28.403459,-28.174659,-27.937344,-27.682257,-27.427572,-27.199005,-26.997707,-26.830218,-26.693253,-26.554922,-26.441542,-26.31,-26.184627,-26.088788,-26.008809,-26.003427,-26.025954,-26.097509,-26.165509,-26.256537,-26.3241,-26.419914,-26.507835,-26.628986,-26.752685,-26.895092,-27.012976,-27.144609,-27.225145,-27.30183,-27.345953,-27.307285,-27.269915,-27.159954,-27.013434,-26.915108,-26.765541,-26.463686,-26.273382,-26.308121,-26.572812,-26.923099,NA,NA,NA,NA,NA,NA,NA,NA,NA,NA,NA,NA,NA,NA,NA,NA,NA,NA,NA,NA,NA,NA,NA,NA,NA,NA,NA,NA,NA,NA,NA,NA,NA,NA,NA,NA,NA,NA,NA,NA,NA,NA,NA,NA,NA,NA,NA,NA,NA,NA,NA,NA,NA,NA,NA,NA,NA,NA,NA,NA,NA,NA,NA,NA,NA,NA,NA,NA,NA,NA,NA,NA,NA,NA,NA,NA,NA,NA,NA,NA,NA,NA,NA,NA,NA,NA,NA,NA,NA,NA,NA,NA,NA,NA,NA,NA,NA,NA,NA,NA,NA,NA,NA,NA,NA,NA,NA,NA,NA,NA,NA,NA,NA,NA,NA,NA,NA,NA,NA,NA,NA,NA,NA,NA,NA,NA,NA,NA,NA,NA,NA,NA,NA,NA,NA,NA,NA,NA,NA,NA,NA,NA,NA,NA,NA,NA,NA,NA,NA,NA,NA,NA,NA,NA,NA,NA,NA,NA,NA,NA,NA,-34.17282,-33.87502,-33.634587,-33.44689,-33.260574,-33.19038,-33.033984,-32.43702,-31.871802,-31.43644,-31.119312,-31.252146,-31.378911,-31.437411,-31.439237,-31.254305,-31.163522,-31.16363,-31.19086,-31.313188,-31.382617,-31.503446,-31.658766,-31.881594,-32.140851,-32.404865,-32.598032,-32.612609,-32.533151,-32.197422,-31.877442,-31.519934,-31.184971,-30.98337,-30.660264,-30.387926,-30.07951,-29.726898,-29.417269,-29.279955,-29.166876,-29.294291,-29.433018,-29.53773,-29.717276,-29.742996,-29.787612,-29.727388,-29.629867,-29.60785,-29.650615,-29.738013,-29.884422,-29.942202,-29.928948,-30.00504,-30.077442,-30.410148,-30.862724,-31.238274,-31.602181,-31.850304,-32.019013,-32.444102,-32.88705,-33.277153,-33.653072,-33.494075,-33.229835,-33.220652,-33.241294,-33.337164,-33.48346,-33.57992,-33.512113,-33.262176,-32.949749,-32.943988,-33.126177,-33.346501,-33.571671,-33.769856,-33.699907,-33.027731,-32.422474,-31.836868,-31.591509,-31.904121,-32.046068,-32.188479,-31.956521,-31.572575,-31.380996,-31.084226,-31.199984,-31.704552,-31.749357,-31.348336,-30.681905,-30.032804,-29.793478,-29.680449,-29.884429,-29.812522,-28.991012,-28.509924,-28.000079,-28.804016,-30.01772,-30.733203,-31.437591,-30.910122,-29.731764,-28.693975,-27.86481,-28.094221,-28.816024,-29.984926,-30.765098,-30.440489,-29.823377,-29.034301,-28.792678,-28.724991,-28.838962,-29.044962,-28.529974,-27.953255,-27.278358,-27.219618,-27.74601,-28.712366,-30.083638,-30.790012,-30.241056,-29.410811,-29.022452,-29.084337,-29.986486,-31.412038,-32.594913,-32.689801,-31.901041,-31.039763,-30.562271,-30.585935,-31.017795,-31.896688,-32.414983,-31.845264,-30.950833,-30.074108,-29.42428,-29.519085,-29.722063,-29.860679,-29.537265,-28.644417,-27.804855,-27.116842,-26.65252,-26.658858,-26.530911,-26.809934,-26.86149,-26.792133,-26.966546,-27.21443,-27.40973,-27.456023,-27.161102,-27.430274,-28.178454,-29.593056,-31.573191
"LT002",2022-07-22,2022-07-22 11:08:00,2022-07-27,"lakeTrout",81,390,354,504,196,38,"N","1",2,153,55,2.5,1,"2A","MD","Region_3","Region_3_695",1.755283," 15:07:32.1140",-0.011705000000001,0.46828,0.0921000000000001,-1.40494750804085,12.548403,0.21066,1.0608,0.046129,0.232306,0.03056,0.011426,12.546168,695,656,797,132,-36.373824,12.63052,0.7653,0.152173,16.778,12.8405,0.020224,13.5,12.624663,12.792177,12.497935,0.152839,0.687394,0.980034,0.851396,0.707618,1.000258,0.87162,-37.754505,-37.755905,-37.903562,-37.72397,-37.814076,-37.838726,-38.064451,-38.241503,-38.293302,-38.283632,-38.189819,-38.238027,-38.315356,-38.475304,-38.558316,-38.497962,-38.332133,-38.070488,-37.73726,-37.412518,-37.04999,-36.685665,-36.33186,-35.958781,-35.59072,-35.204275,-34.742544,-34.260721,-33.72838,-33.228289,-32.82755,-32.445956,-32.099165,-31.742326,-31.3522,-31.003937,-30.6607,-30.371081,-30.128893,-29.901498,-29.701167,-29.546766,-29.37902,-29.231018,-29.099266,-28.906489,-28.746779,-28.546558,-28.377937,-28.209836,-28.04754,-27.872351,-27.690524,-27.523097,-27.373221,-27.251352,-27.159164,-27.06633,-26.998334,-26.915628,-26.843522,-26.804377,-26.776763,-26.806248,-26.840205,-26.906056,-26.966247,-27.065052,-27.161356,-27.298068,-27.419577,-27.543541,-27.625836,-27.689681,-27.715237,-27.765845,-27.796597,-27.851134,-27.885277,-27.822372,-27.725369,-27.527001,-27.280498,-27.087243,-26.857734,-26.502973,-26.255412,-26.18912,-26.290832,-26.471228,NA,NA,NA,NA,NA,NA,NA,NA,NA,NA,NA,NA,NA,NA,NA,NA,NA,NA,NA,NA,NA,NA,NA,NA,NA,NA,NA,NA,NA,NA,NA,NA,NA,NA,NA,NA,NA,NA,NA,NA,NA,NA,NA,NA,NA,NA,NA,NA,NA,NA,NA,NA,NA,NA,NA,NA,NA,NA,NA,NA,NA,NA,NA,NA,NA,NA,NA,NA,NA,NA,NA,NA,NA,NA,NA,NA,NA,NA,NA,NA,NA,NA,NA,NA,NA,NA,NA,NA,NA,NA,NA,NA,NA,NA,NA,NA,NA,NA,NA,NA,NA,NA,NA,NA,NA,NA,NA,NA,NA,NA,NA,NA,NA,NA,NA,NA,NA,NA,NA,NA,NA,NA,NA,NA,NA,NA,NA,NA,NA,NA,NA,NA,NA,NA,NA,NA,NA,NA,NA,NA,NA,NA,NA,NA,NA,NA,NA,NA,NA,NA,NA,NA,NA,NA,NA,NA,NA,NA,NA,NA,NA,-35.755239,-35.731045,-35.696837,-35.635567,-35.531627,-35.591994,-35.622302,-35.249888,-34.890382,-34.57988,-34.269394,-34.260734,-34.161839,-33.984727,-33.766573,-33.393656,-33.122207,-32.968182,-32.889963,-32.942356,-32.945472,-32.941363,-32.899446,-32.883318,-32.932544,-33.078219,-33.296519,-33.493869,-33.705658,-33.726909,-33.744325,-33.674697,-33.567268,-33.571902,-33.509883,-33.540517,-33.557306,-33.550132,-33.586558,-33.764157,-33.917515,-34.229667,-34.467885,-34.600944,-34.72174,-34.639295,-34.534613,-34.297783,-34.000783,-33.751825,-33.523296,-33.314438,-33.184207,-33.055538,-32.99986,-33.092806,-33.07842,-33.106236,-33.083553,-32.962502,-32.936414,-32.945627,-32.999631,-33.281412,-33.394274,-33.285609,-33.108486,-32.580415,-32.228978,-32.365037,-32.649034,-32.958427,-33.147403,-33.146289,-33.041155,-33.016468,-33.222831,-33.874716,-34.662221,-35.246688,-35.578607,-35.860127,-36.085421,-36.071858,-36.41325,-36.892757,-37.549345,-38.278852,-38.407584,-38.536864,-38.488549,-38.344021,-38.369778,-38.220511,-38.23873,-38.167574,-37.436225,-36.787469,-36.333055,-35.956267,-35.898122,-35.75847,-35.58484,-34.7924,-33.36553,-32.902829,-32.848431,-34.136865,-35.699074,-36.507387,-36.950527,-36.133516,-34.917448,-34.11761,-33.65834,-34.229631,-35.170425,-36.149082,-36.380737,-36.039076,-36.156548,-36.450114,-37.237348,-37.752928,-37.590233,-36.881779,-35.743515,-35.311111,-35.312092,-36.020023,-37.084114,-37.895547,-37.956942,-37.078886,-36.197913,-36.208081,-37.055591,-38.242231,-39.564992,-39.865968,-39.022581,-38.09171,-37.640183,-37.70752,-38.129632,-38.615987,-38.738613,-38.500977,-37.752409,-36.47187,-35.391105,-34.622584,-34.113003,-34.303831,-34.673401,-35.020466,-34.822002,-33.877916,-32.793973,-31.861845,-31.258654,-31.342101,-31.526809,-31.833234,-31.291484,-30.295978,-29.471586,-28.985562,-29.150881,-30.236618,-31.95835,-34.103313,-34.495295,-33.006593,-31.488781
"LT002",2022-07-22,2022-07-22 11:08:00,2022-07-27,"lakeTrout",81,390,354,504,196,38,"N","1",2,153,55,2.5,1,"2A","MD","Region_3","Region_3_696",2.893492," 15:07:32.2300",0,0.15867,0.0617999999999999,0,12.536698,0.67894,1.1529,0.148523,0.25222,0.038704,0.0262,12.53328,696,656,797,132,-36.373824,12.63052,0.7653,0.152173,16.778,12.8405,0.020224,13.5,12.624663,12.792177,12.497935,0.152839,0.687394,0.980034,0.851396,0.707618,1.000258,0.87162,-36.06269,-35.74406,-35.601812,-35.286743,-35.2715,-35.052347,-34.936746,-34.823673,-34.72504,-34.691743,-34.60409,-34.582423,-34.490207,-34.454964,-34.408058,-34.324284,-34.220944,-34.064537,-33.838645,-33.604625,-33.329086,-33.066282,-32.837845,-32.610908,-32.398397,-32.165515,-31.848131,-31.506013,-31.120273,-30.779149,-30.543864,-30.326185,-30.131525,-29.905537,-29.624857,-29.367937,-29.101541,-28.880527,-28.704671,-28.55094,-28.436995,-28.374502,-28.29222,-28.213303,-28.13031,-27.970566,-27.830818,-27.638361,-27.464613,-27.276622,-27.082775,-26.867124,-26.633063,-26.396927,-26.158789,-25.927405,-25.708824,-25.482366,-25.283949,-25.082473,-24.897382,-24.736884,-24.568929,-24.441213,-24.317782,-24.239811,-24.16987,-24.147648,-24.127158,-24.152833,-24.178954,-24.234104,-24.277697,-24.32633,-24.344686,-24.38143,-24.390282,-24.42049,-24.447804,-24.41377,-24.382136,-24.274136,-24.122982,-24.020846,-23.884899,-23.645785,-23.53455,-23.637442,-23.937899,-24.304045,NA,NA,NA,NA,NA,NA,NA,NA,NA,NA,NA,NA,NA,NA,NA,NA,NA,NA,NA,NA,NA,NA,NA,NA,NA,NA,NA,NA,NA,NA,NA,NA,NA,NA,NA,NA,NA,NA,NA,NA,NA,NA,NA,NA,NA,NA,NA,NA,NA,NA,NA,NA,NA,NA,NA,NA,NA,NA,NA,NA,NA,NA,NA,NA,NA,NA,NA,NA,NA,NA,NA,NA,NA,NA,NA,NA,NA,NA,NA,NA,NA,NA,NA,NA,NA,NA,NA,NA,NA,NA,NA,NA,NA,NA,NA,NA,NA,NA,NA,NA,NA,NA,NA,NA,NA,NA,NA,NA,NA,NA,NA,NA,NA,NA,NA,NA,NA,NA,NA,NA,NA,NA,NA,NA,NA,NA,NA,NA,NA,NA,NA,NA,NA,NA,NA,NA,NA,NA,NA,NA,NA,NA,NA,NA,NA,NA,NA,NA,NA,NA,NA,NA,NA,NA,NA,NA,NA,NA,NA,NA,NA,-40.109157,-40.270394,-40.304222,-40.189764,-39.948977,-39.879633,-39.78763,-39.302826,-38.796489,-38.224593,-37.507204,-36.961293,-36.336669,-35.804146,-35.481182,-35.264273,-35.294813,-35.498106,-35.780989,-36.158298,-36.424162,-36.573934,-36.570996,-36.493244,-36.433382,-36.479923,-36.6876,-37.061282,-37.711072,-38.50454,-39.539448,-40.457815,-40.841159,-40.655655,-40.076673,-39.604403,-39.255795,-38.999677,-38.848454,-38.878674,-38.978204,-39.38135,-39.899809,-40.54809,-41.408447,-42.296922,-43.347155,-44.390308,-45.402573,-46.441804,-47.489716,-48.596638,-49.869752,-51.280199,-53.021744,-55.34637,-58.139651,-61.230548,-63.115526,-62.447584,-60.475104,-57.950428,-54.923696,-51.856323,-48.948167,-46.624756,-45.071046,-43.845793,-43.254388,-43.427939,-43.896625,-44.34145,-44.39616,-43.916703,-43.117307,-42.365784,-41.959753,-42.207173,-42.876021,-43.593472,-44.099802,-44.305319,-44.051749,-43.313057,-42.855257,-42.650453,-42.98069,-43.963055,-44.738916,-45.270456,-44.985555,-44.00387,-42.841149,-41.408367,-40.499163,-40.71071,-41.771941,-43.586667,-44.963005,-44.89291,-43.974659,-42.60918,-41.541312,-40.894675,-40.68683,-41.562818,-41.980977,-42.765463,-43.451819,-43.558383,-43.730318,-42.961043,-41.588235,-40.307667,-39.222603,-39.181344,-39.799819,-41.050736,-41.666183,-40.586025,-39.234522,-38.056811,-37.661356,-37.666175,-38.216121,-39.668632,-41.50057,-43.516155,-44.012345,-43.608473,-43.363071,-43.575014,-44.363136,-45.446357,-46.900865,-49.301526,-53.56412,-59.101217,-51.065796,-45.439161,-42.250823,-40.417247,-39.436998,-39.012391,-38.916473,-38.916606,-38.745818,-38.538639,-38.014761,-36.94928,-35.967023,-35.2606,-34.789209,-35.04502,-35.748095,-37.006086,-38.441729,-39.06626,-38.290535,-36.632647,-35.002297,-34.198025,-34.131961,-35.363752,-36.918069,-37.8121,-37.111505,-35.304552,-33.590916,-32.619253,-32.413154,-33.634392,-36.097144,-39.607752,-39.130238
"LT002",2022-07-22,2022-07-22 11:08:00,2022-07-27,"lakeTrout",81,390,354,504,196,38,"N","1",2,153,55,2.5,1,"2A","MD","Region_3","Region_3_697",3.584152," 15:07:32.3470",0,-0.0627,-0.0339999999999998,0,12.536698,0.83761,1.2147,0.183226,0.265739,0.048627,0.031536,12.532542,697,656,797,132,-36.373824,12.63052,0.7653,0.152173,16.778,12.8405,0.020224,13.5,12.624663,12.792177,12.497935,0.152839,0.687394,0.980034,0.851396,0.707618,1.000258,0.87162,-36.426767,-36.060768,-35.932254,-35.654281,-35.658582,-35.403995,-35.202565,-34.978908,-34.764022,-34.615262,-34.403086,-34.233356,-33.963436,-33.727997,-33.471865,-33.184804,-32.892486,-32.569818,-32.206158,-31.861853,-31.497513,-31.15381,-30.84051,-30.520183,-30.210398,-29.892445,-29.523564,-29.17776,-28.82928,-28.541374,-28.351764,-28.169226,-28.011801,-27.837685,-27.628048,-27.455586,-27.277648,-27.143667,-27.052,-26.984605,-26.964368,-26.999509,-27.009754,-27.011431,-26.997316,-26.902659,-26.832544,-26.722653,-26.650035,-26.577598,-26.499759,-26.387609,-26.247936,-26.113589,-25.999391,-25.918337,-25.870912,-25.821158,-25.783434,-25.71235,-25.632174,-25.58218,-25.564512,-25.628933,-25.707405,-25.801191,-25.851481,-25.904508,-25.935729,-26.011004,-26.094452,-26.206704,-26.286507,-26.330826,-26.295533,-26.233671,-26.113245,-25.993615,-25.857622,-25.647996,-25.429199,-25.133639,-24.807763,-24.555085,-24.300058,-23.974992,-23.780142,-23.765426,-23.901084,-24.086117,NA,NA,NA,NA,NA,NA,NA,NA,NA,NA,NA,NA,NA,NA,NA,NA,NA,NA,NA,NA,NA,NA,NA,NA,NA,NA,NA,NA,NA,NA,NA,NA,NA,NA,NA,NA,NA,NA,NA,NA,NA,NA,NA,NA,NA,NA,NA,NA,NA,NA,NA,NA,NA,NA,NA,NA,NA,NA,NA,NA,NA,NA,NA,NA,NA,NA,NA,NA,NA,NA,NA,NA,NA,NA,NA,NA,NA,NA,NA,NA,NA,NA,NA,NA,NA,NA,NA,NA,NA,NA,NA,NA,NA,NA,NA,NA,NA,NA,NA,NA,NA,NA,NA,NA,NA,NA,NA,NA,NA,NA,NA,NA,NA,NA,NA,NA,NA,NA,NA,NA,NA,NA,NA,NA,NA,NA,NA,NA,NA,NA,NA,NA,NA,NA,NA,NA,NA,NA,NA,NA,NA,NA,NA,NA,NA,NA,NA,NA,NA,NA,NA,NA,NA,NA,NA,NA,NA,NA,NA,NA,NA,-44.647859,-44.414508,-44.221312,-44.068128,-43.947652,-44.122012,-44.327277,-44.185583,-44.085541,-43.969673,-43.687063,-43.431529,-42.936925,-42.440505,-42.094762,-41.792006,-41.600479,-41.381625,-41.045945,-40.73675,-40.471556,-40.418848,-40.607951,-41.063917,-41.771925,-42.676406,-43.683831,-44.68549,-45.756197,-46.896534,-48.488998,-50.649337,-53.152603,-54.755869,-54.414318,-53.464445,-52.560138,-51.749388,-51.08082,-50.750091,-50.81681,-51.6283,-52.984109,-54.654868,-56.00227,-55.882219,-54.877523,-54.499044,-55.782912,-58.352776,-56.676096,-52.305246,-49.270485,-47.449622,-46.68423,-46.950494,-47.979373,-49.605968,-50.712872,-50.476244,-49.870099,-49.70315,-50.283954,-51.634087,-53.065042,-55.003106,-58.400295,-62.687236,-64.698586,-66.992625,-70.45914,-60.314077,-54.782252,-51.831196,-50.123309,-48.650952,-46.901729,-45.367818,-44.354936,-43.896692,-44.031431,-44.73422,-45.432566,-45.527349,-45.49891,-45.435768,-45.910299,-47.421767,-49.527939,-52.125034,-53.113782,-51.6213,-49.653911,-47.969946,-47.410146,-48.343017,-49.463756,-48.902117,-46.829468,-44.65838,-43.150161,-42.032833,-41.598184,-41.542689,-41.044277,-40.484874,-39.565852,-39.752429,-40.264409,-40.276861,-40.341806,-39.664814,-38.664974,-37.826346,-36.948006,-36.661174,-36.530008,-36.767259,-37.21899,-37.679341,-38.238051,-38.267683,-38.191638,-37.727145,-37.131024,-36.89295,-36.739437,-37.270185,-37.995102,-38.987175,-39.80786,-39.974773,-39.491324,-38.56436,-37.759432,-37.634237,-38.138246,-38.918037,-40.276824,-41.859721,-42.894297,-42.793358,-41.970323,-41.106797,-40.584898,-40.629977,-41.433507,-43.510565,-46.704974,-50.047298,-50.241668,-47.661681,-46.026184,-46.7167,-50.626086,-58.584823,-48.366719,-42.748071,-39.416267,-37.210969,-35.813111,-35.679651,-36.947817,-40.722301,-45.153016,-41.751773,-37.682543,-35.159696,-33.702239,-33.095032,-32.966851,-33.888037,-35.717454,-37.05575,-34.287487
"LT002",2022-07-22,2022-07-22 11:08:00,2022-07-27,"lakeTrout",81,390,354,504,196,38,"N","1",2,153,55,2.5,1,"2A","MD","Region_3","Region_3_698",3.266454," 15:07:32.4640",0.011705000000001,-0.30181,-0.25365,1.7006009707908,12.536698,0.77491,1.1807,0.169514,0.258308,0.055069,0.07926,12.53289,698,656,797,132,-36.373824,12.63052,0.7653,0.152173,16.778,12.8405,0.020224,13.5,12.624663,12.792177,12.497935,0.152839,0.687394,0.980034,0.851396,0.707618,1.000258,0.87162,-36.903889,-36.382172,-35.893012,-35.233609,-34.976128,-34.612796,-34.37392,-34.09304,-33.763644,-33.452807,-33.073873,-32.784006,-32.467129,-32.245655,-32.034043,-31.799724,-31.566885,-31.321216,-31.063517,-30.855112,-30.641399,-30.441714,-30.250586,-30.031542,-29.821521,-29.631822,-29.445873,-29.339146,-29.251608,-29.196673,-29.189056,-29.158196,-29.163607,-29.192023,-29.224773,-29.314569,-29.393658,-29.493109,-29.609209,-29.740924,-29.941384,-30.237248,-30.530185,-30.799483,-31.015172,-31.1109,-31.204369,-31.249367,-31.340671,-31.448545,-31.549393,-31.577431,-31.515115,-31.396696,-31.248275,-31.089579,-30.919623,-30.697082,-30.432943,-30.080865,-29.661522,-29.200745,-28.690675,-28.198875,-27.702691,-27.251011,-26.809518,-26.418507,-26.030844,-25.692118,-25.363491,-25.08513,-24.8285,-24.617566,-24.415498,-24.262429,-24.103793,-23.984114,-23.884618,-23.757915,-23.674824,-23.553261,-23.409146,-23.31453,-23.177337,-22.940436,-22.859613,-23.053205,-23.50988,-24.060311,NA,NA,NA,NA,NA,NA,NA,NA,NA,NA,NA,NA,NA,NA,NA,NA,NA,NA,NA,NA,NA,NA,NA,NA,NA,NA,NA,NA,NA,NA,NA,NA,NA,NA,NA,NA,NA,NA,NA,NA,NA,NA,NA,NA,NA,NA,NA,NA,NA,NA,NA,NA,NA,NA,NA,NA,NA,NA,NA,NA,NA,NA,NA,NA,NA,NA,NA,NA,NA,NA,NA,NA,NA,NA,NA,NA,NA,NA,NA,NA,NA,NA,NA,NA,NA,NA,NA,NA,NA,NA,NA,NA,NA,NA,NA,NA,NA,NA,NA,NA,NA,NA,NA,NA,NA,NA,NA,NA,NA,NA,NA,NA,NA,NA,NA,NA,NA,NA,NA,NA,NA,NA,NA,NA,NA,NA,NA,NA,NA,NA,NA,NA,NA,NA,NA,NA,NA,NA,NA,NA,NA,NA,NA,NA,NA,NA,NA,NA,NA,NA,NA,NA,NA,NA,NA,NA,NA,NA,NA,NA,NA,-48.781675,-47.552444,-46.543359,-45.911187,-45.776431,-46.452927,-47.645328,-48.764409,-49.702346,-49.830928,-49.277814,-49.310938,-50.519006,-53.826742,-59.244556,-55.633263,-50.745707,-48.16947,-47.16017,-47.508812,-48.806683,-50.038593,-49.346441,-47.385263,-45.726485,-44.828565,-44.750722,-45.510204,-47.239285,-49.384416,-49.737636,-47.415909,-45.159282,-43.901627,-43.309216,-43.170389,-43.009254,-42.593161,-42.03972,-41.673606,-41.587514,-42.101444,-43.023864,-44.305793,-45.884296,-47.367908,-48.661853,-49.502119,-49.908418,-49.988826,-49.692306,-48.97972,-47.858342,-46.250637,-44.432011,-42.848878,-41.63947,-41.084095,-40.971988,-41.069816,-41.44215,-41.972647,-42.713319,-43.889888,-45.087563,-46.191394,-47.120899,-47.477225,-47.790553,-48.515562,-49.580337,-51.077688,-52.711337,-53.095367,-50.924482,-47.73081,-45.002015,-43.294087,-42.398679,-41.979335,-41.833275,-41.793181,-41.35571,-40.165745,-38.921002,-37.771196,-37.276138,-37.843569,-38.8221,-40.131186,-40.902088,-41.056814,-41.240507,-41.536997,-42.521709,-43.474645,-42.722597,-41.641364,-40.877213,-40.153457,-39.601524,-38.785221,-37.90982,-36.813642,-35.572304,-35.47185,-35.750032,-37.228588,-38.909456,-39.897638,-40.69267,-40.510589,-39.963774,-39.684908,-39.481846,-39.923569,-40.468751,-41.204705,-41.765616,-41.734113,-41.311315,-40.266491,-39.368265,-38.469463,-37.811921,-37.767619,-37.895801,-38.584893,-39.095366,-39.426336,-39.469822,-39.383363,-39.567401,-39.988554,-40.727608,-42.006173,-43.497745,-44.308289,-44.28988,-43.732355,-43.150957,-42.699717,-42.392567,-42.261797,-42.315009,-42.458444,-42.497915,-42.598977,-42.474398,-41.902134,-41.540783,-41.684241,-42.403487,-44.432227,-48.2331,-56.169486,-52.798199,-46.000724,-42.454796,-40.467677,-39.322423,-38.953158,-38.819205,-39.19601,-39.229326,-38.921043,-38.638736,-38.655566,-39.34774,-41.045674,-42.812319,-41.49303,-38.024647,-35.677393,-34.578351
"LT002",2022-07-22,2022-07-22 11:08:00,2022-07-27,"lakeTrout",81,390,354,504,196,38,"N","1",2,153,55,2.5,1,"2A","MD","Region_3","Region_3_699",1.731689," 15:07:32.5790",0,-0.58959,-0.28431,0,12.548403,0.4731,0.92705,0.1036,0.203018,0.027091,0.002196,12.546333,699,656,797,132,-36.373824,12.63052,0.7653,0.152173,16.778,12.8405,0.020224,13.5,12.624663,12.792177,12.497935,0.152839,0.687394,0.980034,0.851396,0.707618,1.000258,0.87162,-36.011142,-35.629463,-35.338467,-34.784235,-34.565264,-34.292812,-34.22091,-34.121857,-33.939491,-33.74682,-33.51894,-33.47158,-33.495366,-33.667184,-33.848056,-33.974228,-34.082228,-34.186757,-34.316819,-34.544524,-34.789339,-35.033266,-35.24266,-35.379656,-35.504768,-35.653823,-35.818799,-36.050037,-36.231375,-36.335306,-36.392274,-36.364004,-36.313447,-36.208331,-36.016143,-35.804182,-35.541412,-35.292879,-35.071397,-34.852419,-34.633645,-34.405588,-34.096763,-33.75647,-33.404884,-32.978503,-32.576919,-32.12881,-31.71108,-31.302831,-30.918585,-30.541169,-30.172177,-29.828554,-29.513773,-29.241482,-29.016264,-28.808605,-28.641116,-28.468829,-28.313544,-28.199557,-28.115221,-28.117654,-28.159291,-28.266941,-28.404029,-28.622614,-28.897917,-29.293554,-29.770776,-30.349654,-30.968737,-31.623929,-32.276749,-32.994678,-33.752715,-34.604403,-35.459767,-36.117211,-36.495974,-36.480406,-36.182616,-35.772922,-35.181886,-34.314786,-33.440453,-32.709655,-32.16587,-31.730011,NA,NA,NA,NA,NA,NA,NA,NA,NA,NA,NA,NA,NA,NA,NA,NA,NA,NA,NA,NA,NA,NA,NA,NA,NA,NA,NA,NA,NA,NA,NA,NA,NA,NA,NA,NA,NA,NA,NA,NA,NA,NA,NA,NA,NA,NA,NA,NA,NA,NA,NA,NA,NA,NA,NA,NA,NA,NA,NA,NA,NA,NA,NA,NA,NA,NA,NA,NA,NA,NA,NA,NA,NA,NA,NA,NA,NA,NA,NA,NA,NA,NA,NA,NA,NA,NA,NA,NA,NA,NA,NA,NA,NA,NA,NA,NA,NA,NA,NA,NA,NA,NA,NA,NA,NA,NA,NA,NA,NA,NA,NA,NA,NA,NA,NA,NA,NA,NA,NA,NA,NA,NA,NA,NA,NA,NA,NA,NA,NA,NA,NA,NA,NA,NA,NA,NA,NA,NA,NA,NA,NA,NA,NA,NA,NA,NA,NA,NA,NA,NA,NA,NA,NA,NA,NA,NA,NA,NA,NA,NA,NA,-39.830484,-39.318691,-38.902595,-38.646007,-38.575451,-38.87126,-39.234392,-39.14328,-38.879317,-38.443179,-37.910636,-37.813438,-37.983484,-38.574219,-39.649267,-40.986308,-42.496682,-43.517092,-43.519268,-42.990252,-42.42799,-42.163257,-42.134587,-42.194671,-42.117541,-41.782589,-41.229425,-40.55167,-39.942232,-39.26755,-38.716599,-38.176201,-37.683898,-37.400672,-37.155686,-37.106425,-37.131185,-37.201087,-37.386603,-37.796649,-38.261066,-38.919695,-39.46716,-39.841461,-40.189431,-40.451216,-40.975089,-41.747412,-42.758622,-43.893358,-44.867024,-45.459027,-45.583194,-45.124684,-44.316345,-43.584237,-42.965358,-42.638274,-42.382461,-42.056749,-41.842345,-41.710556,-41.710924,-42.060197,-42.344514,-42.467958,-42.572964,-42.373541,-42.417208,-43.046794,-43.941759,-44.960295,-45.927909,-46.85978,-48.068222,-50.030958,-53.412602,-59.886596,-66.332625,-58.442643,-54.21554,-51.426016,-48.949843,-46.390059,-44.40135,-42.868145,-42.006363,-41.903373,-41.726489,-41.61238,-41.196468,-40.674123,-40.457253,-40.347254,-40.90544,-41.996769,-42.40932,-42.242706,-41.896165,-41.574032,-41.619936,-41.666531,-41.739987,-41.159125,-39.854597,-39.471892,-39.467336,-40.712312,-42.045673,-42.470349,-42.645172,-41.905163,-40.991526,-40.415074,-39.897766,-40.062071,-40.339036,-40.877249,-41.462796,-41.87151,-42.381599,-42.52834,-42.864986,-43.083126,-43.321524,-43.734746,-43.622841,-43.355982,-42.663107,-42.304812,-42.467105,-43.246376,-45.061106,-48.040068,-52.652959,-55.985852,-53.74008,-52.246371,-53.281806,-57.252096,-59.036779,-53.118709,-49.305635,-47.235482,-46.267727,-46.072731,-46.457619,-47.653487,-49.149186,-49.710863,-48.487321,-45.853469,-43.10442,-41.218158,-39.839457,-39.06524,-38.664905,-38.269273,-37.963215,-37.543511,-36.977699,-36.770044,-36.901536,-38.381525,-40.981563,-45.408086,-49.967169,-44.473769,-39.719148,-36.795762,-34.785526,-33.899384,-33.573179,-33.808296,-34.437942
"LT002",2022-07-22,2022-07-22 11:08:00,2022-07-27,"lakeTrout",81,390,354,504,196,38,"N","1",2,153,55,2.5,1,"2A","MD","Region_3","Region_3_700",0.639814000000001," 15:07:32.6970",0,-0.66743,-0.35833,0,12.548403,-0.11649,0.64274,-0.025511,0.140764,0.023337,0.001134,12.547588,700,656,797,132,-36.373824,12.63052,0.7653,0.152173,16.778,12.8405,0.020224,13.5,12.624663,12.792177,12.497935,0.152839,0.687394,0.980034,0.851396,0.707618,1.000258,0.87162,-40.179472,-40.165422,-40.34801,-40.351573,-40.71113,-40.996354,-41.440152,-41.820908,-42.092963,-42.297947,-42.319726,-42.248971,-41.922102,-41.503238,-41.011265,-40.48887,-40.002065,-39.537552,-39.083367,-38.696049,-38.313682,-37.967092,-37.663474,-37.37491,-37.146815,-36.988248,-36.875459,-36.872497,-36.902587,-36.958043,-37.03491,-37.041598,-37.024388,-36.972264,-36.877634,-36.81345,-36.730355,-36.661242,-36.598922,-36.527721,-36.494784,-36.549,-36.618372,-36.701511,-36.779644,-36.78111,-36.821532,-36.843406,-36.903935,-36.900669,-36.737477,-36.379864,-35.913239,-35.423087,-34.926764,-34.428049,-33.924908,-33.401408,-32.913778,-32.450646,-32.051868,-31.728241,-31.436996,-31.217295,-31.025535,-30.901831,-30.81438,-30.802721,-30.824632,-30.92976,-31.075131,-31.290461,-31.530955,-31.801589,-32.055974,-32.337121,-32.587135,-32.856973,-33.111996,-33.287481,-33.455246,-33.543644,-33.606408,-33.74988,-33.89043,-33.926225,-34.087726,-34.407457,-34.808615,-35.147461,NA,NA,NA,NA,NA,NA,NA,NA,NA,NA,NA,NA,NA,NA,NA,NA,NA,NA,NA,NA,NA,NA,NA,NA,NA,NA,NA,NA,NA,NA,NA,NA,NA,NA,NA,NA,NA,NA,NA,NA,NA,NA,NA,NA,NA,NA,NA,NA,NA,NA,NA,NA,NA,NA,NA,NA,NA,NA,NA,NA,NA,NA,NA,NA,NA,NA,NA,NA,NA,NA,NA,NA,NA,NA,NA,NA,NA,NA,NA,NA,NA,NA,NA,NA,NA,NA,NA,NA,NA,NA,NA,NA,NA,NA,NA,NA,NA,NA,NA,NA,NA,NA,NA,NA,NA,NA,NA,NA,NA,NA,NA,NA,NA,NA,NA,NA,NA,NA,NA,NA,NA,NA,NA,NA,NA,NA,NA,NA,NA,NA,NA,NA,NA,NA,NA,NA,NA,NA,NA,NA,NA,NA,NA,NA,NA,NA,NA,NA,NA,NA,NA,NA,NA,NA,NA,NA,NA,NA,NA,NA,NA,-40.203211,-40.392612,-40.577746,-40.668206,-40.61273,-40.597275,-40.508959,-40.03086,-39.611699,-39.304138,-39.08105,-39.326054,-39.680406,-40.127841,-40.561926,-40.618176,-40.433511,-40.063209,-39.644353,-39.442224,-39.383218,-39.509605,-39.672202,-39.793699,-39.820235,-39.798549,-39.782079,-39.76463,-39.840439,-39.73225,-39.505176,-38.933848,-38.136181,-37.4889,-36.943374,-36.673368,-36.462237,-36.163244,-35.789514,-35.485732,-35.191966,-35.230823,-35.426745,-35.710693,-36.119964,-36.352361,-36.562418,-36.670197,-36.796296,-37.065065,-37.448947,-37.924861,-38.561177,-39.347205,-40.496213,-42.257748,-44.210214,-45.831476,-46.517602,-46.473304,-46.348197,-46.338087,-46.451888,-46.691336,-46.454177,-45.669166,-44.610863,-43.019615,-41.570052,-40.72846,-40.2208,-39.966127,-39.804498,-39.572325,-39.227433,-38.89234,-38.754413,-39.151519,-39.886332,-40.727462,-41.573557,-42.367095,-42.897883,-42.849259,-42.837459,-42.662338,-42.446303,-42.351196,-41.849335,-41.348406,-40.50595,-39.473155,-38.56685,-37.528296,-36.951904,-36.968441,-37.027427,-37.170881,-37.150667,-36.9317,-36.836442,-36.623653,-36.574793,-36.290077,-35.600988,-35.619013,-35.707606,-37.068053,-38.772588,-39.935963,-41.095289,-41.044717,-40.310214,-39.613634,-39.014322,-39.379941,-40.137481,-41.200737,-41.710726,-41.086619,-40.206198,-39.083015,-38.360058,-37.653193,-37.057018,-36.735359,-36.166526,-35.888954,-35.436311,-35.274646,-35.321955,-35.47476,-35.919222,-36.260708,-36.501516,-36.844311,-37.130794,-37.213867,-37.598628,-38.213257,-38.871535,-39.387677,-39.678926,-39.785712,-39.795327,-39.745506,-39.589344,-39.622251,-39.52915,-38.915677,-38.435213,-38.182184,-38.285148,-39.360015,-40.979079,-42.942624,-43.796417,-42.525759,-40.594217,-38.814827,-37.506882,-37.10858,-37.19727,-38.201081,-38.796428,-38.443707,-37.679311,-36.952107,-36.755276,-37.430688,-38.529604,-39.603592,-39.163444,-37.818208,-36.664557
"LT002",2022-07-22,2022-07-22 11:08:00,2022-07-27,"lakeTrout",81,390,354,504,196,38,"N","1",2,153,55,2.5,1,"2A","MD","Region_3","Region_3_701",1.427456," 15:07:32.8120",0.0117060000000002,-0.47288,-0.273179,1.22794823895519,12.548403,-0.78392,0.28441,-0.17168,0.062283,0.117751,0.084571,12.547074,701,656,797,132,-36.373824,12.63052,0.7653,0.152173,16.778,12.8405,0.020224,13.5,12.624663,12.792177,12.497935,0.152839,0.687394,0.980034,0.851396,0.707618,1.000258,0.87162,-51.462959,-51.220841,-50.341163,-48.462348,-46.704131,-44.969696,-43.619717,-42.500209,-41.562295,-40.801877,-40.083852,-39.54366,-39.069741,-38.799005,-38.662288,-38.630369,-38.738553,-38.97362,-39.323201,-39.82393,-40.37186,-40.950009,-41.541684,-42.129468,-42.793114,-43.577696,-44.477289,-45.541497,-46.620017,-47.546021,-48.106696,-48.084668,-47.547982,-46.610195,-45.437011,-44.265092,-43.158242,-42.196725,-41.354031,-40.536984,-39.695136,-38.853676,-38.029847,-37.32113,-36.730785,-36.151467,-35.646661,-35.119882,-34.63604,-34.183857,-33.803621,-33.497657,-33.261165,-33.092578,-32.985855,-32.955896,-33.011743,-33.126788,-33.31699,-33.516453,-33.72157,-33.937655,-34.149429,-34.413051,-34.666203,-34.910406,-35.083568,-35.2129,-35.249199,-35.231411,-35.108129,-34.915764,-34.638956,-34.32884,-33.980412,-33.661249,-33.319978,-32.999996,-32.661784,-32.24789,-31.848094,-31.409261,-30.983564,-30.655491,-30.316472,-29.85929,-29.547458,-29.505363,-29.738715,-30.082073,NA,NA,NA,NA,NA,NA,NA,NA,NA,NA,NA,NA,NA,NA,NA,NA,NA,NA,NA,NA,NA,NA,NA,NA,NA,NA,NA,NA,NA,NA,NA,NA,NA,NA,NA,NA,NA,NA,NA,NA,NA,NA,NA,NA,NA,NA,NA,NA,NA,NA,NA,NA,NA,NA,NA,NA,NA,NA,NA,NA,NA,NA,NA,NA,NA,NA,NA,NA,NA,NA,NA,NA,NA,NA,NA,NA,NA,NA,NA,NA,NA,NA,NA,NA,NA,NA,NA,NA,NA,NA,NA,NA,NA,NA,NA,NA,NA,NA,NA,NA,NA,NA,NA,NA,NA,NA,NA,NA,NA,NA,NA,NA,NA,NA,NA,NA,NA,NA,NA,NA,NA,NA,NA,NA,NA,NA,NA,NA,NA,NA,NA,NA,NA,NA,NA,NA,NA,NA,NA,NA,NA,NA,NA,NA,NA,NA,NA,NA,NA,NA,NA,NA,NA,NA,NA,NA,NA,NA,NA,NA,NA,-43.901627,-43.33679,-42.707158,-41.966698,-41.164122,-40.612246,-40.198713,-39.581223,-39.179534,-39.030343,-39.114933,-39.720803,-40.282419,-40.558944,-40.48037,-40.085606,-39.88981,-40.093681,-40.753525,-41.931873,-43.277444,-44.375184,-44.583373,-43.916339,-42.978183,-42.242744,-41.818992,-41.588929,-41.47445,-41.068293,-40.368811,-39.290818,-38.161574,-37.388556,-36.828525,-36.585273,-36.474186,-36.401178,-36.392723,-36.521608,-36.625099,-36.935122,-37.254038,-37.596836,-38.111973,-38.592497,-39.126594,-39.443925,-39.485522,-39.387449,-39.254327,-39.192628,-39.335788,-39.604048,-40.00121,-40.472209,-40.595064,-40.536062,-40.400955,-40.291158,-40.471707,-40.938347,-41.758871,-43.230955,-44.962215,-46.596495,-47.755523,-47.850648,-47.746752,-48.226762,-49.257958,-50.837576,-52.465705,-53.060673,-52.208421,-50.640873,-49.094022,-48.20802,-47.922941,-48.02621,-48.333476,-48.549708,-48.145073,-46.81138,-45.471152,-44.27859,-43.594649,-43.584162,-43.400901,-43.059385,-42.196954,-41.15341,-40.407073,-39.775441,-39.804112,-40.429265,-40.682338,-40.539189,-40.170447,-39.802144,-39.854645,-40.130996,-40.937066,-41.783614,-41.854631,-41.725522,-41.361974,-42.464196,-44.23875,-45.778992,-47.282984,-46.819378,-44.842769,-42.833946,-41.205746,-40.855743,-41.220931,-42.240027,-43.020167,-42.768604,-42.29956,-41.751949,-41.886336,-42.47708,-43.761567,-45.814076,-46.991606,-46.5725,-45.399577,-45.091885,-45.842506,-47.808728,-51.703474,-55.510106,-52.000131,-48.875975,-47.716054,-47.633767,-48.442667,-49.234587,-49.18764,-48.472884,-47.50574,-46.453419,-45.575676,-45.210649,-45.560553,-46.959036,-48.643667,-49.158811,-48.381053,-47.024651,-46.013084,-46.210278,-47.146471,-48.717008,-50.695865,-52.978948,-53.122346,-49.085624,-45.225158,-42.545308,-40.342087,-39.258125,-38.457401,-37.195409,-35.399953,-33.447277,-31.908979,-31.227159,-31.283206,-32.604978,-34.373392,-35.04433,-34.142697
"LT002",2022-07-22,2022-07-22 11:08:00,2022-07-27,"lakeTrout",81,390,354,504,196,38,"N","1",2,153,55,2.5,1,"2A","MD","Region_3","Region_3_702",3.373721," 15:07:32.9290",0.0117049999999992,-0.183,-0.041782,3.56817859792916,12.560109,-1.2568,0.011231,-0.275493,0.002461,0.057072,0.017929,12.557087,702,656,797,132,-36.373824,12.63052,0.7653,0.152173,16.778,12.8405,0.020224,13.5,12.624663,12.792177,12.497935,0.152839,0.687394,0.980034,0.851396,0.707618,1.000258,0.87162,-50.969132,-50.540841,-50.036585,-48.657383,-47.088332,-45.299656,-43.876861,-42.752687,-41.871831,-41.210795,-40.607888,-40.173028,-39.782157,-39.575566,-39.495348,-39.526928,-39.704733,-40.01386,-40.43132,-40.971942,-41.50943,-42.007809,-42.456211,-42.859592,-43.313793,-43.86277,-44.475048,-45.143266,-45.637087,-45.805154,-45.650514,-45.201105,-44.578401,-43.793238,-42.88169,-41.982449,-41.109917,-40.334732,-39.63867,-38.952134,-38.249276,-37.559075,-36.883019,-36.303401,-35.821083,-35.339647,-34.932139,-34.510804,-34.145705,-33.81789,-33.550894,-33.335018,-33.169857,-33.067786,-33.034073,-33.083982,-33.220989,-33.407829,-33.646366,-33.869736,-34.087281,-34.332847,-34.611321,-34.962589,-35.287945,-35.560265,-35.712498,-35.793534,-35.781544,-35.736107,-35.613419,-35.438022,-35.16951,-34.838406,-34.426839,-33.999152,-33.513216,-33.02039,-32.5039,-31.931964,-31.407261,-30.880007,-30.385739,-29.992162,-29.592031,-29.10272,-28.777815,-28.728686,-28.93969,-29.248241,NA,NA,NA,NA,NA,NA,NA,NA,NA,NA,NA,NA,NA,NA,NA,NA,NA,NA,NA,NA,NA,NA,NA,NA,NA,NA,NA,NA,NA,NA,NA,NA,NA,NA,NA,NA,NA,NA,NA,NA,NA,NA,NA,NA,NA,NA,NA,NA,NA,NA,NA,NA,NA,NA,NA,NA,NA,NA,NA,NA,NA,NA,NA,NA,NA,NA,NA,NA,NA,NA,NA,NA,NA,NA,NA,NA,NA,NA,NA,NA,NA,NA,NA,NA,NA,NA,NA,NA,NA,NA,NA,NA,NA,NA,NA,NA,NA,NA,NA,NA,NA,NA,NA,NA,NA,NA,NA,NA,NA,NA,NA,NA,NA,NA,NA,NA,NA,NA,NA,NA,NA,NA,NA,NA,NA,NA,NA,NA,NA,NA,NA,NA,NA,NA,NA,NA,NA,NA,NA,NA,NA,NA,NA,NA,NA,NA,NA,NA,NA,NA,NA,NA,NA,NA,NA,NA,NA,NA,NA,NA,NA,-41.278824,-41.345052,-41.358912,-41.252671,-41.046828,-41.096765,-41.223725,-41.115496,-41.203944,-41.450077,-41.738231,-42.214859,-42.422976,-42.453731,-42.462829,-42.428993,-42.468085,-42.381129,-41.99513,-41.441716,-40.784421,-40.267194,-39.971734,-39.921604,-40.076649,-40.356315,-40.645867,-40.824556,-40.899239,-40.709406,-40.441863,-40.053326,-39.634127,-39.384088,-39.212659,-39.314384,-39.585963,-39.957352,-40.448742,-41.097042,-41.72525,-42.499802,-43.158695,-43.737999,-44.401007,-45.02488,-45.707936,-46.192408,-46.305335,-46.058928,-45.562807,-45.02019,-44.613249,-44.222856,-43.85888,-43.535808,-42.993919,-42.444759,-41.890059,-41.290223,-40.822268,-40.440083,-40.264588,-40.690297,-41.447057,-42.431453,-43.412091,-43.724921,-43.80757,-44.123722,-44.592367,-45.264638,-45.992323,-46.513742,-46.72582,-46.818657,-47.104514,-48.007301,-49.347639,-50.648107,-51.330686,-51.132453,-50.154834,-48.711945,-47.78322,-47.388668,-47.533056,-47.724571,-46.956556,-46.003913,-45.036471,-44.307176,-44.244634,-44.672156,-45.806397,-46.730288,-46.565989,-46.712902,-47.418511,-48.359953,-49.801634,-51.622393,-54.385345,-57.861505,-56.659103,-52.547398,-50.477793,-51.615311,-55.30773,-61.12882,-57.825558,-52.236444,-49.079899,-47.725962,-47.474044,-48.883477,-51.244521,-53.214096,-53.075499,-52.556572,-52.601829,-52.199264,-52.112565,-52.641369,-54.152326,-56.443469,-56.915749,-55.315605,-53.909772,-54.725003,-59.196342,-57.208945,-49.59081,-45.386957,-43.364629,-43.188588,-44.382671,-46.050122,-46.650565,-45.154443,-43.459009,-42.509727,-42.311542,-42.666026,-43.273049,-43.642499,-43.25429,-42.565062,-41.818929,-40.951469,-40.537163,-40.554728,-40.700118,-40.838354,-40.053078,-38.806767,-37.696744,-36.780729,-36.282252,-36.068771,-36.016878,-36.294182,-36.138566,-35.808086,-35.056727,-34.253647,-33.722583,-33.269,-32.609877,-31.780142,-30.753329,-30.344398,-30.399002,-30.893468,-31.608872
